event_time_utc,customer_id,meter_id,address,postal_code,lat,lon,rate_class,medical_baseline,critical_facility,feeder_id,billed_kwh_last_month,account_status
2026-09-27T19:35:25.270736+00:00,CUST-00001,MTR-00001,8851 Cedar Rd,98606,47.60795,-123.64223,RES,False,False,FDR-001,979.3,active
2026-09-27T19:35:25.270736+00:00,CUST-00002,MTR-00002,7549 Harbor Way,98779,46.74301,-123.55978,COM,False,False,FDR-001,3821.1,active
2026-09-27T19:35:25.270736+00:00,CUST-00003,MTR-00003,5833 Pine St,98799,46.71763,-123.59811,RES,False,False,FDR-001,776.2,active
2026-09-27T19:35:25.270736+00:00,CUST-00004,MTR-00004,1974 River Ave,98476,46.09022,-123.59293,COM,False,False,FDR-001,3669.8,active
2026-09-27T19:35:25.270736+00:00,CUST-00005,MTR-00005,5196 Cedar St,98951,47.38121,-123.44352,COM,False,False,FDR-001,7444.5,active
2026-09-27T19:35:25.270736+00:00,CUST-00006,MTR-00006,4078 Cedar Way,98870,46.55111,-123.47024,RES,False,False,FDR-001,558.7,active
2026-09-27T19:35:25.270736+00:00,CUST-00007,MTR-00007,8389 Alder Way,98012,48.74184,-123.66084,COM,False,False,FDR-001,4998.6,active
2026-09-27T19:35:25.270736+00:00,CUST-00008,MTR-00008,2985 Alder Way,98630,46.76068,-124.16537,IND,False,False,FDR-001,21884.6,active
2026-09-27T19:35:25.270736+00:00,CUST-00009,MTR-00009,1519 Harbor Rd,98249,46.87355,-123.60912,IND,False,False,FDR-001,26047.3,active
2026-09-27T19:35:25.270736+00:00,CUST-00010,MTR-00010,4332 Harbor Way,98901,46.56436,-124.56556,IND,False,False,FDR-001,24545.4,active
2026-09-27T19:35:25.270736+00:00,CUST-00011,MTR-00011,4037 Alder Rd,98661,45.23654,-123.46232,COM,False,False,FDR-001,7040.5,active
2026-09-27T19:35:25.270736+00:00,CUST-00012,MTR-00012,7853 River Way,98435,45.53499,-124.33408,COM,False,False,FDR-001,4143.4,active
2026-09-27T19:35:25.270736+00:00,CUST-00013,MTR-00013,8879 Alder Ave,98196,46.83348,-124.23205,COM,False,False,FDR-001,7049.0,active
2026-09-27T19:35:25.270736+00:00,CUST-00014,MTR-00014,4953 Pine Way,98183,47.32251,-123.68775,RES,False,False,FDR-001,877.4,active
2026-09-27T19:35:25.270736+00:00,CUST-00015,MTR-00015,2168 Alder Rd,98105,47.12289,-124.27083,RES,False,True,FDR-001,1179.4,active
2026-09-27T19:35:25.270736+00:00,CUST-00016,MTR-00016,7927 Cedar St,98410,46.22362,-124.02554,IND,False,True,FDR-001,26361.5,active
2026-09-27T19:35:25.270736+00:00,CUST-00017,MTR-00017,2040 River Rd,98620,45.39299,-124.42096,RES,False,False,FDR-001,850.3,active
2026-09-27T19:35:25.270736+00:00,CUST-00018,MTR-00018,5103 River St,98624,47.08126,-124.05938,COM,False,False,FDR-001,8021.2,active
2026-09-27T19:35:25.270736+00:00,CUST-00019,MTR-00019,2664 Cedar Rd,98461,47.45185,-124.28242,COM,False,False,FDR-001,3679.1,active
2026-09-27T19:35:25.270736+00:00,CUST-00020,MTR-00020,4434 Alder Ave,98435,46.03331,-123.75165,COM,False,False,FDR-001,5178.2,active
2026-09-27T19:35:25.270736+00:00,CUST-00021,MTR-00021,9425 Harbor Rd,98127,48.47028,-123.60804,RES,False,False,FDR-001,457.1,active
2026-09-27T19:35:25.270736+00:00,CUST-00022,MTR-00022,7178 Alder Way,98618,48.59363,-123.99943,RES,False,False,FDR-001,795.0,active
2026-09-27T19:35:25.270736+00:00,CUST-00023,MTR-00023,4515 River St,98781,47.62747,-123.56738,RES,False,False,FDR-001,869.7,active
2026-09-27T19:35:25.270736+00:00,CUST-00024,MTR-00024,1594 Summit Way,98418,46.79203,-124.26621,IND,False,False,FDR-001,51641.0,active
2026-09-27T19:35:25.270736+00:00,CUST-00025,MTR-00025,9112 Cedar Rd,98090,45.77897,-124.10603,RES,False,False,FDR-001,796.4,active
2026-09-27T19:35:25.270736+00:00,CUST-00026,MTR-00026,7669 Summit St,98192,47.98117,-123.56211,RES,False,False,FDR-001,1059.9,active
2026-09-27T19:35:25.270736+00:00,CUST-00027,MTR-00027,7278 Alder Rd,98124,47.45147,-123.68801,COM,False,False,FDR-001,5844.5,active
2026-09-27T19:35:25.270736+00:00,CUST-00028,MTR-00028,1958 Summit St,98663,46.06147,-124.40995,RES,False,False,FDR-001,840.7,active
2026-09-27T19:35:25.270736+00:00,CUST-00029,MTR-00029,7583 River Ave,98392,46.2507,-123.75351,IND,False,False,FDR-001,36249.9,active
2026-09-27T19:35:25.270736+00:00,CUST-00030,MTR-00030,8418 Harbor St,98289,48.36557,-123.56317,RES,False,False,FDR-001,621.0,active
2026-09-27T19:35:25.270736+00:00,CUST-00031,MTR-00031,9142 River Rd,98466,48.79605,-124.01243,COM,False,False,FDR-001,5770.1,active
2026-09-27T19:35:25.270736+00:00,CUST-00032,MTR-00032,7849 Alder Rd,98395,46.0597,-124.14043,RES,False,False,FDR-001,1084.8,active
2026-09-27T19:35:25.270736+00:00,CUST-00033,MTR-00033,1744 Summit St,98538,45.74758,-123.44221,COM,False,False,FDR-001,8757.5,active
2026-09-27T19:35:25.270736+00:00,CUST-00034,MTR-00034,6612 Alder St,98872,48.33536,-123.43605,RES,False,False,FDR-001,459.9,active
2026-09-27T19:35:25.270736+00:00,CUST-00035,MTR-00035,688 River St,98240,46.56803,-124.22001,RES,False,False,FDR-001,975.0,active
2026-09-27T19:35:25.270736+00:00,CUST-00036,MTR-00036,1746 Summit Ave,98710,46.01895,-124.49154,COM,False,False,FDR-001,7322.6,active
2026-09-27T19:35:25.270736+00:00,CUST-00037,MTR-00037,9372 Alder Ave,98174,48.06612,-124.24796,RES,False,False,FDR-001,699.9,active
2026-09-27T19:35:25.270736+00:00,CUST-00038,MTR-00038,4261 Summit Way,98682,47.43096,-124.311,RES,False,False,FDR-001,1130.3,active
2026-09-27T19:35:25.270736+00:00,CUST-00039,MTR-00039,5001 Alder Rd,98706,46.23547,-123.94408,RES,False,False,FDR-001,459.1,active
2026-09-27T19:35:25.270736+00:00,CUST-00040,MTR-00040,4947 Alder Way,98022,48.79774,-123.576,RES,False,False,FDR-001,485.3,active
2026-09-27T19:35:25.270736+00:00,CUST-00041,MTR-00041,8238 Harbor Ave,98621,47.23734,-123.77704,IND,False,False,FDR-001,42288.3,active
2026-09-27T19:35:25.270736+00:00,CUST-00042,MTR-00042,1691 Alder St,98316,47.43521,-123.78668,IND,False,False,FDR-001,52725.2,active
2026-09-27T19:35:25.270736+00:00,CUST-00043,MTR-00043,2265 River Way,98543,47.8365,-124.49184,IND,False,False,FDR-001,22903.8,active
2026-09-27T19:35:25.270736+00:00,CUST-00044,MTR-00044,5649 Cedar Rd,98986,46.12509,-123.61037,COM,False,False,FDR-001,7645.4,active
2026-09-27T19:35:25.270736+00:00,CUST-00045,MTR-00045,6092 Cedar Rd,98014,48.29651,-123.73094,RES,False,False,FDR-001,1184.0,active
2026-09-27T19:35:25.270736+00:00,CUST-00046,MTR-00046,1875 Alder Ave,98482,47.62218,-123.79319,RES,False,False,FDR-001,867.6,active
2026-09-27T19:35:25.270736+00:00,CUST-00047,MTR-00047,5051 Alder Rd,98119,46.38082,-123.8679,RES,False,False,FDR-001,918.1,active
2026-09-27T19:35:25.270736+00:00,CUST-00048,MTR-00048,6178 Alder Rd,98601,48.78534,-124.46066,RES,False,False,FDR-001,587.8,active
2026-09-27T19:35:25.270736+00:00,CUST-00049,MTR-00049,6170 Pine Rd,98455,47.55772,-123.59957,COM,False,False,FDR-001,8573.4,active
2026-09-27T19:35:25.270736+00:00,CUST-00050,MTR-00050,3209 Cedar Rd,98093,47.66845,-123.94664,RES,False,False,FDR-001,1182.3,active
2026-09-27T19:35:25.270736+00:00,CUST-00051,MTR-00051,3462 Cedar Ave,98600,48.69594,-124.53931,COM,False,False,FDR-001,8921.7,active
2026-09-27T19:35:25.270736+00:00,CUST-00052,MTR-00052,2229 River Way,98817,47.98773,-123.65363,RES,False,False,FDR-001,876.8,active
2026-09-27T19:35:25.270736+00:00,CUST-00053,MTR-00053,4447 Cedar Ave,98759,45.67449,-124.17011,RES,False,False,FDR-001,1030.7,active
2026-09-27T19:35:25.270736+00:00,CUST-00054,MTR-00054,810 Alder Way,98469,46.91449,-123.66638,RES,False,False,FDR-001,810.6,active
2026-09-27T19:35:25.270736+00:00,CUST-00055,MTR-00055,1304 Cedar Way,98622,46.92433,-124.11806,COM,False,False,FDR-001,5431.9,active
2026-09-27T19:35:25.270736+00:00,CUST-00056,MTR-00056,7533 River Rd,98101,47.47908,-123.94197,RES,False,False,FDR-001,660.1,active
2026-09-27T19:35:25.270736+00:00,CUST-00057,MTR-00057,3843 Summit Way,98847,47.5433,-123.67724,IND,False,False,FDR-001,35320.0,active
2026-09-27T19:35:25.270736+00:00,CUST-00058,MTR-00058,7870 Cedar St,98851,46.32517,-124.22497,RES,False,False,FDR-001,603.9,active
2026-09-27T19:35:25.270736+00:00,CUST-00059,MTR-00059,5500 Alder St,98420,47.85967,-123.62588,RES,False,False,FDR-001,845.1,active
2026-09-27T19:35:25.270736+00:00,CUST-00060,MTR-00060,1797 River Ave,98158,46.72257,-123.50099,RES,False,False,FDR-001,441.2,active
2026-09-27T19:35:25.270736+00:00,CUST-00061,MTR-00061,7130 River St,98623,46.46041,-123.93248,COM,False,False,FDR-001,3950.0,active
2026-09-27T19:35:25.270736+00:00,CUST-00062,MTR-00062,2447 River Rd,98071,45.8495,-123.75676,COM,False,False,FDR-001,4378.8,active
2026-09-27T19:35:25.270736+00:00,CUST-00063,MTR-00063,5205 Alder Way,98795,45.53033,-123.96342,RES,False,False,FDR-001,701.0,active
2026-09-27T19:35:25.270736+00:00,CUST-00064,MTR-00064,7047 Summit Rd,98424,45.76009,-123.69468,COM,False,False,FDR-001,2571.1,active
2026-09-27T19:35:25.270736+00:00,CUST-00065,MTR-00065,5153 Cedar Ave,98404,46.44262,-124.46693,RES,False,False,FDR-001,942.6,active
2026-09-27T19:35:25.270736+00:00,CUST-00066,MTR-00066,8249 Alder Rd,98179,48.60317,-123.67918,COM,False,False,FDR-002,4026.1,active
2026-09-27T19:35:25.270736+00:00,CUST-00067,MTR-00067,793 Summit St,98470,47.00094,-123.59997,RES,False,False,FDR-002,1045.0,active
2026-09-27T19:35:25.270736+00:00,CUST-00068,MTR-00068,5421 Pine Rd,98851,47.26424,-123.7486,RES,False,False,FDR-002,734.2,active
2026-09-27T19:35:25.270736+00:00,CUST-00069,MTR-00069,5183 Alder Way,98226,48.24014,-124.30802,COM,False,False,FDR-002,5667.7,active
2026-09-27T19:35:25.270736+00:00,CUST-00070,MTR-00070,2519 Pine St,98149,47.47961,-123.96327,RES,False,False,FDR-002,555.1,active
2026-09-27T19:35:25.270736+00:00,CUST-00071,MTR-00071,9336 River Rd,98697,47.93678,-123.81339,RES,False,False,FDR-002,541.7,active
2026-09-27T19:35:25.270736+00:00,CUST-00072,MTR-00072,5061 Harbor St,98360,46.36355,-123.43483,COM,False,False,FDR-002,5078.3,active
2026-09-27T19:35:25.270736+00:00,CUST-00073,MTR-00073,1579 River Rd,98473,45.33539,-124.15751,COM,False,False,FDR-002,6512.7,active
2026-09-27T19:35:25.270736+00:00,CUST-00074,MTR-00074,7892 River Ave,98980,48.42516,-124.06032,COM,False,False,FDR-002,6562.9,active
2026-09-27T19:35:25.270736+00:00,CUST-00075,MTR-00075,7272 Summit Ave,98372,48.21456,-123.42114,RES,False,False,FDR-002,467.5,active
2026-09-27T19:35:25.270736+00:00,CUST-00076,MTR-00076,5501 Cedar Rd,98290,47.98807,-123.78532,RES,False,False,FDR-002,441.9,active
2026-09-27T19:35:25.270736+00:00,CUST-00077,MTR-00077,5831 Harbor Rd,98132,48.46283,-123.55206,RES,False,False,FDR-002,666.7,active
2026-09-27T19:35:25.270736+00:00,CUST-00078,MTR-00078,8724 Cedar Rd,98520,47.21212,-123.82781,COM,False,False,FDR-002,2894.6,active
2026-09-27T19:35:25.270736+00:00,CUST-00079,MTR-00079,2638 Cedar Way,98864,48.62421,-124.18992,RES,False,False,FDR-002,1012.9,active
2026-09-27T19:35:25.270736+00:00,CUST-00080,MTR-00080,2247 River Rd,98157,48.20643,-123.53958,IND,False,False,FDR-002,49483.8,active
2026-09-27T19:35:25.270736+00:00,CUST-00081,MTR-00081,3991 Summit Way,98770,47.44907,-123.51681,RES,False,False,FDR-002,976.9,active
2026-09-27T19:35:25.270736+00:00,CUST-00082,MTR-00082,9445 Summit Rd,98787,46.06101,-123.44128,COM,False,False,FDR-002,8327.8,active
2026-09-27T19:35:25.270736+00:00,CUST-00083,MTR-00083,954 Alder Rd,98895,46.70718,-124.40553,RES,False,False,FDR-002,559.8,active
2026-09-27T19:35:25.270736+00:00,CUST-00084,MTR-00084,8510 Pine Rd,98093,48.24521,-123.5786,RES,False,False,FDR-002,628.1,active
2026-09-27T19:35:25.270736+00:00,CUST-00085,MTR-00085,1437 Harbor Ave,98028,48.5497,-124.10212,RES,False,False,FDR-002,717.2,active
2026-09-27T19:35:25.270736+00:00,CUST-00086,MTR-00086,2373 Alder Rd,98459,47.53986,-123.65034,RES,False,False,FDR-002,510.1,active
2026-09-27T19:35:25.270736+00:00,CUST-00087,MTR-00087,8747 Summit St,98794,45.48521,-124.29289,COM,False,True,FDR-002,5841.6,active
2026-09-27T19:35:25.270736+00:00,CUST-00088,MTR-00088,8289 River St,98647,46.05838,-123.83326,RES,False,False,FDR-002,898.2,active
2026-09-27T19:35:25.270736+00:00,CUST-00089,MTR-00089,1502 River Way,98069,46.24858,-124.59812,COM,False,False,FDR-002,5994.6,active
2026-09-27T19:35:25.270736+00:00,CUST-00090,MTR-00090,6216 Harbor St,98365,47.02744,-124.5756,COM,False,False,FDR-002,2304.7,active
2026-09-27T19:35:25.270736+00:00,CUST-00091,MTR-00091,5872 River Way,98833,47.56558,-124.4756,IND,False,False,FDR-002,21003.4,active
2026-09-27T19:35:25.270736+00:00,CUST-00092,MTR-00092,7598 Cedar Way,98206,46.87264,-123.76553,COM,False,False,FDR-002,7680.5,active
2026-09-27T19:35:25.270736+00:00,CUST-00093,MTR-00093,699 Alder Ave,98292,46.33614,-124.22791,RES,False,False,FDR-002,718.6,active
2026-09-27T19:35:25.270736+00:00,CUST-00094,MTR-00094,7304 Summit Way,98997,47.56063,-124.27214,RES,False,False,FDR-002,1039.5,active
2026-09-27T19:35:25.270736+00:00,CUST-00095,MTR-00095,9970 Pine Way,98328,48.52752,-123.97687,RES,False,False,FDR-002,1040.9,active
2026-09-27T19:35:25.270736+00:00,CUST-00096,MTR-00096,793 Alder Way,98629,46.30339,-123.87685,RES,False,False,FDR-002,740.9,active
2026-09-27T19:35:25.270736+00:00,CUST-00097,MTR-00097,2721 Cedar Ave,98869,48.61246,-124.50995,RES,False,False,FDR-002,910.0,active
2026-09-27T19:35:25.270736+00:00,CUST-00098,MTR-00098,630 River Ave,98695,45.65443,-124.31681,COM,False,False,FDR-002,4535.1,active
2026-09-27T19:35:25.270736+00:00,CUST-00099,MTR-00099,4189 Cedar St,98753,47.9471,-123.91129,RES,False,False,FDR-002,823.6,active
2026-09-27T19:35:25.270736+00:00,CUST-00100,MTR-00100,4778 Alder Rd,98204,47.22202,-124.28587,RES,False,False,FDR-002,608.2,active
2026-09-27T19:35:25.270736+00:00,CUST-00101,MTR-00101,5336 Alder Way,98726,45.82156,-123.74396,RES,False,False,FDR-002,1197.8,active
2026-09-27T19:35:25.270736+00:00,CUST-00102,MTR-00102,6022 River Ave,98124,46.27984,-124.41099,RES,False,False,FDR-002,967.7,active
2026-09-27T19:35:25.270736+00:00,CUST-00103,MTR-00103,2226 River St,98067,46.97848,-124.16692,RES,False,False,FDR-002,857.8,active
2026-09-27T19:35:25.270736+00:00,CUST-00104,MTR-00104,5294 Alder St,98460,46.92319,-124.10705,RES,False,False,FDR-002,727.5,active
2026-09-27T19:35:25.270736+00:00,CUST-00105,MTR-00105,7188 River St,98851,48.36066,-123.66368,RES,False,False,FDR-002,911.8,active
2026-09-27T19:35:25.270736+00:00,CUST-00106,MTR-00106,4753 Cedar Way,98201,45.78308,-123.47831,RES,False,False,FDR-002,580.4,active
2026-09-27T19:35:25.270736+00:00,CUST-00107,MTR-00107,9613 Pine Ave,98674,47.45008,-123.86269,COM,False,False,FDR-002,6486.9,active
2026-09-27T19:35:25.270736+00:00,CUST-00108,MTR-00108,9549 Harbor Ave,98785,48.23311,-123.92366,COM,False,False,FDR-002,2198.6,active
2026-09-27T19:35:25.270736+00:00,CUST-00109,MTR-00109,6753 Harbor Rd,98074,46.99294,-123.8474,COM,False,False,FDR-002,8696.6,active
2026-09-27T19:35:25.270736+00:00,CUST-00110,MTR-00110,5758 Summit Ave,98778,46.9433,-124.35517,COM,False,False,FDR-002,4188.1,active
2026-09-27T19:35:25.270736+00:00,CUST-00111,MTR-00111,6393 River Rd,98254,46.07026,-124.45297,RES,False,False,FDR-002,759.7,active
2026-09-27T19:35:25.270736+00:00,CUST-00112,MTR-00112,7748 Summit Way,98509,48.56151,-123.73465,IND,False,False,FDR-002,59818.6,active
2026-09-27T19:35:25.270736+00:00,CUST-00113,MTR-00113,9889 Alder Rd,98292,46.84603,-124.31113,RES,False,False,FDR-002,866.7,active
2026-09-27T19:35:25.270736+00:00,CUST-00114,MTR-00114,841 Summit St,98583,45.58699,-124.43928,COM,False,True,FDR-002,4560.4,active
2026-09-27T19:35:25.270736+00:00,CUST-00115,MTR-00115,2046 Pine St,98403,45.46471,-123.99489,COM,False,False,FDR-002,3958.0,active
2026-09-27T19:35:25.270736+00:00,CUST-00116,MTR-00116,842 Cedar Ave,98730,48.58021,-123.69404,RES,False,False,FDR-002,559.2,active
2026-09-27T19:35:25.270736+00:00,CUST-00117,MTR-00117,6538 River Way,98607,45.73619,-123.52824,RES,False,False,FDR-002,511.8,active
2026-09-27T19:35:25.270736+00:00,CUST-00118,MTR-00118,1895 Summit Way,98815,46.96345,-123.92449,RES,False,False,FDR-002,779.9,active
2026-09-27T19:35:25.270736+00:00,CUST-00119,MTR-00119,3828 Alder St,98597,47.34887,-124.28136,COM,False,False,FDR-002,8804.4,active
2026-09-27T19:35:25.270736+00:00,CUST-00120,MTR-00120,1900 Pine St,98451,47.43105,-123.5906,RES,False,False,FDR-002,518.2,active
2026-09-27T19:35:25.270736+00:00,CUST-00121,MTR-00121,1120 Alder Ave,98531,45.93401,-123.99782,RES,False,False,FDR-002,889.2,active
2026-09-27T19:35:25.270736+00:00,CUST-00122,MTR-00122,9050 Harbor Way,98624,46.92214,-124.14781,RES,False,False,FDR-002,1165.3,active
2026-09-27T19:35:25.270736+00:00,CUST-00123,MTR-00123,3496 Alder Rd,98324,47.20911,-124.33016,RES,False,False,FDR-002,1178.3,active
2026-09-27T19:35:25.270736+00:00,CUST-00124,MTR-00124,6564 Harbor Ave,98297,48.06346,-124.27185,RES,False,False,FDR-002,497.5,active
2026-09-27T19:35:25.270736+00:00,CUST-00125,MTR-00125,8924 Harbor Way,98140,46.44691,-124.06915,RES,False,False,FDR-002,605.2,active
2026-09-27T19:35:25.270736+00:00,CUST-00126,MTR-00126,6871 Harbor Rd,98102,46.07285,-123.7962,RES,False,False,FDR-002,824.8,active
2026-09-27T19:35:25.270736+00:00,CUST-00127,MTR-00127,7922 Alder Ave,98774,47.18127,-123.48508,COM,True,False,FDR-002,8545.2,active
2026-09-27T19:35:25.270736+00:00,CUST-00128,MTR-00128,711 Pine Rd,98903,48.46857,-124.49265,RES,False,False,FDR-002,859.3,active
2026-09-27T19:35:25.270736+00:00,CUST-00129,MTR-00129,4842 Cedar St,98305,48.78982,-124.12361,IND,False,False,FDR-002,58295.9,active
2026-09-27T19:35:25.270736+00:00,CUST-00130,MTR-00130,2298 River Rd,98279,46.40615,-124.05478,COM,False,False,FDR-002,5670.2,active
2026-09-27T19:35:25.270736+00:00,CUST-00131,MTR-00131,4933 River Ave,98179,47.83203,-123.82206,RES,False,False,FDR-003,974.9,active
2026-09-27T19:35:25.270736+00:00,CUST-00132,MTR-00132,2403 Summit Way,98958,48.17716,-123.98166,COM,False,False,FDR-003,6684.8,active
2026-09-27T19:35:25.270736+00:00,CUST-00133,MTR-00133,9486 Cedar Way,98669,46.58087,-124.06392,RES,False,True,FDR-003,613.6,active
2026-09-27T19:35:25.270736+00:00,CUST-00134,MTR-00134,5195 Alder St,98654,45.62561,-124.23183,RES,False,False,FDR-003,724.3,active
2026-09-27T19:35:25.270736+00:00,CUST-00135,MTR-00135,9098 Summit Ave,98780,48.6465,-124.02618,RES,False,False,FDR-003,764.0,active
2026-09-27T19:35:25.270736+00:00,CUST-00136,MTR-00136,1938 Cedar Ave,98586,48.03453,-123.96939,RES,False,False,FDR-003,822.5,active
2026-09-27T19:35:25.270736+00:00,CUST-00137,MTR-00137,8461 Summit St,98464,47.07323,-124.46051,COM,False,False,FDR-003,6082.0,active
2026-09-27T19:35:25.270736+00:00,CUST-00138,MTR-00138,149 Alder Ave,98592,45.40785,-124.04515,RES,False,False,FDR-003,1045.5,active
2026-09-27T19:35:25.270736+00:00,CUST-00139,MTR-00139,619 Harbor Rd,98184,45.42954,-123.40705,RES,False,False,FDR-003,1147.7,active
2026-09-27T19:35:25.270736+00:00,CUST-00140,MTR-00140,6284 Summit St,98699,47.82544,-123.44346,IND,False,False,FDR-003,35184.2,active
2026-09-27T19:35:25.270736+00:00,CUST-00141,MTR-00141,3748 Cedar St,98305,48.29703,-124.45764,COM,False,False,FDR-003,4751.4,active
2026-09-27T19:35:25.270736+00:00,CUST-00142,MTR-00142,1948 Cedar Rd,98629,47.11496,-123.61197,RES,False,False,FDR-003,598.0,active
2026-09-27T19:35:25.270736+00:00,CUST-00143,MTR-00143,897 Pine St,98411,46.0664,-124.51925,IND,False,False,FDR-003,45241.1,active
2026-09-27T19:35:25.270736+00:00,CUST-00144,MTR-00144,9538 Harbor Way,98242,48.30943,-124.53227,RES,False,False,FDR-003,803.1,active
2026-09-27T19:35:25.270736+00:00,CUST-00145,MTR-00145,2969 Alder Rd,98569,47.0765,-124.10373,RES,False,False,FDR-003,620.1,active
2026-09-27T19:35:25.270736+00:00,CUST-00146,MTR-00146,5013 Summit Ave,98772,47.51594,-124.14261,RES,False,False,FDR-003,819.6,active
2026-09-27T19:35:25.270736+00:00,CUST-00147,MTR-00147,6924 River Ave,98397,46.28265,-123.75091,COM,False,False,FDR-003,8403.2,active
2026-09-27T19:35:25.270736+00:00,CUST-00148,MTR-00148,944 Harbor Rd,98689,45.48465,-124.06026,RES,False,False,FDR-003,696.9,active
2026-09-27T19:35:25.270736+00:00,CUST-00149,MTR-00149,5555 Harbor St,98216,45.87739,-123.68596,COM,False,False,FDR-003,5912.0,active
2026-09-27T19:35:25.270736+00:00,CUST-00150,MTR-00150,4021 River Way,98794,48.79846,-124.02529,RES,False,False,FDR-003,594.1,active
2026-09-27T19:35:25.270736+00:00,CUST-00151,MTR-00151,7792 Harbor Ave,98379,46.49333,-124.28613,RES,False,False,FDR-003,810.3,active
2026-09-27T19:35:25.270736+00:00,CUST-00152,MTR-00152,6941 Harbor Ave,98200,45.99659,-124.42489,RES,False,False,FDR-003,608.6,active
2026-09-27T19:35:25.270736+00:00,CUST-00153,MTR-00153,8105 Alder Rd,98471,46.08463,-123.93923,RES,False,False,FDR-003,1154.8,active
2026-09-27T19:35:25.270736+00:00,CUST-00154,MTR-00154,1062 River St,98859,45.70385,-123.94414,RES,False,False,FDR-003,547.2,active
2026-09-27T19:35:25.270736+00:00,CUST-00155,MTR-00155,2574 Cedar Ave,98517,45.37465,-124.59234,IND,False,False,FDR-003,18058.6,active
2026-09-27T19:35:25.270736+00:00,CUST-00156,MTR-00156,9138 Summit St,98017,47.60032,-123.86018,RES,False,False,FDR-003,786.6,active
2026-09-27T19:35:25.270736+00:00,CUST-00157,MTR-00157,3037 Cedar St,98536,46.23208,-123.99734,COM,False,False,FDR-003,5014.0,active
2026-09-27T19:35:25.270736+00:00,CUST-00158,MTR-00158,7620 River Ave,98713,46.10871,-124.17467,RES,False,False,FDR-003,1035.9,active
2026-09-27T19:35:25.270736+00:00,CUST-00159,MTR-00159,6279 River Rd,98057,45.49022,-123.40999,RES,False,False,FDR-003,919.9,active
2026-09-27T19:35:25.270736+00:00,CUST-00160,MTR-00160,1662 River St,98235,45.81698,-124.00017,COM,False,True,FDR-003,7490.6,active
2026-09-27T19:35:25.270736+00:00,CUST-00161,MTR-00161,8997 River St,98183,47.24042,-124.27469,RES,False,False,FDR-003,1139.3,active
2026-09-27T19:35:25.270736+00:00,CUST-00162,MTR-00162,2761 River Ave,98580,47.31333,-123.69729,IND,False,False,FDR-003,18462.2,active
2026-09-27T19:35:25.270736+00:00,CUST-00163,MTR-00163,1384 River Way,98054,47.14602,-124.13938,IND,False,False,FDR-003,46019.0,active
2026-09-27T19:35:25.270736+00:00,CUST-00164,MTR-00164,585 Alder Way,98802,46.42613,-123.67719,RES,False,False,FDR-003,1163.9,active
2026-09-27T19:35:25.270736+00:00,CUST-00165,MTR-00165,4939 Pine St,98084,48.58811,-124.08178,RES,False,False,FDR-003,943.8,active
2026-09-27T19:35:25.270736+00:00,CUST-00166,MTR-00166,5150 Summit Way,98779,47.48204,-123.71241,RES,False,False,FDR-003,653.3,active
2026-09-27T19:35:25.270736+00:00,CUST-00167,MTR-00167,9180 Cedar Way,98884,46.75153,-123.93162,RES,False,False,FDR-003,810.0,active
2026-09-27T19:35:25.270736+00:00,CUST-00168,MTR-00168,4077 River Ave,98701,46.68972,-123.665,RES,False,True,FDR-003,979.9,active
2026-09-27T19:35:25.270736+00:00,CUST-00169,MTR-00169,1360 Harbor Way,98966,46.16626,-124.42488,RES,False,False,FDR-003,533.8,active
2026-09-27T19:35:25.270736+00:00,CUST-00170,MTR-00170,6324 Harbor Rd,98342,47.42001,-124.05057,RES,False,False,FDR-003,508.4,active
2026-09-27T19:35:25.270736+00:00,CUST-00171,MTR-00171,5247 Pine Rd,98991,48.70721,-124.43665,RES,False,False,FDR-003,656.5,active
2026-09-27T19:35:25.270736+00:00,CUST-00172,MTR-00172,6537 Harbor St,98954,46.96763,-123.90894,RES,False,False,FDR-003,593.9,active
2026-09-27T19:35:25.270736+00:00,CUST-00173,MTR-00173,3534 Summit Way,98851,45.84774,-123.67886,COM,False,False,FDR-003,7090.5,active
2026-09-27T19:35:25.270736+00:00,CUST-00174,MTR-00174,2625 Alder Rd,98808,48.06216,-123.79243,COM,False,False,FDR-003,4119.8,active
2026-09-27T19:35:25.270736+00:00,CUST-00175,MTR-00175,9007 Cedar Way,98718,46.92524,-124.11903,RES,False,False,FDR-003,805.3,active
2026-09-27T19:35:25.270736+00:00,CUST-00176,MTR-00176,825 River Rd,98990,45.50593,-123.67726,IND,False,False,FDR-003,44115.0,active
2026-09-27T19:35:25.270736+00:00,CUST-00177,MTR-00177,9524 Pine Rd,98383,45.5814,-124.48167,IND,False,False,FDR-003,40109.7,active
2026-09-27T19:35:25.270736+00:00,CUST-00178,MTR-00178,1506 Cedar Ave,98356,47.68557,-124.41911,RES,False,False,FDR-003,1198.2,active
2026-09-27T19:35:25.270736+00:00,CUST-00179,MTR-00179,1200 Harbor St,98829,47.07601,-124.18204,RES,False,False,FDR-003,478.1,active
2026-09-27T19:35:25.270736+00:00,CUST-00180,MTR-00180,2958 River Ave,98338,47.53269,-123.78743,COM,False,False,FDR-003,8887.3,active
2026-09-27T19:35:25.270736+00:00,CUST-00181,MTR-00181,3332 Summit Rd,98398,48.07192,-123.84429,COM,False,False,FDR-003,6601.2,active
2026-09-27T19:35:25.270736+00:00,CUST-00182,MTR-00182,3163 Harbor Way,98201,47.90837,-123.62952,RES,False,False,FDR-003,450.1,active
2026-09-27T19:35:25.270736+00:00,CUST-00183,MTR-00183,1971 Harbor Way,98865,46.96214,-123.4409,RES,False,False,FDR-003,650.7,active
2026-09-27T19:35:25.270736+00:00,CUST-00184,MTR-00184,2031 Pine Way,98119,47.74156,-124.24307,RES,False,False,FDR-003,891.6,active
2026-09-27T19:35:25.270736+00:00,CUST-00185,MTR-00185,8904 Alder Ave,98568,46.59847,-123.88429,RES,False,False,FDR-003,859.8,active
2026-09-27T19:35:25.270736+00:00,CUST-00186,MTR-00186,2336 Pine Rd,98986,46.33249,-124.0588,RES,False,False,FDR-003,442.9,active
2026-09-27T19:35:25.270736+00:00,CUST-00187,MTR-00187,605 Pine Way,98033,47.66491,-124.10124,COM,False,False,FDR-003,5420.9,active
2026-09-27T19:35:25.270736+00:00,CUST-00188,MTR-00188,9483 Cedar Way,98793,48.01066,-123.92122,RES,False,False,FDR-003,1018.0,active
2026-09-27T19:35:25.270736+00:00,CUST-00189,MTR-00189,1777 Alder Ave,98304,48.1614,-124.55007,COM,False,False,FDR-003,5824.5,active
2026-09-27T19:35:25.270736+00:00,CUST-00190,MTR-00190,3982 Pine Way,98881,46.45488,-123.61993,IND,False,False,FDR-003,49903.4,active
2026-09-27T19:35:25.270736+00:00,CUST-00191,MTR-00191,8820 Harbor Ave,98331,47.41814,-123.65818,COM,False,False,FDR-003,7638.1,active
2026-09-27T19:35:25.270736+00:00,CUST-00192,MTR-00192,6843 Cedar Way,98887,48.62863,-123.9827,COM,False,False,FDR-003,7706.3,active
2026-09-27T19:35:25.270736+00:00,CUST-00193,MTR-00193,8119 Pine Way,98642,46.09884,-123.74633,COM,False,False,FDR-003,7330.3,active
2026-09-27T19:35:25.270736+00:00,CUST-00194,MTR-00194,6146 Summit Rd,98335,48.06056,-123.67734,RES,False,False,FDR-003,722.3,active
2026-09-27T19:35:25.270736+00:00,CUST-00195,MTR-00195,5969 Cedar Rd,98223,47.98689,-123.72073,COM,False,True,FDR-003,5209.1,active
2026-09-27T19:35:25.270736+00:00,CUST-00196,MTR-00196,5731 Alder St,98047,46.36231,-124.25969,RES,False,False,FDR-003,837.8,active
2026-09-27T19:35:25.270736+00:00,CUST-00197,MTR-00197,7109 Pine Ave,98903,45.25861,-123.48468,RES,False,False,FDR-003,526.4,active
2026-09-27T19:35:25.270736+00:00,CUST-00198,MTR-00198,2811 Cedar Rd,98640,48.35574,-124.48799,COM,False,False,FDR-003,2576.9,active
2026-09-27T19:35:25.270736+00:00,CUST-00199,MTR-00199,9826 Pine Rd,98009,46.74523,-124.49056,RES,False,False,FDR-003,476.1,active
2026-09-27T19:35:25.270736+00:00,CUST-00200,MTR-00200,1778 Cedar Way,98376,48.75736,-124.09322,RES,False,False,FDR-003,505.7,active
2026-09-27T19:35:25.270736+00:00,CUST-00201,MTR-00201,2788 Summit Way,98739,45.67933,-123.40847,RES,False,False,FDR-004,514.3,active
2026-09-27T19:35:25.270736+00:00,CUST-00202,MTR-00202,2117 River Rd,98359,46.68216,-123.77612,RES,False,False,FDR-004,1088.0,active
2026-09-27T19:35:25.270736+00:00,CUST-00203,MTR-00203,539 Alder Way,98210,46.19708,-124.4989,RES,False,False,FDR-004,842.7,active
2026-09-27T19:35:25.270736+00:00,CUST-00204,MTR-00204,6422 Cedar Ave,98511,46.6103,-123.8246,COM,False,False,FDR-004,7556.4,active
2026-09-27T19:35:25.270736+00:00,CUST-00205,MTR-00205,9412 Summit Way,98559,48.71971,-123.41574,COM,False,False,FDR-004,2923.9,active
2026-09-27T19:35:25.270736+00:00,CUST-00206,MTR-00206,1090 Summit Way,98643,48.75452,-124.51241,COM,False,False,FDR-004,2096.6,active
2026-09-27T19:35:25.270736+00:00,CUST-00207,MTR-00207,5177 Cedar Ave,98997,47.72652,-124.50109,COM,False,False,FDR-004,6312.3,active
2026-09-27T19:35:25.270736+00:00,CUST-00208,MTR-00208,7267 Alder Ave,98059,47.31117,-123.68413,IND,False,False,FDR-004,28957.6,active
2026-09-27T19:35:25.270736+00:00,CUST-00209,MTR-00209,2056 Cedar Ave,98718,46.83214,-123.8694,RES,False,False,FDR-004,647.4,active
2026-09-27T19:35:25.270736+00:00,CUST-00210,MTR-00210,4503 Alder St,98789,47.08282,-123.66042,RES,False,False,FDR-004,976.6,active
2026-09-27T19:35:25.270736+00:00,CUST-00211,MTR-00211,8468 Harbor St,98511,47.08588,-124.28446,RES,False,False,FDR-004,1180.0,active
2026-09-27T19:35:25.270736+00:00,CUST-00212,MTR-00212,8436 Cedar St,98879,46.11842,-124.47651,IND,False,False,FDR-004,25278.2,active
2026-09-27T19:35:25.270736+00:00,CUST-00213,MTR-00213,679 River Rd,98229,45.36553,-124.16323,IND,False,True,FDR-004,58215.4,active
2026-09-27T19:35:25.270736+00:00,CUST-00214,MTR-00214,962 Pine Ave,98823,46.35177,-123.6088,RES,False,False,FDR-004,857.2,active
2026-09-27T19:35:25.270736+00:00,CUST-00215,MTR-00215,9161 Summit St,98377,45.44814,-124.04189,COM,False,False,FDR-004,7913.9,active
2026-09-27T19:35:25.270736+00:00,CUST-00216,MTR-00216,3301 Alder Ave,98154,47.86247,-124.3089,RES,False,False,FDR-004,694.6,active
2026-09-27T19:35:25.270736+00:00,CUST-00217,MTR-00217,6264 Alder Way,98106,47.14956,-123.83687,RES,False,False,FDR-004,954.8,active
2026-09-27T19:35:25.270736+00:00,CUST-00218,MTR-00218,3892 River Rd,98717,46.9713,-124.52813,RES,False,False,FDR-004,1197.6,active
2026-09-27T19:35:25.270736+00:00,CUST-00219,MTR-00219,1120 Summit Ave,98242,47.29077,-123.99349,RES,False,False,FDR-004,909.8,active
2026-09-27T19:35:25.270736+00:00,CUST-00220,MTR-00220,1323 Pine Ave,98798,48.08294,-123.75913,RES,False,False,FDR-004,988.3,active
2026-09-27T19:35:25.270736+00:00,CUST-00221,MTR-00221,3501 Summit Way,98474,45.79175,-124.04073,IND,False,False,FDR-004,58408.6,active
2026-09-27T19:35:25.270736+00:00,CUST-00222,MTR-00222,5470 Pine St,98728,48.10735,-124.23494,RES,False,False,FDR-004,963.8,active
2026-09-27T19:35:25.270736+00:00,CUST-00223,MTR-00223,7508 River Ave,98096,45.37622,-124.24139,RES,False,False,FDR-004,1056.1,active
2026-09-27T19:35:25.270736+00:00,CUST-00224,MTR-00224,6663 Harbor St,98596,45.63723,-124.526,RES,False,False,FDR-004,1024.8,active
2026-09-27T19:35:25.270736+00:00,CUST-00225,MTR-00225,5532 Cedar St,98964,45.27848,-124.52263,COM,False,False,FDR-004,5104.0,active
2026-09-27T19:35:25.270736+00:00,CUST-00226,MTR-00226,5899 Pine Ave,98281,46.75936,-123.73068,RES,False,False,FDR-004,796.9,active
2026-09-27T19:35:25.270736+00:00,CUST-00227,MTR-00227,7948 Cedar St,98286,47.41078,-123.85963,RES,False,False,FDR-004,917.8,active
2026-09-27T19:35:25.270736+00:00,CUST-00228,MTR-00228,6366 Alder Way,98491,48.38475,-123.96902,RES,False,False,FDR-004,904.6,active
2026-09-27T19:35:25.270736+00:00,CUST-00229,MTR-00229,580 Harbor St,98828,47.23634,-124.21407,COM,False,False,FDR-004,2182.4,active
2026-09-27T19:35:25.270736+00:00,CUST-00230,MTR-00230,1016 Pine Rd,98363,48.79858,-123.43122,RES,False,False,FDR-004,480.1,active
2026-09-27T19:35:25.270736+00:00,CUST-00231,MTR-00231,5861 River Ave,98576,46.05158,-124.21839,IND,False,False,FDR-004,41620.3,active
2026-09-27T19:35:25.270736+00:00,CUST-00232,MTR-00232,9957 Pine St,98539,48.6934,-123.94945,RES,False,False,FDR-004,540.4,active
2026-09-27T19:35:25.270736+00:00,CUST-00233,MTR-00233,5401 Cedar St,98151,48.50443,-124.35824,RES,False,True,FDR-004,504.4,active
2026-09-27T19:35:25.270736+00:00,CUST-00234,MTR-00234,6581 River St,98344,45.59931,-123.96845,COM,False,False,FDR-004,2507.7,active
2026-09-27T19:35:25.270736+00:00,CUST-00235,MTR-00235,9307 Alder Way,98228,47.83647,-124.07576,RES,False,False,FDR-004,911.4,active
2026-09-27T19:35:25.270736+00:00,CUST-00236,MTR-00236,9485 Summit St,98186,46.30456,-123.7738,COM,False,False,FDR-004,7101.8,active
2026-09-27T19:35:25.270736+00:00,CUST-00237,MTR-00237,1374 Pine Way,98327,47.40097,-123.83242,COM,False,False,FDR-004,5473.3,active
2026-09-27T19:35:25.270736+00:00,CUST-00238,MTR-00238,3535 Pine St,98358,48.15798,-123.79597,RES,False,False,FDR-004,983.4,active
2026-09-27T19:35:25.270736+00:00,CUST-00239,MTR-00239,6304 Harbor Rd,98103,45.37333,-124.07414,RES,False,False,FDR-004,735.7,active
2026-09-27T19:35:25.270736+00:00,CUST-00240,MTR-00240,4931 Cedar Way,98267,47.54349,-123.77541,IND,False,False,FDR-004,53059.3,active
2026-09-27T19:35:25.270736+00:00,CUST-00241,MTR-00241,9832 River Rd,98721,46.55165,-123.72162,RES,False,False,FDR-004,837.6,active
2026-09-27T19:35:25.270736+00:00,CUST-00242,MTR-00242,6805 Alder Way,98676,47.38634,-124.07896,RES,False,False,FDR-004,442.8,active
2026-09-27T19:35:25.270736+00:00,CUST-00243,MTR-00243,1535 Harbor Rd,98204,46.61445,-123.9404,RES,False,False,FDR-004,792.8,active
2026-09-27T19:35:25.270736+00:00,CUST-00244,MTR-00244,8113 Alder Way,98093,46.25052,-124.50168,RES,False,False,FDR-004,1075.0,active
2026-09-27T19:35:25.270736+00:00,CUST-00245,MTR-00245,3806 Harbor St,98154,48.38777,-124.15672,COM,False,False,FDR-004,3843.1,active
2026-09-27T19:35:25.270736+00:00,CUST-00246,MTR-00246,1099 Summit Rd,98988,47.60531,-123.63018,IND,False,False,FDR-004,25238.1,active
2026-09-27T19:35:25.270736+00:00,CUST-00247,MTR-00247,668 River Ave,98123,47.26177,-124.31723,COM,False,False,FDR-004,4763.6,active
2026-09-27T19:35:25.270736+00:00,CUST-00248,MTR-00248,7233 Pine Ave,98854,45.80179,-124.34573,IND,False,False,FDR-004,18526.6,active
2026-09-27T19:35:25.270736+00:00,CUST-00249,MTR-00249,4625 River Rd,98939,48.49103,-124.51959,COM,False,False,FDR-004,4781.5,active
2026-09-27T19:35:25.270736+00:00,CUST-00250,MTR-00250,9383 River St,98947,47.72148,-123.89491,IND,False,True,FDR-004,21733.9,active
2026-09-27T19:35:25.270736+00:00,CUST-00251,MTR-00251,8055 River Rd,98038,46.22993,-123.95724,RES,False,False,FDR-004,675.1,active
2026-09-27T19:35:25.270736+00:00,CUST-00252,MTR-00252,3992 Cedar Rd,98942,47.39116,-123.76761,RES,False,False,FDR-004,431.0,active
2026-09-27T19:35:25.270736+00:00,CUST-00253,MTR-00253,1709 Pine Ave,98307,48.14259,-124.23633,RES,False,False,FDR-004,624.3,active
2026-09-27T19:35:25.270736+00:00,CUST-00254,MTR-00254,6771 Alder Rd,98777,46.16991,-124.09987,COM,False,False,FDR-004,3315.5,active
2026-09-27T19:35:25.270736+00:00,CUST-00255,MTR-00255,8689 River St,98177,47.05497,-124.40923,COM,False,False,FDR-004,5547.6,active
2026-09-27T19:35:25.270736+00:00,CUST-00256,MTR-00256,6135 Summit Rd,98650,45.40746,-124.56031,RES,False,False,FDR-004,440.4,active
2026-09-27T19:35:25.270736+00:00,CUST-00257,MTR-00257,5740 Pine Way,98766,46.95963,-124.06468,RES,False,False,FDR-004,1168.4,active
2026-09-27T19:35:25.270736+00:00,CUST-00258,MTR-00258,3788 Alder Ave,98275,46.59164,-124.40451,IND,False,False,FDR-004,53570.0,active
2026-09-27T19:35:25.270736+00:00,CUST-00259,MTR-00259,9949 Cedar Ave,98258,48.00909,-123.67891,COM,False,False,FDR-004,8380.6,active
2026-09-27T19:35:25.270736+00:00,CUST-00260,MTR-00260,4228 Pine Rd,98309,48.68129,-123.82871,COM,False,False,FDR-004,4635.3,active
2026-09-27T19:35:25.270736+00:00,CUST-00261,MTR-00261,9298 Alder Way,98305,47.30415,-124.59118,COM,False,False,FDR-004,8765.4,active
2026-09-27T19:35:25.270736+00:00,CUST-00262,MTR-00262,4995 Pine Ave,98529,48.7581,-123.83129,COM,False,False,FDR-004,3828.0,active
2026-09-27T19:35:25.270736+00:00,CUST-00263,MTR-00263,517 Alder Rd,98302,48.28634,-123.62797,IND,False,False,FDR-004,21296.8,active
2026-09-27T19:35:25.270736+00:00,CUST-00264,MTR-00264,3743 Alder Rd,98928,47.85224,-123.90037,RES,False,False,FDR-004,1195.8,active
2026-09-27T19:35:25.270736+00:00,CUST-00265,MTR-00265,4337 Alder Ave,98969,45.81195,-123.81086,COM,False,False,FDR-004,4056.5,active
2026-09-27T19:35:25.270736+00:00,CUST-00266,MTR-00266,6189 Harbor Way,98474,46.00011,-124.33201,COM,False,False,FDR-005,4943.3,active
2026-09-27T19:35:25.270736+00:00,CUST-00267,MTR-00267,2063 Alder Rd,98542,47.48383,-123.90362,IND,False,False,FDR-005,23754.5,active
2026-09-27T19:35:25.270736+00:00,CUST-00268,MTR-00268,7596 Pine Way,98883,45.7428,-123.40918,RES,False,False,FDR-005,674.1,active
2026-09-27T19:35:25.270736+00:00,CUST-00269,MTR-00269,3530 Pine Ave,98501,46.39747,-123.41603,COM,False,False,FDR-005,2406.1,active
2026-09-27T19:35:25.270736+00:00,CUST-00270,MTR-00270,718 River Ave,98748,47.41213,-123.83981,IND,False,False,FDR-005,32249.2,active
2026-09-27T19:35:25.270736+00:00,CUST-00271,MTR-00271,3807 Alder Way,98319,47.92465,-123.96276,RES,False,False,FDR-005,414.3,active
2026-09-27T19:35:25.270736+00:00,CUST-00272,MTR-00272,8624 River Way,98444,46.30201,-124.52166,RES,False,False,FDR-005,436.6,active
2026-09-27T19:35:25.270736+00:00,CUST-00273,MTR-00273,6709 Cedar Ave,98229,48.44498,-124.1689,COM,False,False,FDR-005,8636.6,active
2026-09-27T19:35:25.270736+00:00,CUST-00274,MTR-00274,6247 Alder Way,98789,45.27889,-123.99444,COM,False,False,FDR-005,6977.8,active
2026-09-27T19:35:25.270736+00:00,CUST-00275,MTR-00275,7379 Summit St,98560,45.37266,-124.47026,COM,False,False,FDR-005,2337.6,active
2026-09-27T19:35:25.270736+00:00,CUST-00276,MTR-00276,4523 River Ave,98428,47.70269,-123.84363,RES,False,False,FDR-005,640.9,active
2026-09-27T19:35:25.270736+00:00,CUST-00277,MTR-00277,4408 River Ave,98366,47.42371,-124.26075,IND,False,False,FDR-005,42405.1,active
2026-09-27T19:35:25.270736+00:00,CUST-00278,MTR-00278,308 Alder St,98928,47.1733,-123.50757,COM,False,False,FDR-005,5364.6,active
2026-09-27T19:35:25.270736+00:00,CUST-00279,MTR-00279,4292 Alder Ave,98467,45.73692,-124.4919,RES,False,False,FDR-005,809.4,active
2026-09-27T19:35:25.270736+00:00,CUST-00280,MTR-00280,7079 Alder St,98097,48.12744,-123.55103,RES,False,False,FDR-005,1081.8,active
2026-09-27T19:35:25.270736+00:00,CUST-00281,MTR-00281,4495 Alder St,98381,48.2672,-123.80397,IND,False,False,FDR-005,34697.2,active
2026-09-27T19:35:25.270736+00:00,CUST-00282,MTR-00282,7009 Alder Ave,98115,46.6409,-124.05215,IND,False,False,FDR-005,36521.0,active
2026-09-27T19:35:25.270736+00:00,CUST-00283,MTR-00283,7278 Pine Rd,98797,48.59288,-124.40873,RES,False,False,FDR-005,732.8,active
2026-09-27T19:35:25.270736+00:00,CUST-00284,MTR-00284,6838 Summit St,98064,48.36782,-123.72727,RES,False,False,FDR-005,1113.4,active
2026-09-27T19:35:25.270736+00:00,CUST-00285,MTR-00285,5642 River St,98443,48.326,-123.97022,RES,True,False,FDR-005,994.9,active
2026-09-27T19:35:25.270736+00:00,CUST-00286,MTR-00286,994 Cedar Ave,98517,47.58936,-123.83031,COM,False,False,FDR-005,7785.1,active
2026-09-27T19:35:25.270736+00:00,CUST-00287,MTR-00287,8405 Pine Rd,98412,45.79545,-123.69828,IND,False,False,FDR-005,27517.1,active
2026-09-27T19:35:25.270736+00:00,CUST-00288,MTR-00288,8248 Alder St,98105,48.08454,-124.06228,IND,False,False,FDR-005,20341.8,active
2026-09-27T19:35:25.270736+00:00,CUST-00289,MTR-00289,8428 River Ave,98670,45.20061,-124.49093,RES,False,False,FDR-005,883.4,active
2026-09-27T19:35:25.270736+00:00,CUST-00290,MTR-00290,9929 Summit Way,98733,48.17112,-123.62009,COM,False,False,FDR-005,4323.8,active
2026-09-27T19:35:25.270736+00:00,CUST-00291,MTR-00291,8652 Harbor St,98046,45.99829,-124.19037,RES,False,False,FDR-005,1063.9,active
2026-09-27T19:35:25.270736+00:00,CUST-00292,MTR-00292,6537 Pine Rd,98844,47.87304,-124.10895,RES,False,False,FDR-005,603.4,active
2026-09-27T19:35:25.270736+00:00,CUST-00293,MTR-00293,7481 Summit Ave,98986,47.92574,-124.5442,IND,False,False,FDR-005,20544.9,active
2026-09-27T19:35:25.270736+00:00,CUST-00294,MTR-00294,3003 Alder Ave,98748,47.85037,-123.93613,RES,False,True,FDR-005,746.2,active
2026-09-27T19:35:25.270736+00:00,CUST-00295,MTR-00295,4167 Harbor Rd,98986,47.36197,-123.54076,IND,False,False,FDR-005,59077.5,active
2026-09-27T19:35:25.270736+00:00,CUST-00296,MTR-00296,9075 Harbor Ave,98205,45.68014,-124.10471,RES,False,False,FDR-005,960.0,active
2026-09-27T19:35:25.270736+00:00,CUST-00297,MTR-00297,8355 River Way,98727,46.44306,-123.79315,RES,False,False,FDR-005,1185.1,active
2026-09-27T19:35:25.270736+00:00,CUST-00298,MTR-00298,8847 Harbor Rd,98827,47.2981,-123.46879,RES,False,False,FDR-005,968.1,active
2026-09-27T19:35:25.270736+00:00,CUST-00299,MTR-00299,4795 Alder Way,98149,45.72318,-123.79569,RES,False,False,FDR-005,559.9,active
2026-09-27T19:35:25.270736+00:00,CUST-00300,MTR-00300,9305 Pine Rd,98243,45.9344,-123.95059,IND,False,False,FDR-005,42724.9,active
2026-09-27T19:35:25.270736+00:00,CUST-00301,MTR-00301,5222 River St,98013,46.2355,-123.80261,COM,False,False,FDR-005,4712.9,active
2026-09-27T19:35:25.270736+00:00,CUST-00302,MTR-00302,6125 River Ave,98794,48.01133,-123.55586,COM,False,False,FDR-005,8380.4,active
2026-09-27T19:35:25.270736+00:00,CUST-00303,MTR-00303,6280 Cedar Rd,98285,45.83873,-123.78081,COM,False,False,FDR-005,3216.6,active
2026-09-27T19:35:25.270736+00:00,CUST-00304,MTR-00304,5385 River St,98792,48.24565,-124.59323,COM,False,False,FDR-005,8562.5,active
2026-09-27T19:35:25.270736+00:00,CUST-00305,MTR-00305,3703 Pine St,98805,46.96598,-123.91279,COM,False,False,FDR-005,7488.2,active
2026-09-27T19:35:25.270736+00:00,CUST-00306,MTR-00306,4909 Pine Rd,98574,46.6523,-124.18072,COM,False,False,FDR-005,6643.3,active
2026-09-27T19:35:25.270736+00:00,CUST-00307,MTR-00307,4094 Cedar Way,98390,45.613,-124.18479,IND,False,False,FDR-005,56337.3,active
2026-09-27T19:35:25.270736+00:00,CUST-00308,MTR-00308,8435 Summit Rd,98044,47.14485,-124.26061,IND,False,False,FDR-005,31873.1,active
2026-09-27T19:35:25.270736+00:00,CUST-00309,MTR-00309,220 Alder St,98215,47.05002,-123.46215,RES,False,False,FDR-005,533.9,active
2026-09-27T19:35:25.270736+00:00,CUST-00310,MTR-00310,7230 Alder St,98764,47.66746,-123.5972,COM,False,False,FDR-005,7801.2,active
2026-09-27T19:35:25.270736+00:00,CUST-00311,MTR-00311,9520 Pine Way,98417,46.39418,-124.49497,COM,False,False,FDR-005,7559.5,active
2026-09-27T19:35:25.270736+00:00,CUST-00312,MTR-00312,1136 Alder St,98717,46.33906,-124.1326,RES,False,False,FDR-005,494.6,active
2026-09-27T19:35:25.270736+00:00,CUST-00313,MTR-00313,7270 Summit Rd,98841,45.58209,-123.65573,IND,False,False,FDR-005,49437.3,active
2026-09-27T19:35:25.270736+00:00,CUST-00314,MTR-00314,2460 Harbor Way,98980,45.99152,-123.7039,COM,False,False,FDR-005,7946.3,active
2026-09-27T19:35:25.270736+00:00,CUST-00315,MTR-00315,5092 Pine Way,98216,45.64365,-124.59396,RES,False,False,FDR-005,877.3,active
2026-09-27T19:35:25.270736+00:00,CUST-00316,MTR-00316,9394 Cedar Rd,98660,45.71284,-124.37921,RES,False,False,FDR-005,893.5,active
2026-09-27T19:35:25.270736+00:00,CUST-00317,MTR-00317,3942 Cedar Way,98634,46.10248,-124.3631,COM,False,False,FDR-005,8660.8,active
2026-09-27T19:35:25.270736+00:00,CUST-00318,MTR-00318,6071 Harbor Rd,98172,46.82233,-123.86039,RES,False,False,FDR-005,644.5,active
2026-09-27T19:35:25.270736+00:00,CUST-00319,MTR-00319,5532 Summit Rd,98456,47.76392,-123.83099,RES,False,False,FDR-005,621.3,active
2026-09-27T19:35:25.270736+00:00,CUST-00320,MTR-00320,8924 Pine Way,98751,45.5918,-123.82534,RES,False,False,FDR-005,465.6,active
2026-09-27T19:35:25.270736+00:00,CUST-00321,MTR-00321,9767 Pine St,98564,45.26707,-123.99139,COM,False,False,FDR-005,6073.2,active
2026-09-27T19:35:25.270736+00:00,CUST-00322,MTR-00322,4867 Pine Rd,98513,46.89957,-123.66976,RES,False,False,FDR-005,692.7,active
2026-09-27T19:35:25.270736+00:00,CUST-00323,MTR-00323,8523 Pine Rd,98163,45.23813,-124.31334,COM,False,False,FDR-005,8873.0,active
2026-09-27T19:35:25.270736+00:00,CUST-00324,MTR-00324,8089 Pine St,98270,48.3399,-124.42456,RES,False,False,FDR-005,985.6,active
2026-09-27T19:35:25.270736+00:00,CUST-00325,MTR-00325,753 Alder Way,98105,47.06439,-123.65025,RES,False,False,FDR-005,710.5,active
2026-09-27T19:35:25.270736+00:00,CUST-00326,MTR-00326,6301 Harbor St,98529,46.18458,-123.70971,COM,False,False,FDR-005,5991.1,active
2026-09-27T19:35:25.270736+00:00,CUST-00327,MTR-00327,9999 Cedar Ave,98450,47.05894,-124.17652,RES,False,False,FDR-005,1094.2,active
2026-09-27T19:35:25.270736+00:00,CUST-00328,MTR-00328,3873 Summit Way,98737,46.21091,-124.41971,RES,False,False,FDR-005,525.9,active
2026-09-27T19:35:25.270736+00:00,CUST-00329,MTR-00329,9496 River Ave,98137,45.95853,-124.4065,RES,False,False,FDR-005,1066.7,active
2026-09-27T19:35:25.270736+00:00,CUST-00330,MTR-00330,9334 Alder St,98899,45.72871,-124.40039,COM,False,False,FDR-005,5616.5,active
2026-09-27T19:35:25.270736+00:00,CUST-00331,MTR-00331,3694 Summit Ave,98813,48.61011,-124.34009,COM,False,False,FDR-005,5299.9,active
2026-09-27T19:35:25.270736+00:00,CUST-00332,MTR-00332,9776 Cedar Ave,98387,47.57474,-124.28258,COM,False,False,FDR-005,4398.7,active
2026-09-27T19:35:25.270736+00:00,CUST-00333,MTR-00333,3006 Summit St,98898,47.08176,-123.50879,RES,True,False,FDR-005,947.5,active
2026-09-27T19:35:25.270736+00:00,CUST-00334,MTR-00334,7169 River Rd,98379,45.53548,-123.80873,IND,False,False,FDR-005,15054.0,active
2026-09-27T19:35:25.270736+00:00,CUST-00335,MTR-00335,9539 Cedar Rd,98137,46.02615,-123.63724,IND,False,False,FDR-005,41507.2,active
2026-09-27T19:35:25.270736+00:00,CUST-00336,MTR-00336,216 River St,98532,48.29259,-124.26008,RES,False,False,FDR-006,1101.4,active
2026-09-27T19:35:25.270736+00:00,CUST-00337,MTR-00337,4381 River Rd,98578,48.09543,-124.10939,RES,False,False,FDR-006,485.3,active
2026-09-27T19:35:25.270736+00:00,CUST-00338,MTR-00338,9260 River Rd,98259,46.63083,-124.35557,RES,False,False,FDR-006,841.7,active
2026-09-27T19:35:25.270736+00:00,CUST-00339,MTR-00339,2750 Cedar Ave,98520,46.63327,-124.43432,RES,False,False,FDR-006,1091.1,active
2026-09-27T19:35:25.270736+00:00,CUST-00340,MTR-00340,1592 Pine Rd,98948,47.41049,-123.77852,RES,False,False,FDR-006,441.6,active
2026-09-27T19:35:25.270736+00:00,CUST-00341,MTR-00341,8636 Harbor St,98968,45.99837,-124.50395,COM,False,False,FDR-006,4690.3,active
2026-09-27T19:35:25.270736+00:00,CUST-00342,MTR-00342,650 River Ave,98629,46.7803,-124.35795,IND,False,False,FDR-006,27870.3,active
2026-09-27T19:35:25.270736+00:00,CUST-00343,MTR-00343,6574 Summit Ave,98530,47.55807,-123.42922,RES,False,False,FDR-006,469.5,active
2026-09-27T19:35:25.270736+00:00,CUST-00344,MTR-00344,4630 Pine Ave,98465,45.5246,-124.25861,RES,False,False,FDR-006,1063.8,active
2026-09-27T19:35:25.270736+00:00,CUST-00345,MTR-00345,8509 Harbor Way,98710,46.66568,-124.47224,RES,False,False,FDR-006,457.9,active
2026-09-27T19:35:25.270736+00:00,CUST-00346,MTR-00346,9714 Cedar Rd,98119,47.97188,-123.69103,RES,False,False,FDR-006,1169.0,active
2026-09-27T19:35:25.270736+00:00,CUST-00347,MTR-00347,8562 River St,98717,48.77911,-123.7877,RES,False,False,FDR-006,583.9,active
2026-09-27T19:35:25.270736+00:00,CUST-00348,MTR-00348,5242 Harbor Ave,98915,46.63615,-123.70145,IND,False,False,FDR-006,23031.9,active
2026-09-27T19:35:25.270736+00:00,CUST-00349,MTR-00349,4448 Pine Ave,98207,47.65919,-123.50809,COM,False,False,FDR-006,3397.7,active
2026-09-27T19:35:25.270736+00:00,CUST-00350,MTR-00350,208 River St,98868,45.76158,-124.47197,IND,False,False,FDR-006,44854.1,active
2026-09-27T19:35:25.270736+00:00,CUST-00351,MTR-00351,8474 Harbor Rd,98227,48.43324,-123.54282,RES,False,False,FDR-006,859.6,active
2026-09-27T19:35:25.270736+00:00,CUST-00352,MTR-00352,2963 Summit St,98715,48.07737,-124.02602,IND,False,False,FDR-006,32717.3,active
2026-09-27T19:35:25.270736+00:00,CUST-00353,MTR-00353,4354 Pine Way,98242,45.24255,-124.3471,COM,False,False,FDR-006,4278.1,active
2026-09-27T19:35:25.270736+00:00,CUST-00354,MTR-00354,6663 Harbor Rd,98184,46.51733,-124.00148,RES,False,False,FDR-006,568.4,active
2026-09-27T19:35:25.270736+00:00,CUST-00355,MTR-00355,6340 Pine Ave,98819,46.02284,-124.48016,COM,False,False,FDR-006,3650.6,active
2026-09-27T19:35:25.270736+00:00,CUST-00356,MTR-00356,5272 Summit Way,98256,45.83579,-124.00048,COM,False,False,FDR-006,7945.7,active
2026-09-27T19:35:25.270736+00:00,CUST-00357,MTR-00357,1677 Summit Way,98266,45.55631,-124.40399,COM,False,False,FDR-006,3780.0,active
2026-09-27T19:35:25.270736+00:00,CUST-00358,MTR-00358,3359 River Ave,98799,48.11606,-124.18703,RES,False,False,FDR-006,729.4,active
2026-09-27T19:35:25.270736+00:00,CUST-00359,MTR-00359,2473 Pine Way,98431,46.95498,-123.71617,RES,False,False,FDR-006,1111.7,active
2026-09-27T19:35:25.270736+00:00,CUST-00360,MTR-00360,4482 River Rd,98277,48.46546,-124.50507,COM,False,False,FDR-006,4194.4,active
2026-09-27T19:35:25.270736+00:00,CUST-00361,MTR-00361,2148 Alder Ave,98677,47.89242,-123.97488,RES,False,False,FDR-006,760.2,active
2026-09-27T19:35:25.270736+00:00,CUST-00362,MTR-00362,9085 Cedar St,98789,45.48823,-124.39971,RES,False,False,FDR-006,482.4,active
2026-09-27T19:35:25.270736+00:00,CUST-00363,MTR-00363,3857 Pine Way,98453,45.57414,-123.85828,RES,False,False,FDR-006,467.4,active
2026-09-27T19:35:25.270736+00:00,CUST-00364,MTR-00364,7754 River Way,98561,45.81419,-124.55781,COM,False,False,FDR-006,8406.9,active
2026-09-27T19:35:25.270736+00:00,CUST-00365,MTR-00365,7226 River Way,98930,47.14144,-123.891,RES,False,False,FDR-006,765.2,active
2026-09-27T19:35:25.270736+00:00,CUST-00366,MTR-00366,8674 Pine Way,98293,45.52239,-124.23056,RES,False,False,FDR-006,729.8,active
2026-09-27T19:35:25.270736+00:00,CUST-00367,MTR-00367,9881 Pine St,98561,46.97095,-123.69343,RES,False,False,FDR-006,639.7,active
2026-09-27T19:35:25.270736+00:00,CUST-00368,MTR-00368,3714 Harbor St,98432,46.77358,-124.30012,RES,False,False,FDR-006,972.0,active
2026-09-27T19:35:25.270736+00:00,CUST-00369,MTR-00369,4504 Summit Ave,98873,48.47584,-123.63091,COM,False,False,FDR-006,3992.7,active
2026-09-27T19:35:25.270736+00:00,CUST-00370,MTR-00370,417 Pine St,98992,47.49281,-123.85872,RES,False,False,FDR-006,617.7,active
2026-09-27T19:35:25.270736+00:00,CUST-00371,MTR-00371,341 Summit Ave,98350,46.21561,-124.44995,COM,False,False,FDR-006,2057.4,active
2026-09-27T19:35:25.270736+00:00,CUST-00372,MTR-00372,2493 Cedar Way,98794,48.79267,-124.04358,RES,False,False,FDR-006,1033.1,active
2026-09-27T19:35:25.270736+00:00,CUST-00373,MTR-00373,4178 Summit Rd,98253,45.89189,-123.59015,RES,False,False,FDR-006,1053.8,active
2026-09-27T19:35:25.270736+00:00,CUST-00374,MTR-00374,5213 Harbor Ave,98644,47.84716,-124.48725,COM,False,False,FDR-006,3459.1,active
2026-09-27T19:35:25.270736+00:00,CUST-00375,MTR-00375,3668 Cedar Ave,98648,47.07533,-124.29602,COM,False,False,FDR-006,3391.1,active
2026-09-27T19:35:25.270736+00:00,CUST-00376,MTR-00376,7886 Alder Ave,98380,46.19396,-124.45642,RES,False,False,FDR-006,1031.3,active
2026-09-27T19:35:25.270736+00:00,CUST-00377,MTR-00377,1079 Harbor Ave,98718,45.52905,-123.85763,IND,False,False,FDR-006,43131.0,active
2026-09-27T19:35:25.270736+00:00,CUST-00378,MTR-00378,7287 Alder Ave,98021,46.03763,-123.42199,COM,False,False,FDR-006,7296.9,active
2026-09-27T19:35:25.270736+00:00,CUST-00379,MTR-00379,8129 Pine Ave,98556,46.10251,-124.55261,COM,False,False,FDR-006,5913.2,active
2026-09-27T19:35:25.270736+00:00,CUST-00380,MTR-00380,7462 Harbor Way,98554,48.32358,-123.88158,RES,False,False,FDR-006,1088.4,active
2026-09-27T19:35:25.270736+00:00,CUST-00381,MTR-00381,4012 Harbor St,98674,47.02145,-123.71961,RES,False,False,FDR-006,1106.3,active
2026-09-27T19:35:25.270736+00:00,CUST-00382,MTR-00382,5376 Cedar St,98535,47.65961,-123.68112,COM,False,False,FDR-006,3981.9,active
2026-09-27T19:35:25.270736+00:00,CUST-00383,MTR-00383,9455 Alder Rd,98673,45.66719,-123.55181,COM,False,False,FDR-006,5397.6,active
2026-09-27T19:35:25.270736+00:00,CUST-00384,MTR-00384,3519 Alder Rd,98950,46.12138,-124.16038,RES,False,False,FDR-006,884.8,active
2026-09-27T19:35:25.270736+00:00,CUST-00385,MTR-00385,1055 River Way,98541,45.41852,-123.93038,IND,False,False,FDR-006,31608.1,active
2026-09-27T19:35:25.270736+00:00,CUST-00386,MTR-00386,6413 Pine Ave,98538,45.48057,-124.34092,RES,False,False,FDR-006,815.6,active
2026-09-27T19:35:25.270736+00:00,CUST-00387,MTR-00387,5964 Alder Rd,98719,45.84403,-123.70097,COM,False,False,FDR-006,2738.6,active
2026-09-27T19:35:25.270736+00:00,CUST-00388,MTR-00388,9929 Summit Way,98924,48.05286,-123.94004,COM,False,False,FDR-006,6602.7,active
2026-09-27T19:35:25.270736+00:00,CUST-00389,MTR-00389,4043 River Ave,98384,48.24147,-124.10519,RES,False,False,FDR-006,906.6,active
2026-09-27T19:35:25.270736+00:00,CUST-00390,MTR-00390,4760 River St,98530,46.49603,-124.05712,IND,False,False,FDR-006,16559.8,active
2026-09-27T19:35:25.270736+00:00,CUST-00391,MTR-00391,4621 River Ave,98096,46.2812,-124.33374,RES,False,False,FDR-006,1084.6,active
2026-09-27T19:35:25.270736+00:00,CUST-00392,MTR-00392,9446 Summit Ave,98751,46.15396,-123.53245,RES,False,False,FDR-006,599.9,active
2026-09-27T19:35:25.270736+00:00,CUST-00393,MTR-00393,9852 Alder Way,98038,45.82245,-123.60915,RES,False,False,FDR-006,951.7,active
2026-09-27T19:35:25.270736+00:00,CUST-00394,MTR-00394,2074 Pine St,98649,48.00844,-123.49375,COM,False,False,FDR-006,8158.5,active
2026-09-27T19:35:25.270736+00:00,CUST-00395,MTR-00395,2609 Cedar Rd,98994,47.08778,-124.21682,IND,False,False,FDR-006,46399.6,active
2026-09-27T19:35:25.270736+00:00,CUST-00396,MTR-00396,7896 River St,98561,45.5243,-124.08168,RES,False,False,FDR-006,1029.1,active
2026-09-27T19:35:25.270736+00:00,CUST-00397,MTR-00397,6576 Alder Ave,98574,46.76417,-123.76256,RES,False,False,FDR-006,1009.6,active
2026-09-27T19:35:25.270736+00:00,CUST-00398,MTR-00398,1943 Alder Rd,98433,46.07233,-124.28049,COM,False,False,FDR-006,6793.2,active
2026-09-27T19:35:25.270736+00:00,CUST-00399,MTR-00399,7345 River Ave,98451,47.33796,-124.57095,RES,False,False,FDR-006,643.9,active
2026-09-27T19:35:25.270736+00:00,CUST-00400,MTR-00400,4082 River Ave,98889,47.66729,-124.41281,RES,False,False,FDR-006,982.8,active
2026-09-27T19:35:25.270736+00:00,CUST-00401,MTR-00401,8673 Harbor Rd,98637,46.82022,-124.5727,RES,False,False,FDR-007,567.2,active
2026-09-27T19:35:25.270736+00:00,CUST-00402,MTR-00402,1084 Harbor Ave,98808,47.60574,-124.14807,COM,False,False,FDR-007,5687.6,active
2026-09-27T19:35:25.270736+00:00,CUST-00403,MTR-00403,6001 Cedar St,98299,47.55713,-124.59,COM,False,False,FDR-007,3899.2,active
2026-09-27T19:35:25.270736+00:00,CUST-00404,MTR-00404,9882 River St,98190,48.72725,-123.98975,IND,False,False,FDR-007,36809.8,active
2026-09-27T19:35:25.270736+00:00,CUST-00405,MTR-00405,6545 Alder Ave,98018,48.53486,-124.57421,RES,False,False,FDR-007,597.9,active
2026-09-27T19:35:25.270736+00:00,CUST-00406,MTR-00406,4321 Summit St,98966,46.28837,-123.40481,RES,False,False,FDR-007,1182.9,active
2026-09-27T19:35:25.270736+00:00,CUST-00407,MTR-00407,3826 Summit Ave,98586,46.43043,-124.12858,COM,False,False,FDR-007,7109.2,active
2026-09-27T19:35:25.270736+00:00,CUST-00408,MTR-00408,3414 Pine Way,98705,47.37933,-124.061,RES,False,False,FDR-007,505.4,active
2026-09-27T19:35:25.270736+00:00,CUST-00409,MTR-00409,2689 Harbor St,98570,46.74823,-123.5092,COM,False,False,FDR-007,6593.6,active
2026-09-27T19:35:25.270736+00:00,CUST-00410,MTR-00410,6883 Summit Way,98453,46.34335,-123.54443,COM,False,False,FDR-007,7358.0,active
2026-09-27T19:35:25.270736+00:00,CUST-00411,MTR-00411,4472 River Ave,98610,48.5597,-124.27144,COM,False,False,FDR-007,2747.4,active
2026-09-27T19:35:25.270736+00:00,CUST-00412,MTR-00412,6226 Pine Rd,98503,45.48611,-123.66421,RES,False,False,FDR-007,507.3,active
2026-09-27T19:35:25.270736+00:00,CUST-00413,MTR-00413,3423 Pine St,98181,45.31603,-123.68255,RES,False,False,FDR-007,412.0,active
2026-09-27T19:35:25.270736+00:00,CUST-00414,MTR-00414,6332 Alder Way,98403,46.36962,-124.05095,RES,False,False,FDR-007,597.4,active
2026-09-27T19:35:25.270736+00:00,CUST-00415,MTR-00415,7585 Cedar Ave,98531,47.13017,-123.83033,COM,False,False,FDR-007,2269.6,active
2026-09-27T19:35:25.270736+00:00,CUST-00416,MTR-00416,6621 Harbor Way,98472,47.20772,-123.98065,COM,False,False,FDR-007,2345.1,active
2026-09-27T19:35:25.270736+00:00,CUST-00417,MTR-00417,8302 Cedar Ave,98797,45.39637,-123.97964,RES,False,False,FDR-007,513.8,active
2026-09-27T19:35:25.270736+00:00,CUST-00418,MTR-00418,3408 Summit St,98256,45.6871,-124.10373,COM,False,False,FDR-007,3252.2,active
2026-09-27T19:35:25.270736+00:00,CUST-00419,MTR-00419,6046 Cedar Rd,98744,48.06735,-123.73795,RES,False,False,FDR-007,498.8,active
2026-09-27T19:35:25.270736+00:00,CUST-00420,MTR-00420,2559 Pine Ave,98183,45.77564,-123.93958,IND,False,False,FDR-007,30083.7,active
2026-09-27T19:35:25.270736+00:00,CUST-00421,MTR-00421,2255 Pine St,98637,46.31427,-123.67764,IND,False,False,FDR-007,20289.9,active
2026-09-27T19:35:25.270736+00:00,CUST-00422,MTR-00422,9747 Alder Rd,98464,48.27948,-123.9478,IND,False,False,FDR-007,25704.5,active
2026-09-27T19:35:25.270736+00:00,CUST-00423,MTR-00423,3501 Cedar Ave,98151,45.22366,-123.5414,RES,False,False,FDR-007,622.5,active
2026-09-27T19:35:25.270736+00:00,CUST-00424,MTR-00424,903 Cedar Rd,98182,48.27379,-123.7996,RES,False,False,FDR-007,1070.4,active
2026-09-27T19:35:25.270736+00:00,CUST-00425,MTR-00425,9585 Harbor St,98095,47.68945,-123.88604,RES,False,False,FDR-007,1029.8,active
2026-09-27T19:35:25.270736+00:00,CUST-00426,MTR-00426,2304 Cedar Way,98337,46.56418,-124.5188,IND,False,False,FDR-007,28177.5,active
2026-09-27T19:35:25.270736+00:00,CUST-00427,MTR-00427,1536 Summit Way,98437,45.95258,-124.53018,COM,False,False,FDR-007,8855.4,active
2026-09-27T19:35:25.270736+00:00,CUST-00428,MTR-00428,8254 Summit Ave,98904,47.27051,-123.85211,COM,False,False,FDR-007,6300.0,active
2026-09-27T19:35:25.270736+00:00,CUST-00429,MTR-00429,3496 River Rd,98423,45.8968,-124.45815,COM,False,False,FDR-007,7577.1,active
2026-09-27T19:35:25.270736+00:00,CUST-00430,MTR-00430,5142 Harbor Way,98785,47.49501,-124.58644,RES,False,False,FDR-007,560.9,active
2026-09-27T19:35:25.270736+00:00,CUST-00431,MTR-00431,5636 Alder Rd,98938,46.62578,-123.91729,RES,False,False,FDR-007,1168.1,active
2026-09-27T19:35:25.270736+00:00,CUST-00432,MTR-00432,6882 Alder St,98855,46.93338,-123.84736,RES,False,False,FDR-007,1113.6,active
2026-09-27T19:35:25.270736+00:00,CUST-00433,MTR-00433,5893 Cedar Ave,98287,46.33581,-123.95694,COM,False,False,FDR-007,6798.5,active
2026-09-27T19:35:25.270736+00:00,CUST-00434,MTR-00434,5150 Alder Way,98726,47.45544,-123.58911,IND,False,False,FDR-007,41783.6,active
2026-09-27T19:35:25.270736+00:00,CUST-00435,MTR-00435,2967 Cedar Way,98803,48.35738,-124.1541,RES,False,False,FDR-007,1063.6,active
2026-09-27T19:35:25.270736+00:00,CUST-00436,MTR-00436,8021 Alder Way,98794,46.79759,-124.57008,RES,False,False,FDR-007,786.1,active
2026-09-27T19:35:25.270736+00:00,CUST-00437,MTR-00437,7626 Summit St,98004,48.1597,-123.47437,RES,False,False,FDR-007,941.4,active
2026-09-27T19:35:25.270736+00:00,CUST-00438,MTR-00438,5219 Cedar Way,98654,47.33944,-124.49551,RES,False,False,FDR-007,773.5,active
2026-09-27T19:35:25.270736+00:00,CUST-00439,MTR-00439,4583 Cedar St,98981,46.19594,-124.21702,RES,False,False,FDR-007,752.9,active
2026-09-27T19:35:25.270736+00:00,CUST-00440,MTR-00440,9505 Pine Ave,98072,47.1531,-123.94076,COM,False,False,FDR-007,8602.9,active
2026-09-27T19:35:25.270736+00:00,CUST-00441,MTR-00441,981 Cedar Rd,98401,46.79713,-124.44391,RES,False,False,FDR-007,776.6,active
2026-09-27T19:35:25.270736+00:00,CUST-00442,MTR-00442,3346 Alder St,98997,47.46609,-123.77185,RES,False,False,FDR-007,756.7,active
2026-09-27T19:35:25.270736+00:00,CUST-00443,MTR-00443,7725 Summit Ave,98970,45.5345,-123.63718,IND,False,False,FDR-007,28967.6,active
2026-09-27T19:35:25.270736+00:00,CUST-00444,MTR-00444,5420 Summit Rd,98030,46.12899,-124.16386,RES,False,False,FDR-007,546.7,active
2026-09-27T19:35:25.270736+00:00,CUST-00445,MTR-00445,1786 Summit St,98333,46.86047,-124.39504,RES,False,False,FDR-007,1014.4,active
2026-09-27T19:35:25.270736+00:00,CUST-00446,MTR-00446,8003 Summit St,98348,47.11788,-124.11902,COM,False,False,FDR-007,6346.1,active
2026-09-27T19:35:25.270736+00:00,CUST-00447,MTR-00447,1376 Alder Rd,98117,48.02353,-124.07758,RES,False,False,FDR-007,1029.9,active
2026-09-27T19:35:25.270736+00:00,CUST-00448,MTR-00448,9871 Summit Way,98506,45.55155,-124.06574,COM,False,False,FDR-007,4840.6,active
2026-09-27T19:35:25.270736+00:00,CUST-00449,MTR-00449,2503 Alder Ave,98463,48.14132,-123.53529,COM,False,False,FDR-007,6452.9,active
2026-09-27T19:35:25.270736+00:00,CUST-00450,MTR-00450,5089 Summit Way,98091,46.80978,-124.35321,COM,False,False,FDR-007,4098.1,active
2026-09-27T19:35:25.270736+00:00,CUST-00451,MTR-00451,9092 Cedar St,98720,48.75112,-124.11496,COM,False,True,FDR-007,4059.3,active
2026-09-27T19:35:25.270736+00:00,CUST-00452,MTR-00452,5312 Alder Rd,98415,48.30049,-123.56118,COM,False,False,FDR-007,6915.6,active
2026-09-27T19:35:25.270736+00:00,CUST-00453,MTR-00453,6935 Pine Way,98893,45.82428,-124.43312,RES,False,False,FDR-007,844.3,active
2026-09-27T19:35:25.270736+00:00,CUST-00454,MTR-00454,2324 Cedar Ave,98657,47.5342,-124.4272,COM,True,False,FDR-007,6605.5,active
2026-09-27T19:35:25.270736+00:00,CUST-00455,MTR-00455,9144 Summit Rd,98363,48.04014,-123.87468,IND,False,False,FDR-007,37923.7,active
2026-09-27T19:35:25.270736+00:00,CUST-00456,MTR-00456,9048 River Way,98034,47.28058,-123.58384,RES,False,False,FDR-007,589.4,active
2026-09-27T19:35:25.270736+00:00,CUST-00457,MTR-00457,4678 Summit St,98535,45.60739,-124.02216,RES,False,False,FDR-007,952.4,active
2026-09-27T19:35:25.270736+00:00,CUST-00458,MTR-00458,5219 River St,98925,47.87007,-123.44751,COM,False,False,FDR-007,6435.8,active
2026-09-27T19:35:25.270736+00:00,CUST-00459,MTR-00459,4927 Harbor Ave,98036,46.83453,-123.51273,RES,True,False,FDR-007,859.2,active
2026-09-27T19:35:25.270736+00:00,CUST-00460,MTR-00460,945 Alder Way,98828,47.8171,-123.92355,COM,False,False,FDR-007,5312.1,active
2026-09-27T19:35:25.270736+00:00,CUST-00461,MTR-00461,4703 Harbor Way,98014,45.49704,-123.99328,COM,False,False,FDR-007,3944.9,active
2026-09-27T19:35:25.270736+00:00,CUST-00462,MTR-00462,3969 Summit Ave,98818,47.33037,-124.41864,COM,False,False,FDR-007,7654.9,active
2026-09-27T19:35:25.270736+00:00,CUST-00463,MTR-00463,6865 Summit Ave,98676,45.50385,-124.42592,COM,False,False,FDR-007,3079.1,active
2026-09-27T19:35:25.270736+00:00,CUST-00464,MTR-00464,960 Pine Rd,98408,47.27993,-123.5898,RES,False,False,FDR-007,443.5,active
2026-09-27T19:35:25.270736+00:00,CUST-00465,MTR-00465,2478 River Rd,98012,47.90874,-123.96098,RES,False,False,FDR-007,703.8,active
2026-09-27T19:35:25.270736+00:00,CUST-00466,MTR-00466,5897 Summit Way,98343,47.64258,-123.44588,RES,False,False,FDR-008,946.3,active
2026-09-27T19:35:25.270736+00:00,CUST-00467,MTR-00467,9745 Pine Way,98693,47.55564,-124.13062,RES,False,False,FDR-008,1018.5,active
2026-09-27T19:35:25.270736+00:00,CUST-00468,MTR-00468,7406 Harbor Ave,98742,45.23808,-124.58983,COM,False,False,FDR-008,4878.7,active
2026-09-27T19:35:25.270736+00:00,CUST-00469,MTR-00469,9920 Alder St,98725,47.42983,-124.53174,RES,False,False,FDR-008,875.3,active
2026-09-27T19:35:25.270736+00:00,CUST-00470,MTR-00470,1916 Alder Ave,98259,46.55345,-123.68337,RES,False,False,FDR-008,918.3,active
2026-09-27T19:35:25.270736+00:00,CUST-00471,MTR-00471,5398 Harbor Ave,98799,47.49961,-123.49277,RES,False,False,FDR-008,621.1,active
2026-09-27T19:35:25.270736+00:00,CUST-00472,MTR-00472,1237 Summit Ave,98624,46.59893,-123.40485,RES,False,False,FDR-008,606.6,active
2026-09-27T19:35:25.270736+00:00,CUST-00473,MTR-00473,4343 Cedar St,98074,45.71794,-123.67755,RES,False,False,FDR-008,574.7,active
2026-09-27T19:35:25.270736+00:00,CUST-00474,MTR-00474,6497 Harbor Ave,98716,46.80518,-123.52419,RES,False,False,FDR-008,519.1,active
2026-09-27T19:35:25.270736+00:00,CUST-00475,MTR-00475,1248 River Ave,98003,47.05538,-123.47211,RES,False,False,FDR-008,792.5,active
2026-09-27T19:35:25.270736+00:00,CUST-00476,MTR-00476,6663 Cedar St,98374,46.93544,-123.91931,RES,False,False,FDR-008,1148.0,active
2026-09-27T19:35:25.270736+00:00,CUST-00477,MTR-00477,6394 Alder Ave,98306,48.22825,-123.68746,COM,False,False,FDR-008,3421.8,active
2026-09-27T19:35:25.270736+00:00,CUST-00478,MTR-00478,684 Pine St,98737,47.67983,-124.0162,COM,False,False,FDR-008,5065.9,active
2026-09-27T19:35:25.270736+00:00,CUST-00479,MTR-00479,368 Cedar Way,98057,48.05386,-123.82791,COM,False,False,FDR-008,8754.7,active
2026-09-27T19:35:25.270736+00:00,CUST-00480,MTR-00480,8891 Pine Ave,98947,45.62547,-123.63148,RES,False,False,FDR-008,933.9,active
2026-09-27T19:35:25.270736+00:00,CUST-00481,MTR-00481,2238 Cedar Ave,98647,47.55379,-124.03454,RES,False,False,FDR-008,1134.4,active
2026-09-27T19:35:25.270736+00:00,CUST-00482,MTR-00482,1970 Summit Ave,98064,45.55025,-123.86653,RES,False,False,FDR-008,1068.3,active
2026-09-27T19:35:25.270736+00:00,CUST-00483,MTR-00483,9043 Pine Way,98856,48.20923,-123.71449,IND,False,False,FDR-008,45784.0,active
2026-09-27T19:35:25.270736+00:00,CUST-00484,MTR-00484,6160 River Ave,98449,45.82441,-124.52413,IND,False,False,FDR-008,22562.3,active
2026-09-27T19:35:25.270736+00:00,CUST-00485,MTR-00485,8078 Cedar St,98007,45.55988,-123.58316,RES,False,False,FDR-008,890.0,active
2026-09-27T19:35:25.270736+00:00,CUST-00486,MTR-00486,2179 Pine Ave,98655,47.33743,-124.25952,RES,False,False,FDR-008,954.8,active
2026-09-27T19:35:25.270736+00:00,CUST-00487,MTR-00487,1542 Alder Way,98356,48.57712,-123.86735,RES,False,False,FDR-008,430.1,active
2026-09-27T19:35:25.270736+00:00,CUST-00488,MTR-00488,8942 River Ave,98475,46.0483,-124.45899,RES,False,True,FDR-008,824.2,active
2026-09-27T19:35:25.270736+00:00,CUST-00489,MTR-00489,8251 Pine Ave,98686,45.39105,-124.46479,IND,False,False,FDR-008,56016.8,active
2026-09-27T19:35:25.270736+00:00,CUST-00490,MTR-00490,1810 Alder St,98947,45.95452,-124.29834,RES,False,False,FDR-008,893.5,active
2026-09-27T19:35:25.270736+00:00,CUST-00491,MTR-00491,5440 Summit Ave,98765,46.94622,-124.46072,COM,False,False,FDR-008,7049.8,active
2026-09-27T19:35:25.270736+00:00,CUST-00492,MTR-00492,3715 Cedar Rd,98599,45.59648,-124.32666,COM,False,False,FDR-008,4888.2,active
2026-09-27T19:35:25.270736+00:00,CUST-00493,MTR-00493,3281 Alder Way,98998,45.97819,-123.86868,RES,False,False,FDR-008,542.4,active
2026-09-27T19:35:25.270736+00:00,CUST-00494,MTR-00494,2904 Harbor Ave,98907,47.69196,-124.52842,RES,False,False,FDR-008,509.2,active
2026-09-27T19:35:25.270736+00:00,CUST-00495,MTR-00495,1516 Summit Rd,98882,47.4968,-123.86617,RES,False,False,FDR-008,535.9,active
2026-09-27T19:35:25.270736+00:00,CUST-00496,MTR-00496,9593 Pine Ave,98935,46.20502,-123.72398,RES,False,False,FDR-008,988.9,active
2026-09-27T19:35:25.270736+00:00,CUST-00497,MTR-00497,6560 Summit St,98463,45.35921,-123.41047,COM,False,False,FDR-008,5529.5,active
2026-09-27T19:35:25.270736+00:00,CUST-00498,MTR-00498,1586 Cedar Rd,98685,45.24472,-123.72186,RES,False,False,FDR-008,1159.9,active
2026-09-27T19:35:25.270736+00:00,CUST-00499,MTR-00499,6741 Pine Way,98641,47.25337,-123.89961,RES,False,False,FDR-008,1181.1,active
2026-09-27T19:35:25.270736+00:00,CUST-00500,MTR-00500,4520 Alder Ave,98806,47.4583,-124.13814,RES,True,False,FDR-008,952.6,active
2026-09-27T19:35:25.270736+00:00,CUST-00501,MTR-00501,1918 Summit Way,98476,47.84874,-124.53423,COM,False,False,FDR-008,6722.6,active
2026-09-27T19:35:25.270736+00:00,CUST-00502,MTR-00502,5587 Pine St,98664,47.53342,-123.75415,COM,False,False,FDR-008,7415.0,active
2026-09-27T19:35:25.270736+00:00,CUST-00503,MTR-00503,4480 River Rd,98283,48.33607,-123.75659,RES,False,False,FDR-008,1002.5,active
2026-09-27T19:35:25.270736+00:00,CUST-00504,MTR-00504,8830 Harbor Rd,98635,46.95042,-123.96798,RES,False,False,FDR-008,498.2,active
2026-09-27T19:35:25.270736+00:00,CUST-00505,MTR-00505,1413 Summit Ave,98295,48.11167,-123.47095,RES,False,False,FDR-008,452.5,active
2026-09-27T19:35:25.270736+00:00,CUST-00506,MTR-00506,4903 Summit Ave,98485,47.7095,-124.00441,RES,False,False,FDR-008,1100.0,active
2026-09-27T19:35:25.270736+00:00,CUST-00507,MTR-00507,8613 Alder Way,98421,45.27734,-124.37313,RES,False,False,FDR-008,417.6,active
2026-09-27T19:35:25.270736+00:00,CUST-00508,MTR-00508,5082 River Ave,98919,46.3747,-123.88797,COM,False,False,FDR-008,7893.4,active
2026-09-27T19:35:25.270736+00:00,CUST-00509,MTR-00509,4759 Summit Ave,98633,46.01641,-124.15372,IND,False,False,FDR-008,21675.2,active
2026-09-27T19:35:25.270736+00:00,CUST-00510,MTR-00510,3997 Cedar St,98324,48.70354,-123.5928,RES,False,False,FDR-008,954.3,active
2026-09-27T19:35:25.270736+00:00,CUST-00511,MTR-00511,6209 Summit Ave,98546,45.86419,-123.92502,COM,False,False,FDR-008,4218.6,active
2026-09-27T19:35:25.270736+00:00,CUST-00512,MTR-00512,9048 River Way,98662,48.55185,-123.67778,RES,False,False,FDR-008,1158.2,active
2026-09-27T19:35:25.270736+00:00,CUST-00513,MTR-00513,7343 Harbor St,98749,48.69058,-123.69501,COM,False,False,FDR-008,6668.2,active
2026-09-27T19:35:25.270736+00:00,CUST-00514,MTR-00514,1615 Harbor St,98622,47.18346,-124.2303,RES,False,False,FDR-008,721.3,active
2026-09-27T19:35:25.270736+00:00,CUST-00515,MTR-00515,1531 River Rd,98199,48.01262,-123.67949,COM,False,False,FDR-008,2585.1,active
2026-09-27T19:35:25.270736+00:00,CUST-00516,MTR-00516,6156 Summit Way,98012,48.59625,-123.50986,RES,False,False,FDR-008,688.9,active
2026-09-27T19:35:25.270736+00:00,CUST-00517,MTR-00517,6909 Summit Way,98167,46.80407,-123.92676,RES,False,False,FDR-008,572.6,active
2026-09-27T19:35:25.270736+00:00,CUST-00518,MTR-00518,5068 Summit Way,98067,47.82298,-124.10297,IND,False,False,FDR-008,21463.8,active
2026-09-27T19:35:25.270736+00:00,CUST-00519,MTR-00519,2343 Pine Ave,98852,46.67406,-123.50271,COM,False,False,FDR-008,5890.7,active
2026-09-27T19:35:25.270736+00:00,CUST-00520,MTR-00520,3778 Cedar St,98157,48.16208,-124.23761,RES,False,False,FDR-008,868.2,active
2026-09-27T19:35:25.270736+00:00,CUST-00521,MTR-00521,4109 Cedar St,98783,47.49162,-124.45099,RES,False,False,FDR-008,932.7,active
2026-09-27T19:35:25.270736+00:00,CUST-00522,MTR-00522,7899 Alder St,98382,47.35601,-124.16589,RES,False,False,FDR-008,784.4,active
2026-09-27T19:35:25.270736+00:00,CUST-00523,MTR-00523,5955 Pine St,98279,46.13433,-123.90201,COM,True,False,FDR-008,5227.3,active
2026-09-27T19:35:25.270736+00:00,CUST-00524,MTR-00524,3102 Cedar Ave,98556,46.48154,-124.25217,RES,False,False,FDR-008,823.7,active
2026-09-27T19:35:25.270736+00:00,CUST-00525,MTR-00525,9603 Harbor Ave,98013,47.66588,-124.23871,RES,False,False,FDR-008,948.4,active
2026-09-27T19:35:25.270736+00:00,CUST-00526,MTR-00526,3722 Pine St,98427,46.94564,-124.19162,RES,False,False,FDR-008,1128.6,active
2026-09-27T19:35:25.270736+00:00,CUST-00527,MTR-00527,7340 River Way,98176,45.67244,-124.57914,RES,False,False,FDR-008,678.6,active
2026-09-27T19:35:25.270736+00:00,CUST-00528,MTR-00528,3538 Pine St,98435,45.62695,-124.44554,COM,False,False,FDR-008,6816.3,active
2026-09-27T19:35:25.270736+00:00,CUST-00529,MTR-00529,8512 River St,98480,45.2677,-124.01889,COM,False,False,FDR-008,3374.5,active
2026-09-27T19:35:25.270736+00:00,CUST-00530,MTR-00530,9727 Pine Ave,98686,46.28592,-124.58767,RES,False,False,FDR-008,477.2,active
2026-09-27T19:35:25.270736+00:00,CUST-00531,MTR-00531,4062 River St,98101,47.88631,-124.26715,RES,False,False,FDR-008,863.8,active
2026-09-27T19:35:25.270736+00:00,CUST-00532,MTR-00532,1716 Pine Rd,98375,45.98119,-124.37014,IND,True,False,FDR-008,39170.7,active
2026-09-27T19:35:25.270736+00:00,CUST-00533,MTR-00533,3828 Summit St,98779,48.64789,-124.38298,COM,False,False,FDR-008,4657.3,active
2026-09-27T19:35:25.270736+00:00,CUST-00534,MTR-00534,5475 Summit St,98394,45.68928,-123.68527,RES,False,False,FDR-008,963.8,active
2026-09-27T19:35:25.270736+00:00,CUST-00535,MTR-00535,7111 Pine St,98916,47.67337,-123.59069,RES,False,False,FDR-008,580.7,active
2026-09-27T19:35:25.270736+00:00,CUST-00536,MTR-00536,8663 Alder St,98122,46.52279,-124.58466,IND,False,False,FDR-009,32836.6,active
2026-09-27T19:35:25.270736+00:00,CUST-00537,MTR-00537,3361 Harbor Ave,98609,48.71926,-123.71028,RES,False,False,FDR-009,1113.9,active
2026-09-27T19:35:25.270736+00:00,CUST-00538,MTR-00538,4572 Alder Rd,98364,48.21719,-123.72976,IND,False,False,FDR-009,41186.3,active
2026-09-27T19:35:25.270736+00:00,CUST-00539,MTR-00539,8117 Summit Ave,98643,48.75508,-123.9863,RES,False,False,FDR-009,517.9,active
2026-09-27T19:35:25.270736+00:00,CUST-00540,MTR-00540,5456 Pine Way,98636,48.18912,-124.00224,RES,False,False,FDR-009,421.4,active
2026-09-27T19:35:25.270736+00:00,CUST-00541,MTR-00541,8132 River Way,98555,47.9058,-123.67891,COM,False,False,FDR-009,3413.5,active
2026-09-27T19:35:25.270736+00:00,CUST-00542,MTR-00542,7474 Harbor Rd,98453,45.26361,-123.68324,RES,False,False,FDR-009,1192.6,active
2026-09-27T19:35:25.270736+00:00,CUST-00543,MTR-00543,5219 Alder Rd,98499,47.57388,-123.66474,RES,False,False,FDR-009,1107.8,active
2026-09-27T19:35:25.270736+00:00,CUST-00544,MTR-00544,8401 Cedar Rd,98269,47.57628,-123.77755,IND,False,False,FDR-009,53445.8,active
2026-09-27T19:35:25.270736+00:00,CUST-00545,MTR-00545,2200 Harbor Way,98828,47.63536,-123.68024,RES,False,False,FDR-009,627.6,active
2026-09-27T19:35:25.270736+00:00,CUST-00546,MTR-00546,1024 Alder Ave,98253,47.45055,-124.14331,COM,False,False,FDR-009,8943.6,active
2026-09-27T19:35:25.270736+00:00,CUST-00547,MTR-00547,5443 Cedar Rd,98673,48.4774,-124.5214,RES,False,False,FDR-009,643.9,active
2026-09-27T19:35:25.270736+00:00,CUST-00548,MTR-00548,9444 Summit Way,98586,46.71622,-124.57552,IND,False,False,FDR-009,29243.1,active
2026-09-27T19:35:25.270736+00:00,CUST-00549,MTR-00549,5007 Harbor Rd,98206,47.6304,-124.19684,RES,False,False,FDR-009,802.2,active
2026-09-27T19:35:25.270736+00:00,CUST-00550,MTR-00550,9496 Summit Ave,98639,45.47116,-123.5796,RES,False,False,FDR-009,571.3,active
2026-09-27T19:35:25.270736+00:00,CUST-00551,MTR-00551,7097 Pine Way,98814,47.2815,-123.88976,COM,False,False,FDR-009,5965.0,active
2026-09-27T19:35:25.270736+00:00,CUST-00552,MTR-00552,8543 Summit Ave,98902,48.09486,-124.08051,RES,False,False,FDR-009,832.0,active
2026-09-27T19:35:25.270736+00:00,CUST-00553,MTR-00553,4489 Alder Rd,98957,45.87154,-124.00096,RES,False,False,FDR-009,928.6,active
2026-09-27T19:35:25.270736+00:00,CUST-00554,MTR-00554,7233 Summit Way,98880,45.92233,-124.04502,COM,False,False,FDR-009,7225.0,active
2026-09-27T19:35:25.270736+00:00,CUST-00555,MTR-00555,3968 Summit Ave,98116,48.24548,-124.27968,IND,False,False,FDR-009,45908.5,active
2026-09-27T19:35:25.270736+00:00,CUST-00556,MTR-00556,706 Pine Ave,98279,48.17802,-124.04301,RES,False,False,FDR-009,847.9,active
2026-09-27T19:35:25.270736+00:00,CUST-00557,MTR-00557,426 Cedar St,98321,46.19998,-123.93915,RES,False,False,FDR-009,915.4,active
2026-09-27T19:35:25.270736+00:00,CUST-00558,MTR-00558,2402 Pine St,98584,48.63832,-123.52387,COM,False,False,FDR-009,8200.0,active
2026-09-27T19:35:25.270736+00:00,CUST-00559,MTR-00559,1578 Pine St,98791,47.59118,-123.9035,COM,False,False,FDR-009,5676.8,active
2026-09-27T19:35:25.270736+00:00,CUST-00560,MTR-00560,1850 Pine Ave,98993,47.85405,-123.63299,IND,False,False,FDR-009,24810.4,active
2026-09-27T19:35:25.270736+00:00,CUST-00561,MTR-00561,7043 Summit Ave,98986,47.32213,-124.01157,RES,False,False,FDR-009,699.8,active
2026-09-27T19:35:25.270736+00:00,CUST-00562,MTR-00562,670 Alder St,98707,46.50679,-123.74119,RES,False,False,FDR-009,1057.1,active
2026-09-27T19:35:25.270736+00:00,CUST-00563,MTR-00563,8863 Pine Rd,98397,46.58488,-123.83326,IND,False,False,FDR-009,45836.2,active
2026-09-27T19:35:25.270736+00:00,CUST-00564,MTR-00564,3546 Pine Rd,98646,48.72077,-124.29336,RES,False,False,FDR-009,472.2,active
2026-09-27T19:35:25.270736+00:00,CUST-00565,MTR-00565,7818 Alder Rd,98948,46.66264,-124.55934,RES,False,False,FDR-009,1093.2,active
2026-09-27T19:35:25.270736+00:00,CUST-00566,MTR-00566,6995 River Way,98464,48.50677,-124.47953,IND,False,False,FDR-009,17986.5,active
2026-09-27T19:35:25.270736+00:00,CUST-00567,MTR-00567,5106 Harbor St,98113,47.50973,-123.84381,COM,False,False,FDR-009,2952.6,active
2026-09-27T19:35:25.270736+00:00,CUST-00568,MTR-00568,5333 Summit Rd,98894,47.96339,-123.82098,RES,False,False,FDR-009,504.1,active
2026-09-27T19:35:25.270736+00:00,CUST-00569,MTR-00569,6547 Summit Ave,98021,47.33487,-124.2069,COM,False,False,FDR-009,2590.8,active
2026-09-27T19:35:25.270736+00:00,CUST-00570,MTR-00570,2864 Cedar Rd,98632,47.45586,-123.51179,RES,False,False,FDR-009,1179.3,active
2026-09-27T19:35:25.270736+00:00,CUST-00571,MTR-00571,7533 Alder Rd,98121,48.64892,-124.39585,RES,False,False,FDR-009,853.8,active
2026-09-27T19:35:25.270736+00:00,CUST-00572,MTR-00572,3485 River Ave,98843,48.30297,-123.66145,RES,False,False,FDR-009,630.4,active
2026-09-27T19:35:25.270736+00:00,CUST-00573,MTR-00573,7488 Pine Way,98596,45.84933,-123.64904,RES,False,False,FDR-009,423.0,active
2026-09-27T19:35:25.270736+00:00,CUST-00574,MTR-00574,6383 Alder Rd,98753,46.88797,-123.55427,COM,False,False,FDR-009,4782.9,active
2026-09-27T19:35:25.270736+00:00,CUST-00575,MTR-00575,9901 Alder St,98005,45.41151,-124.20056,COM,False,False,FDR-009,8357.6,active
2026-09-27T19:35:25.270736+00:00,CUST-00576,MTR-00576,3038 Harbor Ave,98515,48.71909,-123.79449,RES,False,False,FDR-009,505.8,active
2026-09-27T19:35:25.270736+00:00,CUST-00577,MTR-00577,823 Pine Rd,98892,45.67491,-124.21922,RES,False,False,FDR-009,824.3,active
2026-09-27T19:35:25.270736+00:00,CUST-00578,MTR-00578,8570 Harbor Rd,98914,46.74831,-123.51665,IND,False,False,FDR-009,56702.3,active
2026-09-27T19:35:25.270736+00:00,CUST-00579,MTR-00579,971 Pine Ave,98055,47.94923,-124.41848,RES,False,False,FDR-009,1082.4,active
2026-09-27T19:35:25.270736+00:00,CUST-00580,MTR-00580,7333 Harbor Rd,98468,45.7888,-124.03944,RES,False,False,FDR-009,492.8,active
2026-09-27T19:35:25.270736+00:00,CUST-00581,MTR-00581,8435 Harbor Ave,98597,45.73299,-124.18047,RES,False,False,FDR-009,563.0,active
2026-09-27T19:35:25.270736+00:00,CUST-00582,MTR-00582,525 Harbor St,98403,46.69911,-124.5078,RES,False,False,FDR-009,1014.6,active
2026-09-27T19:35:25.270736+00:00,CUST-00583,MTR-00583,7539 Alder Way,98608,48.21312,-124.41547,RES,False,False,FDR-009,464.9,active
2026-09-27T19:35:25.270736+00:00,CUST-00584,MTR-00584,9425 Pine Ave,98883,48.69117,-123.81259,COM,False,True,FDR-009,4274.4,active
2026-09-27T19:35:25.270736+00:00,CUST-00585,MTR-00585,4280 Pine Ave,98988,48.07333,-123.70744,RES,False,False,FDR-009,837.7,active
2026-09-27T19:35:25.270736+00:00,CUST-00586,MTR-00586,2625 Cedar Way,98502,48.26844,-124.40447,IND,False,False,FDR-009,48865.1,active
2026-09-27T19:35:25.270736+00:00,CUST-00587,MTR-00587,8499 Pine Rd,98456,46.31636,-123.77805,IND,False,False,FDR-009,52442.4,active
2026-09-27T19:35:25.270736+00:00,CUST-00588,MTR-00588,7079 Cedar St,98525,46.72305,-123.69221,RES,False,False,FDR-009,1048.8,active
2026-09-27T19:35:25.270736+00:00,CUST-00589,MTR-00589,1475 Harbor Rd,98447,47.5314,-123.74364,RES,False,False,FDR-009,1144.5,active
2026-09-27T19:35:25.270736+00:00,CUST-00590,MTR-00590,4941 River St,98564,45.73498,-124.44665,RES,False,False,FDR-009,1122.3,active
2026-09-27T19:35:25.270736+00:00,CUST-00591,MTR-00591,5923 Harbor St,98787,47.03835,-124.10438,RES,False,False,FDR-009,771.7,active
2026-09-27T19:35:25.270736+00:00,CUST-00592,MTR-00592,4976 Harbor Rd,98775,46.86636,-123.65659,COM,False,False,FDR-009,2316.8,active
2026-09-27T19:35:25.270736+00:00,CUST-00593,MTR-00593,9996 Harbor St,98444,46.4288,-123.49827,COM,False,False,FDR-009,3477.5,active
2026-09-27T19:35:25.270736+00:00,CUST-00594,MTR-00594,9961 Alder Rd,98310,45.2479,-123.81304,COM,False,False,FDR-009,4835.6,active
2026-09-27T19:35:25.270736+00:00,CUST-00595,MTR-00595,2313 Cedar Ave,98114,47.68638,-123.44423,COM,False,False,FDR-009,7632.5,active
2026-09-27T19:35:25.270736+00:00,CUST-00596,MTR-00596,8924 Pine St,98308,48.29244,-124.34892,IND,False,False,FDR-009,34610.5,active
2026-09-27T19:35:25.270736+00:00,CUST-00597,MTR-00597,7824 Cedar Rd,98599,45.27854,-124.40067,IND,False,False,FDR-009,58374.0,active
2026-09-27T19:35:25.270736+00:00,CUST-00598,MTR-00598,6910 Summit Way,98037,48.20182,-124.53889,RES,False,False,FDR-009,406.3,active
2026-09-27T19:35:25.270736+00:00,CUST-00599,MTR-00599,1094 River St,98432,47.80861,-123.47766,RES,False,False,FDR-009,1124.1,active
2026-09-27T19:35:25.270736+00:00,CUST-00600,MTR-00600,5781 Summit Rd,98021,48.41436,-124.09944,COM,False,False,FDR-009,5463.5,active
2026-09-27T19:35:25.270736+00:00,CUST-00601,MTR-00601,7775 Pine Way,98740,46.03557,-124.33636,COM,False,False,FDR-010,4374.1,active
2026-09-27T19:35:25.270736+00:00,CUST-00602,MTR-00602,2754 River Ave,98289,48.58831,-123.817,COM,False,False,FDR-010,5306.3,active
2026-09-27T19:35:25.270736+00:00,CUST-00603,MTR-00603,8189 Harbor Ave,98214,45.66475,-124.36062,COM,False,False,FDR-010,2706.3,active
2026-09-27T19:35:25.270736+00:00,CUST-00604,MTR-00604,623 Cedar Way,98440,48.37126,-124.17155,COM,True,False,FDR-010,7795.6,active
2026-09-27T19:35:25.270736+00:00,CUST-00605,MTR-00605,9226 Harbor Ave,98873,46.00674,-124.29061,RES,False,False,FDR-010,672.3,active
2026-09-27T19:35:25.270736+00:00,CUST-00606,MTR-00606,1917 Cedar St,98843,45.57491,-124.53949,COM,False,False,FDR-010,7592.9,active
2026-09-27T19:35:25.270736+00:00,CUST-00607,MTR-00607,7333 River Rd,98750,47.46773,-123.55496,COM,False,False,FDR-010,3099.2,active
2026-09-27T19:35:25.270736+00:00,CUST-00608,MTR-00608,207 Pine Rd,98349,46.40459,-124.43467,IND,False,False,FDR-010,33708.7,active
2026-09-27T19:35:25.270736+00:00,CUST-00609,MTR-00609,8777 Summit Ave,98141,46.54077,-123.69419,RES,False,False,FDR-010,688.5,active
2026-09-27T19:35:25.270736+00:00,CUST-00610,MTR-00610,7351 Pine St,98734,48.43303,-123.45779,IND,False,False,FDR-010,57468.3,active
2026-09-27T19:35:25.270736+00:00,CUST-00611,MTR-00611,707 Alder Ave,98924,46.41789,-124.11802,IND,False,False,FDR-010,32697.0,active
2026-09-27T19:35:25.270736+00:00,CUST-00612,MTR-00612,9170 Harbor Way,98931,47.76813,-123.80757,COM,False,False,FDR-010,4070.1,active
2026-09-27T19:35:25.270736+00:00,CUST-00613,MTR-00613,3460 River Rd,98714,46.20721,-123.96665,RES,False,True,FDR-010,1136.4,active
2026-09-27T19:35:25.270736+00:00,CUST-00614,MTR-00614,2164 River Way,98218,46.65622,-124.36325,RES,False,False,FDR-010,641.2,active
2026-09-27T19:35:25.270736+00:00,CUST-00615,MTR-00615,4338 Pine Way,98743,46.42655,-123.83718,RES,False,False,FDR-010,418.7,active
2026-09-27T19:35:25.270736+00:00,CUST-00616,MTR-00616,2143 Summit Way,98586,45.4158,-124.15243,RES,False,False,FDR-010,901.6,active
2026-09-27T19:35:25.270736+00:00,CUST-00617,MTR-00617,8837 River Ave,98358,46.42033,-124.31668,COM,False,True,FDR-010,6071.2,active
2026-09-27T19:35:25.270736+00:00,CUST-00618,MTR-00618,5471 River Ave,98842,47.77348,-123.79308,RES,False,False,FDR-010,971.5,active
2026-09-27T19:35:25.270736+00:00,CUST-00619,MTR-00619,7902 Pine Rd,98079,47.76191,-123.60587,IND,False,False,FDR-010,54982.9,active
2026-09-27T19:35:25.270736+00:00,CUST-00620,MTR-00620,7310 Alder Rd,98749,47.21229,-123.66541,RES,False,False,FDR-010,1097.6,active
2026-09-27T19:35:25.270736+00:00,CUST-00621,MTR-00621,2034 Alder Ave,98466,45.65765,-123.74662,RES,False,False,FDR-010,503.5,active
2026-09-27T19:35:25.270736+00:00,CUST-00622,MTR-00622,6155 River Way,98041,47.2125,-123.49396,RES,False,False,FDR-010,495.0,active
2026-09-27T19:35:25.270736+00:00,CUST-00623,MTR-00623,9760 Summit St,98959,48.76767,-124.23609,COM,False,False,FDR-010,7538.4,active
2026-09-27T19:35:25.270736+00:00,CUST-00624,MTR-00624,6941 Summit Way,98579,48.14885,-124.01345,RES,False,False,FDR-010,497.9,active
2026-09-27T19:35:25.270736+00:00,CUST-00625,MTR-00625,7651 Summit Rd,98152,46.91082,-123.73596,RES,False,False,FDR-010,884.6,active
2026-09-27T19:35:25.270736+00:00,CUST-00626,MTR-00626,850 Alder Rd,98753,47.44917,-123.85169,IND,False,False,FDR-010,30254.9,active
2026-09-27T19:35:25.270736+00:00,CUST-00627,MTR-00627,2128 Alder St,98197,47.74595,-123.91361,RES,False,False,FDR-010,1036.9,active
2026-09-27T19:35:25.270736+00:00,CUST-00628,MTR-00628,8813 Pine St,98281,48.64625,-123.9739,COM,False,False,FDR-010,5518.5,active
2026-09-27T19:35:25.270736+00:00,CUST-00629,MTR-00629,9748 Cedar Rd,98882,48.2201,-123.90454,IND,False,False,FDR-010,29419.4,active
2026-09-27T19:35:25.270736+00:00,CUST-00630,MTR-00630,8976 Pine Way,98147,45.2866,-123.96652,RES,False,False,FDR-010,705.6,active
2026-09-27T19:35:25.270736+00:00,CUST-00631,MTR-00631,545 Alder St,98305,46.30446,-124.11127,RES,False,False,FDR-010,535.4,active
2026-09-27T19:35:25.270736+00:00,CUST-00632,MTR-00632,4025 River Ave,98504,48.41484,-124.29048,RES,False,False,FDR-010,1153.3,active
2026-09-27T19:35:25.270736+00:00,CUST-00633,MTR-00633,6776 Alder Ave,98935,45.61429,-124.52724,COM,False,False,FDR-010,4849.5,active
2026-09-27T19:35:25.270736+00:00,CUST-00634,MTR-00634,6764 Summit St,98866,47.63035,-124.30442,RES,False,False,FDR-010,843.8,active
2026-09-27T19:35:25.270736+00:00,CUST-00635,MTR-00635,9195 Summit St,98001,45.71252,-123.95147,COM,False,False,FDR-010,3716.1,active
2026-09-27T19:35:25.270736+00:00,CUST-00636,MTR-00636,9895 Harbor Rd,98359,46.2413,-123.4335,IND,False,False,FDR-010,36698.4,active
2026-09-27T19:35:25.270736+00:00,CUST-00637,MTR-00637,6576 Alder St,98850,47.03718,-124.54542,IND,False,False,FDR-010,28528.7,active
2026-09-27T19:35:25.270736+00:00,CUST-00638,MTR-00638,5713 Alder Way,98770,48.36181,-124.34698,RES,False,False,FDR-010,803.9,active
2026-09-27T19:35:25.270736+00:00,CUST-00639,MTR-00639,2290 Alder St,98623,48.73888,-124.19004,COM,False,False,FDR-010,6196.6,active
2026-09-27T19:35:25.270736+00:00,CUST-00640,MTR-00640,6535 River St,98806,45.23448,-124.39176,RES,False,True,FDR-010,844.6,active
2026-09-27T19:35:25.270736+00:00,CUST-00641,MTR-00641,6266 River Way,98396,48.41326,-123.62073,COM,False,False,FDR-010,2863.9,active
2026-09-27T19:35:25.270736+00:00,CUST-00642,MTR-00642,424 Harbor Way,98196,48.74166,-124.45028,RES,False,False,FDR-010,696.4,active
2026-09-27T19:35:25.270736+00:00,CUST-00643,MTR-00643,8174 Alder Ave,98007,48.11029,-124.33462,RES,False,False,FDR-010,1184.1,active
2026-09-27T19:35:25.270736+00:00,CUST-00644,MTR-00644,9368 Alder Ave,98066,45.59941,-124.26718,RES,False,False,FDR-010,800.3,active
2026-09-27T19:35:25.270736+00:00,CUST-00645,MTR-00645,3243 Alder St,98993,46.13465,-123.91612,COM,False,False,FDR-010,5661.6,active
2026-09-27T19:35:25.270736+00:00,CUST-00646,MTR-00646,949 Harbor Rd,98864,47.65045,-123.54028,COM,False,False,FDR-010,4989.8,active
2026-09-27T19:35:25.270736+00:00,CUST-00647,MTR-00647,4653 Summit Rd,98323,46.87971,-124.16623,RES,False,False,FDR-010,1007.2,active
2026-09-27T19:35:25.270736+00:00,CUST-00648,MTR-00648,1319 Pine Ave,98168,48.36835,-123.63079,RES,False,False,FDR-010,1192.2,active
2026-09-27T19:35:25.270736+00:00,CUST-00649,MTR-00649,5577 Harbor Ave,98110,45.54821,-124.02404,RES,False,False,FDR-010,1046.4,active
2026-09-27T19:35:25.270736+00:00,CUST-00650,MTR-00650,7284 Cedar Rd,98592,45.39596,-124.19969,RES,False,False,FDR-010,1035.3,active
2026-09-27T19:35:25.270736+00:00,CUST-00651,MTR-00651,7340 Cedar Way,98625,45.32004,-124.22406,RES,False,False,FDR-010,1078.2,active
2026-09-27T19:35:25.270736+00:00,CUST-00652,MTR-00652,6835 Pine St,98464,45.40084,-124.53736,COM,False,False,FDR-010,4811.8,active
2026-09-27T19:35:25.270736+00:00,CUST-00653,MTR-00653,8574 Harbor Ave,98110,47.43276,-124.47847,RES,False,False,FDR-010,920.7,active
2026-09-27T19:35:25.270736+00:00,CUST-00654,MTR-00654,8437 Harbor Way,98431,47.76788,-123.88854,RES,False,True,FDR-010,1072.6,active
2026-09-27T19:35:25.270736+00:00,CUST-00655,MTR-00655,5961 Harbor Ave,98150,46.07535,-123.64357,RES,False,False,FDR-010,448.4,active
2026-09-27T19:35:25.270736+00:00,CUST-00656,MTR-00656,8408 River St,98432,46.52779,-124.5903,RES,False,False,FDR-010,869.2,active
2026-09-27T19:35:25.270736+00:00,CUST-00657,MTR-00657,7757 River Way,98872,48.4706,-123.65768,RES,False,False,FDR-010,673.2,active
2026-09-27T19:35:25.270736+00:00,CUST-00658,MTR-00658,8225 Pine St,98654,46.27867,-124.20566,COM,False,False,FDR-010,8132.7,active
2026-09-27T19:35:25.270736+00:00,CUST-00659,MTR-00659,6258 Pine Rd,98188,45.9673,-124.0231,RES,False,False,FDR-010,1014.7,active
2026-09-27T19:35:25.270736+00:00,CUST-00660,MTR-00660,9695 Harbor St,98998,45.46543,-124.56398,IND,False,False,FDR-010,23748.2,active
2026-09-27T19:35:25.270736+00:00,CUST-00661,MTR-00661,3311 Cedar Ave,98863,45.9882,-124.2856,RES,False,False,FDR-010,539.4,active
2026-09-27T19:35:25.270736+00:00,CUST-00662,MTR-00662,5098 Summit Ave,98378,47.63883,-124.14529,RES,False,False,FDR-010,1029.9,active
2026-09-27T19:35:25.270736+00:00,CUST-00663,MTR-00663,2041 Pine Ave,98813,47.09694,-123.64117,IND,False,False,FDR-010,46992.4,active
2026-09-27T19:35:25.270736+00:00,CUST-00664,MTR-00664,9722 Pine Way,98808,46.54732,-123.88054,RES,False,False,FDR-010,1181.6,active
2026-09-27T19:35:25.270736+00:00,CUST-00665,MTR-00665,3528 Alder St,98803,48.0642,-123.55258,RES,False,False,FDR-010,1081.2,active
2026-09-27T19:35:25.270736+00:00,CUST-00666,MTR-00666,8601 Summit Ave,98329,45.80276,-124.13426,RES,False,False,FDR-011,1105.9,active
2026-09-27T19:35:25.270736+00:00,CUST-00667,MTR-00667,9667 Alder St,98212,47.77634,-124.00625,COM,False,False,FDR-011,4806.6,active
2026-09-27T19:35:25.270736+00:00,CUST-00668,MTR-00668,6229 Harbor St,98137,46.04378,-124.33769,RES,False,False,FDR-011,740.0,active
2026-09-27T19:35:25.270736+00:00,CUST-00669,MTR-00669,7760 Summit Rd,98376,46.46567,-123.89925,IND,False,False,FDR-011,34174.6,active
2026-09-27T19:35:25.270736+00:00,CUST-00670,MTR-00670,4925 River St,98804,45.28899,-124.06997,IND,False,False,FDR-011,55566.4,active
2026-09-27T19:35:25.270736+00:00,CUST-00671,MTR-00671,5059 Alder Way,98195,45.45686,-124.55406,RES,False,False,FDR-011,560.2,active
2026-09-27T19:35:25.270736+00:00,CUST-00672,MTR-00672,4717 Harbor Rd,98968,48.278,-123.74058,COM,False,False,FDR-011,3827.9,active
2026-09-27T19:35:25.270736+00:00,CUST-00673,MTR-00673,3828 Pine Ave,98485,45.24281,-123.81509,RES,False,False,FDR-011,1191.4,active
2026-09-27T19:35:25.270736+00:00,CUST-00674,MTR-00674,3177 Summit Rd,98214,47.92744,-123.73299,RES,False,False,FDR-011,769.1,active
2026-09-27T19:35:25.270736+00:00,CUST-00675,MTR-00675,5910 Harbor Ave,98429,46.54892,-123.90699,RES,False,False,FDR-011,502.7,active
2026-09-27T19:35:25.270736+00:00,CUST-00676,MTR-00676,2379 Pine Way,98581,48.00312,-123.95488,RES,False,False,FDR-011,660.9,active
2026-09-27T19:35:25.270736+00:00,CUST-00677,MTR-00677,6431 Pine Rd,98111,47.26596,-124.13094,COM,False,False,FDR-011,8640.8,active
2026-09-27T19:35:25.270736+00:00,CUST-00678,MTR-00678,9985 Summit St,98191,48.42108,-124.48811,RES,False,False,FDR-011,483.5,active
2026-09-27T19:35:25.270736+00:00,CUST-00679,MTR-00679,8595 Cedar Ave,98334,46.22174,-124.32035,RES,False,False,FDR-011,927.7,active
2026-09-27T19:35:25.270736+00:00,CUST-00680,MTR-00680,3482 Pine Ave,98317,48.76254,-124.44503,IND,False,False,FDR-011,32504.7,active
2026-09-27T19:35:25.270736+00:00,CUST-00681,MTR-00681,7619 Harbor Ave,98007,45.77161,-123.90989,RES,False,False,FDR-011,648.3,active
2026-09-27T19:35:25.270736+00:00,CUST-00682,MTR-00682,7680 River St,98754,47.37745,-124.30379,RES,False,False,FDR-011,663.1,active
2026-09-27T19:35:25.270736+00:00,CUST-00683,MTR-00683,2969 Summit Ave,98183,46.8427,-123.75962,RES,False,False,FDR-011,969.3,active
2026-09-27T19:35:25.270736+00:00,CUST-00684,MTR-00684,4027 Pine Way,98903,48.479,-124.37987,COM,False,False,FDR-011,4754.9,active
2026-09-27T19:35:25.270736+00:00,CUST-00685,MTR-00685,9157 Cedar Way,98078,45.44028,-123.72815,COM,False,False,FDR-011,8361.2,active
2026-09-27T19:35:25.270736+00:00,CUST-00686,MTR-00686,1299 Alder Rd,98390,46.37365,-124.05888,IND,False,False,FDR-011,35797.5,active
2026-09-27T19:35:25.270736+00:00,CUST-00687,MTR-00687,7706 Summit Rd,98069,46.62803,-124.58712,RES,False,False,FDR-011,491.7,active
2026-09-27T19:35:25.270736+00:00,CUST-00688,MTR-00688,395 River St,98181,48.62007,-124.43169,RES,False,False,FDR-011,1056.3,active
2026-09-27T19:35:25.270736+00:00,CUST-00689,MTR-00689,3015 Pine St,98914,45.80643,-123.79433,RES,False,False,FDR-011,409.0,active
2026-09-27T19:35:25.270736+00:00,CUST-00690,MTR-00690,1784 Summit Way,98454,45.37192,-123.83825,COM,False,False,FDR-011,6637.8,active
2026-09-27T19:35:25.270736+00:00,CUST-00691,MTR-00691,362 Summit St,98014,46.55862,-124.35791,RES,False,False,FDR-011,599.8,active
2026-09-27T19:35:25.270736+00:00,CUST-00692,MTR-00692,2836 Cedar Rd,98524,45.42742,-123.44951,RES,False,False,FDR-011,477.3,active
2026-09-27T19:35:25.270736+00:00,CUST-00693,MTR-00693,3907 Pine St,98365,47.45643,-123.85039,RES,False,False,FDR-011,1147.5,active
2026-09-27T19:35:25.270736+00:00,CUST-00694,MTR-00694,6145 Cedar St,98906,46.33846,-124.13298,RES,False,False,FDR-011,767.0,active
2026-09-27T19:35:25.270736+00:00,CUST-00695,MTR-00695,9425 Pine Way,98982,46.99847,-123.41143,RES,False,False,FDR-011,970.0,active
2026-09-27T19:35:25.270736+00:00,CUST-00696,MTR-00696,5309 Alder Rd,98069,47.70674,-123.78652,RES,False,False,FDR-011,1177.9,active
2026-09-27T19:35:25.270736+00:00,CUST-00697,MTR-00697,317 Pine St,98631,46.81608,-123.98677,RES,False,False,FDR-011,993.5,active
2026-09-27T19:35:25.270736+00:00,CUST-00698,MTR-00698,4959 Pine Ave,98384,47.85649,-123.69131,IND,False,False,FDR-011,31853.6,active
2026-09-27T19:35:25.270736+00:00,CUST-00699,MTR-00699,5302 Alder St,98533,47.81111,-123.41374,RES,False,False,FDR-011,755.0,active
2026-09-27T19:35:25.270736+00:00,CUST-00700,MTR-00700,8936 Cedar Ave,98820,46.23844,-124.57157,IND,False,False,FDR-011,25901.2,active
2026-09-27T19:35:25.270736+00:00,CUST-00701,MTR-00701,8155 Cedar Ave,98053,48.34174,-123.97423,COM,False,False,FDR-011,6408.5,active
2026-09-27T19:35:25.270736+00:00,CUST-00702,MTR-00702,8413 Cedar Rd,98742,45.65202,-124.39159,COM,False,False,FDR-011,7566.6,active
2026-09-27T19:35:25.270736+00:00,CUST-00703,MTR-00703,3399 Harbor Rd,98081,46.08173,-124.38828,RES,False,False,FDR-011,599.2,active
2026-09-27T19:35:25.270736+00:00,CUST-00704,MTR-00704,7997 Cedar Rd,98437,46.78895,-123.99365,RES,False,False,FDR-011,987.9,active
2026-09-27T19:35:25.270736+00:00,CUST-00705,MTR-00705,5111 Summit Way,98384,46.28083,-123.95536,IND,False,False,FDR-011,32120.3,active
2026-09-27T19:35:25.270736+00:00,CUST-00706,MTR-00706,8303 Alder Way,98503,45.69196,-124.03689,COM,False,False,FDR-011,3327.4,active
2026-09-27T19:35:25.270736+00:00,CUST-00707,MTR-00707,6797 Cedar St,98394,48.69377,-124.15223,RES,False,False,FDR-011,791.6,active
2026-09-27T19:35:25.270736+00:00,CUST-00708,MTR-00708,6132 Alder St,98666,48.64555,-123.67448,COM,False,False,FDR-011,4440.1,active
2026-09-27T19:35:25.270736+00:00,CUST-00709,MTR-00709,2522 Harbor Rd,98966,46.07247,-124.55859,RES,False,False,FDR-011,1050.5,active
2026-09-27T19:35:25.270736+00:00,CUST-00710,MTR-00710,6397 Summit St,98530,47.28203,-123.80487,COM,False,False,FDR-011,2817.1,active
2026-09-27T19:35:25.270736+00:00,CUST-00711,MTR-00711,9702 Harbor Rd,98770,46.73674,-123.7698,RES,False,False,FDR-011,800.5,active
2026-09-27T19:35:25.270736+00:00,CUST-00712,MTR-00712,6620 Alder Way,98006,47.2614,-123.64296,COM,False,False,FDR-011,3883.1,active
2026-09-27T19:35:25.270736+00:00,CUST-00713,MTR-00713,2895 Pine Way,98190,45.45143,-123.76442,RES,True,False,FDR-011,820.0,active
2026-09-27T19:35:25.270736+00:00,CUST-00714,MTR-00714,3093 Pine Way,98923,47.00941,-124.46771,COM,False,False,FDR-011,3488.0,active
2026-09-27T19:35:25.270736+00:00,CUST-00715,MTR-00715,4634 Cedar Way,98030,47.44792,-123.55797,IND,False,False,FDR-011,31997.8,active
2026-09-27T19:35:25.270736+00:00,CUST-00716,MTR-00716,785 Cedar Ave,98534,47.93792,-124.58859,COM,False,False,FDR-011,8686.5,active
2026-09-27T19:35:25.270736+00:00,CUST-00717,MTR-00717,5621 River Rd,98344,47.37075,-123.41572,IND,False,True,FDR-011,36295.4,active
2026-09-27T19:35:25.270736+00:00,CUST-00718,MTR-00718,5933 Harbor St,98003,46.33481,-124.31248,RES,False,False,FDR-011,689.0,active
2026-09-27T19:35:25.270736+00:00,CUST-00719,MTR-00719,4172 Harbor Rd,98633,48.20752,-123.48996,RES,False,False,FDR-011,420.5,active
2026-09-27T19:35:25.270736+00:00,CUST-00720,MTR-00720,372 Alder Way,98894,46.68726,-124.37448,COM,False,False,FDR-011,8702.8,active
2026-09-27T19:35:25.270736+00:00,CUST-00721,MTR-00721,5807 Summit Rd,98674,47.64055,-124.31973,RES,False,False,FDR-011,787.6,active
2026-09-27T19:35:25.270736+00:00,CUST-00722,MTR-00722,8367 Cedar Ave,98509,46.58549,-123.87139,IND,False,False,FDR-011,54430.5,active
2026-09-27T19:35:25.270736+00:00,CUST-00723,MTR-00723,7999 Alder Ave,98249,48.7867,-123.41534,IND,False,False,FDR-011,57977.3,active
2026-09-27T19:35:25.270736+00:00,CUST-00724,MTR-00724,5449 Summit Way,98225,47.71967,-124.47344,RES,False,False,FDR-011,1194.7,active
2026-09-27T19:35:25.270736+00:00,CUST-00725,MTR-00725,1581 Alder Way,98892,48.43104,-124.45228,COM,False,False,FDR-011,5741.8,active
2026-09-27T19:35:25.270736+00:00,CUST-00726,MTR-00726,6352 Alder Rd,98827,47.36245,-123.82722,RES,False,False,FDR-011,701.6,active
2026-09-27T19:35:25.270736+00:00,CUST-00727,MTR-00727,2002 River Way,98130,45.51565,-124.49303,RES,False,False,FDR-011,992.5,active
2026-09-27T19:35:25.270736+00:00,CUST-00728,MTR-00728,7041 Harbor Way,98816,47.8529,-124.22704,IND,False,False,FDR-011,32466.5,active
2026-09-27T19:35:25.270736+00:00,CUST-00729,MTR-00729,5276 Pine Way,98857,47.58947,-123.89107,COM,False,False,FDR-011,2064.3,active
2026-09-27T19:35:25.270736+00:00,CUST-00730,MTR-00730,9912 Harbor Way,98514,47.36528,-124.42496,RES,False,False,FDR-011,932.3,active
2026-09-27T19:35:25.270736+00:00,CUST-00731,MTR-00731,6271 Cedar Way,98156,47.74348,-124.02606,COM,False,False,FDR-012,5465.2,active
2026-09-27T19:35:25.270736+00:00,CUST-00732,MTR-00732,8087 Alder Rd,98306,48.56396,-124.32991,IND,False,False,FDR-012,49921.7,active
2026-09-27T19:35:25.270736+00:00,CUST-00733,MTR-00733,6512 Summit St,98540,48.76783,-123.94247,IND,False,False,FDR-012,59564.1,active
2026-09-27T19:35:25.270736+00:00,CUST-00734,MTR-00734,9609 Cedar Way,98468,45.90233,-123.5725,COM,False,False,FDR-012,2916.3,active
2026-09-27T19:35:25.270736+00:00,CUST-00735,MTR-00735,249 Harbor St,98694,47.70544,-124.2507,COM,False,False,FDR-012,3527.0,active
2026-09-27T19:35:25.270736+00:00,CUST-00736,MTR-00736,7863 Pine St,98120,48.62143,-124.08747,IND,False,False,FDR-012,19322.1,active
2026-09-27T19:35:25.270736+00:00,CUST-00737,MTR-00737,8105 Harbor Ave,98668,48.69102,-123.84763,COM,False,False,FDR-012,2237.9,active
2026-09-27T19:35:25.270736+00:00,CUST-00738,MTR-00738,4609 Alder Rd,98376,48.06317,-123.80978,COM,False,False,FDR-012,8054.3,active
2026-09-27T19:35:25.270736+00:00,CUST-00739,MTR-00739,9481 Summit Way,98710,46.96119,-123.79745,RES,False,False,FDR-012,807.8,active
2026-09-27T19:35:25.270736+00:00,CUST-00740,MTR-00740,5428 Cedar Ave,98415,46.58226,-123.40005,COM,False,False,FDR-012,4088.5,active
2026-09-27T19:35:25.270736+00:00,CUST-00741,MTR-00741,8930 Alder St,98771,48.14287,-123.65983,IND,False,False,FDR-012,52671.5,active
2026-09-27T19:35:25.270736+00:00,CUST-00742,MTR-00742,5249 Cedar St,98131,45.62237,-123.5656,IND,False,False,FDR-012,35125.5,active
2026-09-27T19:35:25.270736+00:00,CUST-00743,MTR-00743,6056 River Ave,98433,47.22499,-123.57826,COM,False,False,FDR-012,8859.5,active
2026-09-27T19:35:25.270736+00:00,CUST-00744,MTR-00744,7389 Pine Rd,98711,46.28216,-123.46454,COM,False,True,FDR-012,7479.6,active
2026-09-27T19:35:25.270736+00:00,CUST-00745,MTR-00745,3984 Cedar Ave,98145,46.46762,-123.95415,RES,False,False,FDR-012,567.9,active
2026-09-27T19:35:25.270736+00:00,CUST-00746,MTR-00746,7014 Cedar Way,98266,45.68315,-123.93752,RES,False,False,FDR-012,873.4,active
2026-09-27T19:35:25.270736+00:00,CUST-00747,MTR-00747,3438 Cedar Way,98648,46.84184,-123.46631,RES,False,False,FDR-012,941.2,active
2026-09-27T19:35:25.270736+00:00,CUST-00748,MTR-00748,5283 Summit Rd,98026,47.22911,-123.82267,COM,False,False,FDR-012,3148.3,active
2026-09-27T19:35:25.270736+00:00,CUST-00749,MTR-00749,5564 Harbor Ave,98889,47.11329,-123.77922,COM,False,False,FDR-012,4305.5,active
2026-09-27T19:35:25.270736+00:00,CUST-00750,MTR-00750,2979 River Way,98602,46.55776,-123.43747,IND,True,False,FDR-012,56653.6,active
2026-09-27T19:35:25.270736+00:00,CUST-00751,MTR-00751,885 Pine Way,98969,46.45604,-123.91341,IND,False,False,FDR-012,19458.0,active
2026-09-27T19:35:25.270736+00:00,CUST-00752,MTR-00752,7912 River Ave,98265,47.86867,-123.4384,IND,False,False,FDR-012,53233.4,active
2026-09-27T19:35:25.270736+00:00,CUST-00753,MTR-00753,6164 Alder Ave,98694,47.56723,-124.4288,RES,False,False,FDR-012,854.0,active
2026-09-27T19:35:25.270736+00:00,CUST-00754,MTR-00754,8629 Alder Ave,98312,46.78026,-124.1752,COM,False,False,FDR-012,4007.7,active
2026-09-27T19:35:25.270736+00:00,CUST-00755,MTR-00755,1634 Pine St,98086,46.66345,-124.22472,COM,False,False,FDR-012,2556.3,active
2026-09-27T19:35:25.270736+00:00,CUST-00756,MTR-00756,2335 Summit Rd,98527,48.11005,-124.58717,COM,False,False,FDR-012,6739.2,active
2026-09-27T19:35:25.270736+00:00,CUST-00757,MTR-00757,7062 Alder Way,98250,47.71238,-124.11343,COM,False,False,FDR-012,8376.2,active
2026-09-27T19:35:25.270736+00:00,CUST-00758,MTR-00758,2861 Alder Ave,98179,48.797,-123.46607,COM,False,False,FDR-012,2296.5,active
2026-09-27T19:35:25.270736+00:00,CUST-00759,MTR-00759,5637 Alder Ave,98851,46.47185,-124.53891,RES,False,False,FDR-012,796.4,active
2026-09-27T19:35:25.270736+00:00,CUST-00760,MTR-00760,6549 Pine Way,98951,46.24423,-124.02025,COM,False,False,FDR-012,2015.6,active
2026-09-27T19:35:25.270736+00:00,CUST-00761,MTR-00761,7642 Harbor Way,98362,48.56749,-123.52901,COM,False,False,FDR-012,2402.5,active
2026-09-27T19:35:25.270736+00:00,CUST-00762,MTR-00762,1488 River Ave,98420,48.40471,-124.37661,RES,False,True,FDR-012,683.6,active
2026-09-27T19:35:25.270736+00:00,CUST-00763,MTR-00763,3084 River Way,98111,47.97001,-124.29984,RES,True,False,FDR-012,776.6,active
2026-09-27T19:35:25.270736+00:00,CUST-00764,MTR-00764,1913 Pine Way,98041,45.70355,-123.70349,RES,False,False,FDR-012,404.6,active
2026-09-27T19:35:25.270736+00:00,CUST-00765,MTR-00765,4454 Cedar Rd,98500,48.44359,-124.40762,RES,False,False,FDR-012,559.2,active
2026-09-27T19:35:25.270736+00:00,CUST-00766,MTR-00766,6470 Pine St,98980,45.65876,-123.69869,COM,False,False,FDR-012,4799.1,active
2026-09-27T19:35:25.270736+00:00,CUST-00767,MTR-00767,7139 River St,98444,46.43883,-124.58362,RES,False,False,FDR-012,947.6,active
2026-09-27T19:35:25.270736+00:00,CUST-00768,MTR-00768,1984 Harbor Ave,98682,47.93924,-124.3027,RES,False,False,FDR-012,522.0,active
2026-09-27T19:35:25.270736+00:00,CUST-00769,MTR-00769,9786 Alder Ave,98234,48.01778,-124.47632,IND,False,False,FDR-012,23490.1,active
2026-09-27T19:35:25.270736+00:00,CUST-00770,MTR-00770,934 Summit Rd,98537,48.76544,-123.48508,RES,False,False,FDR-012,741.0,active
2026-09-27T19:35:25.270736+00:00,CUST-00771,MTR-00771,1903 Harbor Way,98287,45.99839,-124.08871,RES,False,False,FDR-012,449.1,active
2026-09-27T19:35:25.270736+00:00,CUST-00772,MTR-00772,4774 Summit Way,98930,48.42238,-124.3819,RES,False,False,FDR-012,400.4,active
2026-09-27T19:35:25.270736+00:00,CUST-00773,MTR-00773,9140 Pine Way,98369,48.61398,-124.1637,COM,False,False,FDR-012,2678.2,active
2026-09-27T19:35:25.270736+00:00,CUST-00774,MTR-00774,1529 Cedar Ave,98644,47.32008,-123.87434,COM,False,False,FDR-012,3931.6,active
2026-09-27T19:35:25.270736+00:00,CUST-00775,MTR-00775,1716 Cedar Way,98308,48.68599,-123.53915,COM,False,False,FDR-012,3350.5,active
2026-09-27T19:35:25.270736+00:00,CUST-00776,MTR-00776,9280 Harbor Way,98459,47.12081,-124.41559,COM,False,False,FDR-012,4927.5,active
2026-09-27T19:35:25.270736+00:00,CUST-00777,MTR-00777,9916 Harbor Ave,98296,45.44375,-124.0972,COM,False,False,FDR-012,5527.1,active
2026-09-27T19:35:25.270736+00:00,CUST-00778,MTR-00778,8512 Cedar Ave,98448,48.70091,-124.37177,RES,False,False,FDR-012,1051.6,active
2026-09-27T19:35:25.270736+00:00,CUST-00779,MTR-00779,9801 Alder St,98900,46.60489,-123.87134,IND,False,False,FDR-012,40735.4,active
2026-09-27T19:35:25.270736+00:00,CUST-00780,MTR-00780,2051 Pine Ave,98046,47.79408,-124.2894,IND,False,False,FDR-012,27083.2,active
2026-09-27T19:35:25.270736+00:00,CUST-00781,MTR-00781,4179 Pine St,98001,45.7333,-123.53968,COM,False,False,FDR-012,3893.0,active
2026-09-27T19:35:25.270736+00:00,CUST-00782,MTR-00782,6790 River Way,98332,46.5288,-124.5001,COM,False,False,FDR-012,5844.9,active
2026-09-27T19:35:25.270736+00:00,CUST-00783,MTR-00783,9656 Cedar Rd,98968,46.47974,-123.72343,RES,True,False,FDR-012,623.8,active
2026-09-27T19:35:25.270736+00:00,CUST-00784,MTR-00784,6579 Pine Rd,98237,47.37563,-124.35261,COM,False,False,FDR-012,4269.8,active
2026-09-27T19:35:25.270736+00:00,CUST-00785,MTR-00785,3194 River Rd,98965,48.44781,-124.48757,COM,False,False,FDR-012,3295.2,active
2026-09-27T19:35:25.270736+00:00,CUST-00786,MTR-00786,2451 Cedar Rd,98251,46.31658,-123.5377,COM,False,False,FDR-012,6811.6,active
2026-09-27T19:35:25.270736+00:00,CUST-00787,MTR-00787,6291 Summit St,98112,45.56084,-123.96787,RES,False,False,FDR-012,981.4,active
2026-09-27T19:35:25.270736+00:00,CUST-00788,MTR-00788,9924 Cedar St,98980,48.18986,-123.47839,IND,False,True,FDR-012,27044.5,active
2026-09-27T19:35:25.270736+00:00,CUST-00789,MTR-00789,7379 Pine Way,98339,46.4182,-123.75105,IND,False,False,FDR-012,40328.3,active
2026-09-27T19:35:25.270736+00:00,CUST-00790,MTR-00790,4961 Cedar Rd,98145,47.69135,-123.84702,RES,False,False,FDR-012,498.5,active
2026-09-27T19:35:25.270736+00:00,CUST-00791,MTR-00791,6403 Alder St,98503,46.73769,-124.42315,RES,False,False,FDR-012,924.3,active
2026-09-27T19:35:25.270736+00:00,CUST-00792,MTR-00792,1489 Cedar Ave,98182,48.64328,-124.26182,RES,False,False,FDR-012,461.0,active
2026-09-27T19:35:25.270736+00:00,CUST-00793,MTR-00793,5807 Cedar Way,98938,47.64596,-124.41974,RES,False,False,FDR-012,933.8,active
2026-09-27T19:35:25.270736+00:00,CUST-00794,MTR-00794,2535 Alder Ave,98327,48.11859,-123.74643,RES,False,False,FDR-012,461.1,active
2026-09-27T19:35:25.270736+00:00,CUST-00795,MTR-00795,4662 Pine St,98330,48.02797,-124.02588,RES,False,False,FDR-012,453.9,active
2026-09-27T19:35:25.270736+00:00,CUST-00796,MTR-00796,5563 Pine Ave,98392,46.34954,-124.0914,RES,False,False,FDR-012,954.7,active
2026-09-27T19:35:25.270736+00:00,CUST-00797,MTR-00797,8733 River Ave,98719,46.97337,-123.95654,RES,False,False,FDR-012,584.1,active
2026-09-27T19:35:25.270736+00:00,CUST-00798,MTR-00798,1076 Harbor Way,98869,48.77806,-124.57941,RES,True,False,FDR-012,846.7,active
2026-09-27T19:35:25.270736+00:00,CUST-00799,MTR-00799,4073 Pine Ave,98057,46.26091,-124.42703,IND,False,False,FDR-012,56082.9,active
2026-09-27T19:35:25.270736+00:00,CUST-00800,MTR-00800,1836 Alder St,98488,47.73427,-124.14705,COM,False,False,FDR-012,8754.4,active
2026-09-27T19:35:25.270736+00:00,CUST-00801,MTR-00801,7796 Alder Ave,98766,46.08216,-123.38503,RES,False,False,FDR-013,1064.9,active
2026-09-27T19:35:25.270736+00:00,CUST-00802,MTR-00802,2654 Cedar St,98618,46.68148,-122.9952,COM,False,False,FDR-013,6866.7,active
2026-09-27T19:35:25.270736+00:00,CUST-00803,MTR-00803,4327 River Way,98726,46.62701,-122.89166,IND,False,False,FDR-013,47013.3,active
2026-09-27T19:35:25.270736+00:00,CUST-00804,MTR-00804,1017 Pine Rd,98188,48.70324,-122.7742,RES,False,False,FDR-013,1182.3,active
2026-09-27T19:35:25.270736+00:00,CUST-00805,MTR-00805,6333 Pine St,98822,48.23017,-122.42013,IND,False,False,FDR-013,43885.1,active
2026-09-27T19:35:25.270736+00:00,CUST-00806,MTR-00806,4723 Pine St,98066,45.59024,-123.30663,RES,False,False,FDR-013,882.6,active
2026-09-27T19:35:25.270736+00:00,CUST-00807,MTR-00807,9440 River St,98577,46.31283,-122.73797,RES,False,False,FDR-013,910.7,active
2026-09-27T19:35:25.270736+00:00,CUST-00808,MTR-00808,8295 Pine Way,98769,45.53556,-123.02967,IND,False,False,FDR-013,58143.3,active
2026-09-27T19:35:25.270736+00:00,CUST-00809,MTR-00809,2560 Cedar Rd,98488,47.72956,-123.28314,RES,False,False,FDR-013,725.8,active
2026-09-27T19:35:25.270736+00:00,CUST-00810,MTR-00810,3894 Pine Ave,98787,45.7804,-122.58115,COM,False,False,FDR-013,6381.7,active
2026-09-27T19:35:25.270736+00:00,CUST-00811,MTR-00811,2249 Harbor Way,98368,47.05868,-122.52554,COM,False,False,FDR-013,8511.6,active
2026-09-27T19:35:25.270736+00:00,CUST-00812,MTR-00812,1328 Pine Rd,98099,48.40645,-122.47099,COM,False,False,FDR-013,3461.7,active
2026-09-27T19:35:25.270736+00:00,CUST-00813,MTR-00813,8274 Cedar Rd,98321,47.95874,-123.02855,IND,False,True,FDR-013,55281.1,active
2026-09-27T19:35:25.270736+00:00,CUST-00814,MTR-00814,4326 Summit Way,98781,46.20842,-122.96401,RES,False,False,FDR-013,471.4,active
2026-09-27T19:35:25.270736+00:00,CUST-00815,MTR-00815,2213 Summit Way,98524,45.64628,-122.71752,RES,False,False,FDR-013,431.7,active
2026-09-27T19:35:25.270736+00:00,CUST-00816,MTR-00816,799 River St,98758,45.50057,-122.90417,IND,False,False,FDR-013,59606.2,active
2026-09-27T19:35:25.270736+00:00,CUST-00817,MTR-00817,1295 Pine Rd,98895,45.22859,-122.37633,IND,False,False,FDR-013,32967.6,active
2026-09-27T19:35:25.270736+00:00,CUST-00818,MTR-00818,1875 Summit Rd,98204,46.88656,-122.75786,RES,False,False,FDR-013,1054.6,active
2026-09-27T19:35:25.270736+00:00,CUST-00819,MTR-00819,727 River Ave,98971,48.78718,-122.81645,RES,False,False,FDR-013,961.8,active
2026-09-27T19:35:25.270736+00:00,CUST-00820,MTR-00820,7146 Summit Ave,98055,47.24554,-122.21463,RES,False,False,FDR-013,1019.4,active
2026-09-27T19:35:25.270736+00:00,CUST-00821,MTR-00821,6736 Cedar Way,98894,47.66122,-123.07618,RES,False,False,FDR-013,908.5,active
2026-09-27T19:35:25.270736+00:00,CUST-00822,MTR-00822,7121 Harbor Way,98168,45.97078,-122.32831,COM,False,False,FDR-013,2376.2,active
2026-09-27T19:35:25.270736+00:00,CUST-00823,MTR-00823,9444 Summit St,98574,46.9118,-122.5734,RES,False,False,FDR-013,528.6,active
2026-09-27T19:35:25.270736+00:00,CUST-00824,MTR-00824,5285 Cedar Ave,98918,47.80181,-122.70581,IND,False,False,FDR-013,52057.7,active
2026-09-27T19:35:25.270736+00:00,CUST-00825,MTR-00825,7481 Pine Rd,98654,46.33907,-122.44958,RES,False,False,FDR-013,939.2,active
2026-09-27T19:35:25.270736+00:00,CUST-00826,MTR-00826,5803 Pine Ave,98995,48.72452,-122.89579,COM,False,False,FDR-013,3162.7,active
2026-09-27T19:35:25.270736+00:00,CUST-00827,MTR-00827,8277 Alder Rd,98423,48.12961,-123.38057,COM,True,False,FDR-013,5514.6,active
2026-09-27T19:35:25.270736+00:00,CUST-00828,MTR-00828,6213 Pine Ave,98555,46.73306,-122.23112,RES,False,False,FDR-013,668.7,active
2026-09-27T19:35:25.270736+00:00,CUST-00829,MTR-00829,1725 Cedar St,98091,47.67878,-122.87501,RES,False,False,FDR-013,626.6,active
2026-09-27T19:35:25.270736+00:00,CUST-00830,MTR-00830,8347 River St,98683,45.57323,-122.50007,COM,False,False,FDR-013,5813.1,active
2026-09-27T19:35:25.270736+00:00,CUST-00831,MTR-00831,5844 Summit Rd,98929,47.99677,-122.73809,RES,False,False,FDR-013,491.6,active
2026-09-27T19:35:25.270736+00:00,CUST-00832,MTR-00832,4433 Harbor Rd,98689,46.62491,-122.27246,IND,False,False,FDR-013,27042.4,active
2026-09-27T19:35:25.270736+00:00,CUST-00833,MTR-00833,8602 Alder Way,98343,48.47261,-123.36079,RES,False,True,FDR-013,421.0,active
2026-09-27T19:35:25.270736+00:00,CUST-00834,MTR-00834,9567 Summit Ave,98961,46.07059,-122.23181,RES,False,False,FDR-013,554.1,active
2026-09-27T19:35:25.270736+00:00,CUST-00835,MTR-00835,2169 River St,98646,46.65123,-123.01825,COM,False,False,FDR-013,3616.8,active
2026-09-27T19:35:25.270736+00:00,CUST-00836,MTR-00836,1628 Cedar Rd,98011,47.45835,-123.08772,COM,False,False,FDR-013,8640.9,active
2026-09-27T19:35:25.270736+00:00,CUST-00837,MTR-00837,2238 Summit Way,98191,47.42516,-122.74759,COM,False,False,FDR-013,6002.6,active
2026-09-27T19:35:25.270736+00:00,CUST-00838,MTR-00838,4367 Alder St,98281,45.89778,-122.39145,RES,False,False,FDR-013,981.1,active
2026-09-27T19:35:25.270736+00:00,CUST-00839,MTR-00839,1854 Pine Way,98268,47.49819,-122.70477,RES,False,False,FDR-013,482.7,active
2026-09-27T19:35:25.270736+00:00,CUST-00840,MTR-00840,1305 Summit St,98215,46.50103,-122.39402,RES,False,False,FDR-013,712.6,active
2026-09-27T19:35:25.270736+00:00,CUST-00841,MTR-00841,9394 Alder St,98120,47.48079,-122.85895,COM,False,False,FDR-013,4091.3,active
2026-09-27T19:35:25.270736+00:00,CUST-00842,MTR-00842,3259 River St,98548,47.41042,-122.74422,RES,False,False,FDR-013,526.7,active
2026-09-27T19:35:25.270736+00:00,CUST-00843,MTR-00843,1467 Alder Ave,98274,45.9787,-122.96213,RES,False,False,FDR-013,1118.9,active
2026-09-27T19:35:25.270736+00:00,CUST-00844,MTR-00844,8499 Summit Ave,98256,46.45479,-122.7382,RES,False,False,FDR-013,635.5,active
2026-09-27T19:35:25.270736+00:00,CUST-00845,MTR-00845,2814 Pine Rd,98443,47.78263,-122.24575,RES,False,False,FDR-013,482.3,active
2026-09-27T19:35:25.270736+00:00,CUST-00846,MTR-00846,6226 Alder St,98460,48.13721,-122.65251,RES,False,False,FDR-013,885.8,active
2026-09-27T19:35:25.270736+00:00,CUST-00847,MTR-00847,8791 Harbor Rd,98030,46.11103,-122.90823,RES,False,False,FDR-013,883.1,active
2026-09-27T19:35:25.270736+00:00,CUST-00848,MTR-00848,5251 Cedar St,98326,48.04723,-122.97071,RES,False,False,FDR-013,458.1,active
2026-09-27T19:35:25.270736+00:00,CUST-00849,MTR-00849,6417 Harbor Ave,98539,46.38393,-122.84155,COM,False,True,FDR-013,8291.2,active
2026-09-27T19:35:25.270736+00:00,CUST-00850,MTR-00850,7009 Alder Rd,98325,47.38846,-122.33997,RES,False,False,FDR-013,1087.9,active
2026-09-27T19:35:25.270736+00:00,CUST-00851,MTR-00851,2903 River Way,98605,48.08981,-122.80162,IND,False,False,FDR-013,20584.2,active
2026-09-27T19:35:25.270736+00:00,CUST-00852,MTR-00852,2247 Summit St,98917,45.26421,-122.46003,RES,False,False,FDR-013,860.6,active
2026-09-27T19:35:25.270736+00:00,CUST-00853,MTR-00853,4600 Harbor Way,98409,47.52119,-123.31666,COM,False,False,FDR-013,7617.6,active
2026-09-27T19:35:25.270736+00:00,CUST-00854,MTR-00854,2089 Harbor St,98029,47.40435,-122.92801,RES,False,False,FDR-013,957.2,active
2026-09-27T19:35:25.270736+00:00,CUST-00855,MTR-00855,3231 Alder Way,98835,45.57849,-123.01257,RES,True,False,FDR-013,950.1,active
2026-09-27T19:35:25.270736+00:00,CUST-00856,MTR-00856,1329 Harbor Way,98704,48.32485,-123.08837,COM,False,False,FDR-013,2775.6,active
2026-09-27T19:35:25.270736+00:00,CUST-00857,MTR-00857,2524 River Rd,98652,47.71519,-122.29017,COM,False,False,FDR-013,2839.3,active
2026-09-27T19:35:25.270736+00:00,CUST-00858,MTR-00858,8008 Pine St,98270,46.06588,-122.82649,RES,False,False,FDR-013,792.1,active
2026-09-27T19:35:25.270736+00:00,CUST-00859,MTR-00859,1378 Cedar Rd,98061,47.21065,-122.35255,IND,False,False,FDR-013,24265.1,active
2026-09-27T19:35:25.270736+00:00,CUST-00860,MTR-00860,9775 River Way,98778,45.97809,-122.41779,RES,False,True,FDR-013,550.3,active
2026-09-27T19:35:25.270736+00:00,CUST-00861,MTR-00861,7512 River Ave,98798,48.25211,-123.27321,RES,False,False,FDR-013,504.0,active
2026-09-27T19:35:25.270736+00:00,CUST-00862,MTR-00862,1855 Alder St,98246,45.79111,-123.03142,RES,False,False,FDR-013,1095.9,active
2026-09-27T19:35:25.270736+00:00,CUST-00863,MTR-00863,1477 Harbor Rd,98217,45.30291,-122.60574,RES,False,False,FDR-013,762.1,active
2026-09-27T19:35:25.270736+00:00,CUST-00864,MTR-00864,7023 Pine Way,98193,46.40146,-122.87039,RES,False,False,FDR-013,695.8,active
2026-09-27T19:35:25.270736+00:00,CUST-00865,MTR-00865,1919 Pine St,98054,47.38681,-122.77766,RES,False,False,FDR-013,487.3,active
2026-09-27T19:35:25.270736+00:00,CUST-00866,MTR-00866,6537 Cedar Ave,98751,47.11567,-123.06945,RES,False,False,FDR-014,1106.1,active
2026-09-27T19:35:25.270736+00:00,CUST-00867,MTR-00867,150 Cedar Ave,98515,45.94054,-122.45713,IND,False,False,FDR-014,41834.1,active
2026-09-27T19:35:25.270736+00:00,CUST-00868,MTR-00868,5542 Summit Ave,98985,48.26923,-122.57448,COM,False,False,FDR-014,6770.1,active
2026-09-27T19:35:25.270736+00:00,CUST-00869,MTR-00869,259 River Way,98992,45.27498,-122.23075,RES,False,False,FDR-014,1105.0,active
2026-09-27T19:35:25.270736+00:00,CUST-00870,MTR-00870,3840 River Ave,98773,46.09104,-123.26874,RES,False,False,FDR-014,1055.1,active
2026-09-27T19:35:25.270736+00:00,CUST-00871,MTR-00871,8070 Harbor Way,98469,48.09401,-122.99719,RES,False,False,FDR-014,792.5,active
2026-09-27T19:35:25.270736+00:00,CUST-00872,MTR-00872,8035 Cedar Way,98702,46.40146,-122.7786,RES,False,False,FDR-014,931.1,active
2026-09-27T19:35:25.270736+00:00,CUST-00873,MTR-00873,4103 River Rd,98368,48.72309,-122.37248,COM,False,False,FDR-014,2991.4,active
2026-09-27T19:35:25.270736+00:00,CUST-00874,MTR-00874,7460 River Ave,98271,48.63733,-122.63352,RES,False,False,FDR-014,1172.4,active
2026-09-27T19:35:25.270736+00:00,CUST-00875,MTR-00875,5724 River St,98443,47.32093,-122.26568,COM,False,False,FDR-014,3334.0,active
2026-09-27T19:35:25.270736+00:00,CUST-00876,MTR-00876,7740 Alder Ave,98535,48.05243,-123.05391,IND,False,False,FDR-014,45848.7,active
2026-09-27T19:35:25.270736+00:00,CUST-00877,MTR-00877,4736 River St,98054,46.29312,-123.05409,RES,False,False,FDR-014,1039.8,active
2026-09-27T19:35:25.270736+00:00,CUST-00878,MTR-00878,8324 Alder Ave,98976,47.57691,-123.39923,RES,False,False,FDR-014,601.1,active
2026-09-27T19:35:25.270736+00:00,CUST-00879,MTR-00879,5910 Pine Rd,98432,47.83899,-122.88154,RES,False,False,FDR-014,1134.6,active
2026-09-27T19:35:25.270736+00:00,CUST-00880,MTR-00880,5383 River Ave,98699,46.14054,-123.03757,RES,False,False,FDR-014,648.6,active
2026-09-27T19:35:25.270736+00:00,CUST-00881,MTR-00881,9042 Pine Rd,98801,47.19542,-123.03873,IND,False,False,FDR-014,43274.3,active
2026-09-27T19:35:25.270736+00:00,CUST-00882,MTR-00882,7106 Summit Rd,98984,46.79084,-123.02409,IND,False,False,FDR-014,36077.0,active
2026-09-27T19:35:25.270736+00:00,CUST-00883,MTR-00883,4075 River Way,98130,45.29512,-122.47988,RES,False,False,FDR-014,470.7,active
2026-09-27T19:35:25.270736+00:00,CUST-00884,MTR-00884,8587 Summit St,98086,46.25604,-122.4936,COM,False,False,FDR-014,4820.6,active
2026-09-27T19:35:25.270736+00:00,CUST-00885,MTR-00885,1097 Cedar St,98718,45.58538,-122.68679,RES,False,False,FDR-014,1057.6,active
2026-09-27T19:35:25.270736+00:00,CUST-00886,MTR-00886,5193 Alder St,98824,48.6822,-123.23632,RES,False,False,FDR-014,1116.0,active
2026-09-27T19:35:25.270736+00:00,CUST-00887,MTR-00887,1797 Summit St,98852,45.44171,-123.21637,RES,False,False,FDR-014,1103.9,active
2026-09-27T19:35:25.270736+00:00,CUST-00888,MTR-00888,9057 Harbor Rd,98879,45.63852,-122.91453,COM,False,False,FDR-014,7741.9,active
2026-09-27T19:35:25.270736+00:00,CUST-00889,MTR-00889,9056 Pine Rd,98491,47.49031,-123.17823,COM,False,False,FDR-014,6602.3,active
2026-09-27T19:35:25.270736+00:00,CUST-00890,MTR-00890,7701 Summit Rd,98151,47.31955,-122.95919,RES,False,False,FDR-014,620.1,active
2026-09-27T19:35:25.270736+00:00,CUST-00891,MTR-00891,7382 Cedar Way,98985,46.60195,-122.70335,RES,False,False,FDR-014,427.3,active
2026-09-27T19:35:25.270736+00:00,CUST-00892,MTR-00892,5815 Alder Rd,98525,46.19685,-122.2219,RES,False,False,FDR-014,686.2,active
2026-09-27T19:35:25.270736+00:00,CUST-00893,MTR-00893,5063 Summit St,98938,47.56136,-122.72422,RES,False,False,FDR-014,767.6,active
2026-09-27T19:35:25.270736+00:00,CUST-00894,MTR-00894,8708 Harbor Ave,98714,46.89831,-122.60923,IND,False,False,FDR-014,49892.9,active
2026-09-27T19:35:25.270736+00:00,CUST-00895,MTR-00895,3896 Cedar St,98511,47.30418,-122.40414,RES,False,False,FDR-014,454.1,active
2026-09-27T19:35:25.270736+00:00,CUST-00896,MTR-00896,2950 Alder Rd,98773,48.73278,-122.42973,COM,False,False,FDR-014,3656.3,active
2026-09-27T19:35:25.270736+00:00,CUST-00897,MTR-00897,582 Pine Way,98110,46.10174,-123.3551,RES,False,False,FDR-014,999.9,active
2026-09-27T19:35:25.270736+00:00,CUST-00898,MTR-00898,3794 Pine Ave,98444,47.49462,-122.73224,COM,False,False,FDR-014,5437.7,active
2026-09-27T19:35:25.270736+00:00,CUST-00899,MTR-00899,2402 Cedar Way,98792,45.50967,-123.37091,IND,False,False,FDR-014,16495.8,active
2026-09-27T19:35:25.270736+00:00,CUST-00900,MTR-00900,3215 Pine Rd,98512,46.42656,-122.58117,RES,False,False,FDR-014,1166.2,active
2026-09-27T19:35:25.270736+00:00,CUST-00901,MTR-00901,9424 Cedar Ave,98801,48.27232,-122.43808,RES,False,False,FDR-014,751.1,active
2026-09-27T19:35:25.270736+00:00,CUST-00902,MTR-00902,4218 Summit Way,98069,46.03006,-122.67821,COM,False,False,FDR-014,3568.1,active
2026-09-27T19:35:25.270736+00:00,CUST-00903,MTR-00903,6640 River St,98559,45.4692,-122.70957,IND,False,False,FDR-014,37502.1,active
2026-09-27T19:35:25.270736+00:00,CUST-00904,MTR-00904,3385 Harbor St,98142,48.57294,-122.21808,COM,False,False,FDR-014,2225.9,active
2026-09-27T19:35:25.270736+00:00,CUST-00905,MTR-00905,9338 River St,98354,48.52703,-122.604,RES,False,False,FDR-014,1102.6,active
2026-09-27T19:35:25.270736+00:00,CUST-00906,MTR-00906,783 Cedar St,98508,47.40476,-123.30329,RES,False,False,FDR-014,841.1,active
2026-09-27T19:35:25.270736+00:00,CUST-00907,MTR-00907,531 Pine Rd,98698,46.91933,-122.46215,COM,False,False,FDR-014,3594.3,active
2026-09-27T19:35:25.270736+00:00,CUST-00908,MTR-00908,2357 Cedar Rd,98120,45.38771,-122.48118,COM,False,False,FDR-014,5008.0,active
2026-09-27T19:35:25.270736+00:00,CUST-00909,MTR-00909,3821 Summit St,98821,45.89712,-122.87617,COM,False,False,FDR-014,3624.2,active
2026-09-27T19:35:25.270736+00:00,CUST-00910,MTR-00910,9969 Alder Ave,98299,45.40478,-123.33201,RES,False,False,FDR-014,750.8,active
2026-09-27T19:35:25.270736+00:00,CUST-00911,MTR-00911,5948 Pine Rd,98730,45.64055,-123.30784,RES,False,False,FDR-014,600.2,active
2026-09-27T19:35:25.270736+00:00,CUST-00912,MTR-00912,8348 Cedar St,98354,46.25366,-122.61563,RES,False,False,FDR-014,821.5,active
2026-09-27T19:35:25.270736+00:00,CUST-00913,MTR-00913,9159 Pine St,98381,46.20722,-123.15573,RES,False,False,FDR-014,509.7,active
2026-09-27T19:35:25.270736+00:00,CUST-00914,MTR-00914,8274 Cedar Way,98284,48.72047,-122.56199,COM,False,False,FDR-014,5176.3,active
2026-09-27T19:35:25.270736+00:00,CUST-00915,MTR-00915,6402 Summit St,98229,45.50418,-123.06509,COM,False,False,FDR-014,5467.5,active
2026-09-27T19:35:25.270736+00:00,CUST-00916,MTR-00916,5608 Harbor Ave,98775,47.11697,-122.60752,RES,False,False,FDR-014,425.0,active
2026-09-27T19:35:25.270736+00:00,CUST-00917,MTR-00917,1889 River Rd,98975,46.76267,-122.88694,RES,False,False,FDR-014,983.4,active
2026-09-27T19:35:25.270736+00:00,CUST-00918,MTR-00918,4361 Pine Rd,98478,48.76721,-122.75829,COM,False,False,FDR-014,7034.5,active
2026-09-27T19:35:25.270736+00:00,CUST-00919,MTR-00919,8993 Harbor Way,98584,48.46777,-123.06316,COM,False,False,FDR-014,3920.7,active
2026-09-27T19:35:25.270736+00:00,CUST-00920,MTR-00920,5128 River Way,98856,46.16749,-123.09938,RES,False,False,FDR-014,922.4,active
2026-09-27T19:35:25.270736+00:00,CUST-00921,MTR-00921,9219 Pine Rd,98059,45.26216,-123.38936,RES,False,False,FDR-014,429.6,active
2026-09-27T19:35:25.270736+00:00,CUST-00922,MTR-00922,4624 Harbor Rd,98130,47.39718,-123.02317,COM,False,False,FDR-014,3258.6,active
2026-09-27T19:35:25.270736+00:00,CUST-00923,MTR-00923,7314 River Way,98042,47.42462,-123.3405,RES,False,False,FDR-014,491.6,active
2026-09-27T19:35:25.270736+00:00,CUST-00924,MTR-00924,5889 River St,98614,47.77238,-123.08913,COM,False,False,FDR-014,6748.7,active
2026-09-27T19:35:25.270736+00:00,CUST-00925,MTR-00925,6915 Cedar Rd,98896,46.79773,-122.78676,RES,False,False,FDR-014,589.6,active
2026-09-27T19:35:25.270736+00:00,CUST-00926,MTR-00926,4917 River St,98164,48.03739,-122.99802,RES,False,False,FDR-014,726.5,active
2026-09-27T19:35:25.270736+00:00,CUST-00927,MTR-00927,8426 River Way,98962,48.48274,-123.36936,RES,False,False,FDR-014,887.2,active
2026-09-27T19:35:25.270736+00:00,CUST-00928,MTR-00928,3779 River Rd,98551,47.56541,-123.21991,RES,False,False,FDR-014,1010.1,active
2026-09-27T19:35:25.270736+00:00,CUST-00929,MTR-00929,3295 River Way,98932,48.07354,-122.67148,COM,False,False,FDR-014,5642.4,active
2026-09-27T19:35:25.270736+00:00,CUST-00930,MTR-00930,7391 Alder Rd,98370,48.71891,-123.12293,RES,False,False,FDR-014,651.9,active
2026-09-27T19:35:25.270736+00:00,CUST-00931,MTR-00931,9428 Pine Ave,98795,48.49269,-122.616,RES,False,False,FDR-014,884.2,active
2026-09-27T19:35:25.270736+00:00,CUST-00932,MTR-00932,8374 Pine Rd,98647,47.37996,-122.44497,RES,False,False,FDR-014,673.3,active
2026-09-27T19:35:25.270736+00:00,CUST-00933,MTR-00933,7798 Alder St,98129,46.83465,-123.19987,IND,False,False,FDR-014,47012.2,active
2026-09-27T19:35:25.270736+00:00,CUST-00934,MTR-00934,7019 Harbor Ave,98411,47.68417,-122.21208,IND,False,False,FDR-014,56338.0,active
2026-09-27T19:35:25.270736+00:00,CUST-00935,MTR-00935,841 Cedar Way,98972,45.62851,-122.32309,COM,False,False,FDR-014,6140.3,active
2026-09-27T19:35:25.270736+00:00,CUST-00936,MTR-00936,9759 River St,98155,47.86651,-122.87717,RES,False,False,FDR-015,1006.1,active
2026-09-27T19:35:25.270736+00:00,CUST-00937,MTR-00937,1687 Pine Way,98505,47.53786,-122.94475,RES,False,False,FDR-015,750.9,active
2026-09-27T19:35:25.270736+00:00,CUST-00938,MTR-00938,3023 Pine St,98833,47.0907,-122.79013,RES,False,False,FDR-015,1142.4,active
2026-09-27T19:35:25.270736+00:00,CUST-00939,MTR-00939,2813 Cedar Way,98280,46.74994,-123.06609,COM,False,False,FDR-015,4200.6,active
2026-09-27T19:35:25.270736+00:00,CUST-00940,MTR-00940,4665 Pine St,98211,46.23852,-122.29877,RES,False,False,FDR-015,1191.0,active
2026-09-27T19:35:25.270736+00:00,CUST-00941,MTR-00941,209 Summit St,98378,45.29846,-122.31695,COM,False,False,FDR-015,5778.8,active
2026-09-27T19:35:25.270736+00:00,CUST-00942,MTR-00942,2065 Summit Rd,98505,46.73541,-122.86621,RES,False,False,FDR-015,500.9,active
2026-09-27T19:35:25.270736+00:00,CUST-00943,MTR-00943,3744 Alder St,98334,46.20243,-122.59754,RES,False,False,FDR-015,1174.8,active
2026-09-27T19:35:25.270736+00:00,CUST-00944,MTR-00944,728 Summit St,98954,47.47025,-122.78459,RES,False,False,FDR-015,1021.6,active
2026-09-27T19:35:25.270736+00:00,CUST-00945,MTR-00945,230 Pine Ave,98600,48.22915,-122.60664,COM,False,False,FDR-015,2249.5,active
2026-09-27T19:35:25.270736+00:00,CUST-00946,MTR-00946,2259 Pine St,98973,45.90444,-122.83586,RES,False,False,FDR-015,787.6,active
2026-09-27T19:35:25.270736+00:00,CUST-00947,MTR-00947,6951 Alder Way,98628,45.21151,-123.31929,COM,False,False,FDR-015,3459.8,active
2026-09-27T19:35:25.270736+00:00,CUST-00948,MTR-00948,4886 Alder Rd,98501,46.45533,-122.76345,RES,False,False,FDR-015,1163.5,active
2026-09-27T19:35:25.270736+00:00,CUST-00949,MTR-00949,4806 Summit Rd,98333,47.15629,-123.0455,IND,False,False,FDR-015,55356.8,active
2026-09-27T19:35:25.270736+00:00,CUST-00950,MTR-00950,8025 Summit Rd,98703,46.87305,-123.01731,RES,False,False,FDR-015,490.8,active
2026-09-27T19:35:25.270736+00:00,CUST-00951,MTR-00951,5303 Summit Rd,98828,45.97438,-122.37881,RES,False,False,FDR-015,727.2,active
2026-09-27T19:35:25.270736+00:00,CUST-00952,MTR-00952,7434 Summit Ave,98586,45.39668,-122.81739,RES,False,False,FDR-015,575.2,active
2026-09-27T19:35:25.270736+00:00,CUST-00953,MTR-00953,445 Summit St,98799,45.59714,-122.23809,RES,False,False,FDR-015,888.6,active
2026-09-27T19:35:25.270736+00:00,CUST-00954,MTR-00954,2672 River Rd,98880,47.95765,-123.32384,COM,False,False,FDR-015,3473.2,active
2026-09-27T19:35:25.270736+00:00,CUST-00955,MTR-00955,691 Cedar St,98513,48.47835,-123.0022,COM,False,False,FDR-015,7133.3,active
2026-09-27T19:35:25.270736+00:00,CUST-00956,MTR-00956,2125 Summit Rd,98134,46.21912,-123.37091,RES,False,False,FDR-015,905.2,active
2026-09-27T19:35:25.270736+00:00,CUST-00957,MTR-00957,341 Alder Ave,98097,45.5057,-123.31133,IND,False,False,FDR-015,33692.1,active
2026-09-27T19:35:25.270736+00:00,CUST-00958,MTR-00958,5050 Harbor Rd,98207,48.1933,-122.36884,COM,False,False,FDR-015,4976.1,active
2026-09-27T19:35:25.270736+00:00,CUST-00959,MTR-00959,8019 Harbor Ave,98391,46.89704,-123.05051,RES,False,False,FDR-015,474.4,active
2026-09-27T19:35:25.270736+00:00,CUST-00960,MTR-00960,507 Summit Ave,98457,48.62525,-122.48476,RES,False,False,FDR-015,971.7,active
2026-09-27T19:35:25.270736+00:00,CUST-00961,MTR-00961,3502 Summit Ave,98085,46.3182,-123.22747,RES,False,False,FDR-015,903.9,active
2026-09-27T19:35:25.270736+00:00,CUST-00962,MTR-00962,6847 Harbor Way,98854,47.08426,-122.39242,RES,False,False,FDR-015,1008.5,active
2026-09-27T19:35:25.270736+00:00,CUST-00963,MTR-00963,8107 River Rd,98320,47.35543,-122.35429,RES,False,False,FDR-015,614.5,active
2026-09-27T19:35:25.270736+00:00,CUST-00964,MTR-00964,7074 Alder St,98384,46.93879,-122.73423,COM,False,False,FDR-015,7131.5,active
2026-09-27T19:35:25.270736+00:00,CUST-00965,MTR-00965,7049 Summit Ave,98641,47.89334,-123.20056,RES,False,False,FDR-015,750.1,active
2026-09-27T19:35:25.270736+00:00,CUST-00966,MTR-00966,4541 River Way,98629,48.34717,-122.89822,IND,False,False,FDR-015,59808.5,active
2026-09-27T19:35:25.270736+00:00,CUST-00967,MTR-00967,4216 Summit Rd,98215,46.24471,-122.57797,RES,False,False,FDR-015,1042.3,active
2026-09-27T19:35:25.270736+00:00,CUST-00968,MTR-00968,6920 Pine Ave,98481,48.26863,-123.23759,RES,False,False,FDR-015,819.5,active
2026-09-27T19:35:25.270736+00:00,CUST-00969,MTR-00969,7779 River Ave,98068,47.72527,-123.16088,RES,True,False,FDR-015,475.1,active
2026-09-27T19:35:25.270736+00:00,CUST-00970,MTR-00970,7082 River Way,98376,46.44185,-123.38304,RES,False,False,FDR-015,554.1,active
2026-09-27T19:35:25.270736+00:00,CUST-00971,MTR-00971,3646 Harbor Ave,98269,47.22,-122.63008,COM,False,False,FDR-015,6148.5,active
2026-09-27T19:35:25.270736+00:00,CUST-00972,MTR-00972,4642 Alder Rd,98214,47.31434,-122.48073,COM,False,False,FDR-015,7403.9,active
2026-09-27T19:35:25.270736+00:00,CUST-00973,MTR-00973,7890 Cedar Way,98079,46.03459,-123.14027,RES,False,True,FDR-015,1143.6,active
2026-09-27T19:35:25.270736+00:00,CUST-00974,MTR-00974,6542 Summit Rd,98723,46.73146,-122.83397,RES,False,False,FDR-015,642.0,active
2026-09-27T19:35:25.270736+00:00,CUST-00975,MTR-00975,4650 Alder Ave,98860,46.3411,-123.30616,RES,False,False,FDR-015,884.3,active
2026-09-27T19:35:25.270736+00:00,CUST-00976,MTR-00976,514 Harbor Rd,98789,48.04027,-122.57756,RES,False,False,FDR-015,846.3,active
2026-09-27T19:35:25.270736+00:00,CUST-00977,MTR-00977,274 Pine Rd,98369,47.42111,-122.34845,COM,False,False,FDR-015,3336.9,active
2026-09-27T19:35:25.270736+00:00,CUST-00978,MTR-00978,4573 Cedar Way,98657,46.38243,-122.30675,COM,False,False,FDR-015,5519.6,active
2026-09-27T19:35:25.270736+00:00,CUST-00979,MTR-00979,7813 River Rd,98502,47.73535,-123.07099,RES,False,False,FDR-015,445.8,active
2026-09-27T19:35:25.270736+00:00,CUST-00980,MTR-00980,2609 Alder Ave,98891,47.90211,-122.43108,RES,False,False,FDR-015,430.6,active
2026-09-27T19:35:25.270736+00:00,CUST-00981,MTR-00981,9014 Harbor Ave,98670,48.24489,-123.33274,IND,False,False,FDR-015,19386.4,active
2026-09-27T19:35:25.270736+00:00,CUST-00982,MTR-00982,6100 River St,98963,47.61917,-122.3204,COM,False,False,FDR-015,3184.5,active
2026-09-27T19:35:25.270736+00:00,CUST-00983,MTR-00983,1475 Pine Rd,98045,47.61071,-123.32205,COM,False,False,FDR-015,5510.7,active
2026-09-27T19:35:25.270736+00:00,CUST-00984,MTR-00984,9284 Harbor St,98349,46.67331,-122.63764,RES,False,False,FDR-015,1073.7,active
2026-09-27T19:35:25.270736+00:00,CUST-00985,MTR-00985,3141 Harbor St,98785,47.23828,-122.84439,RES,False,False,FDR-015,493.0,active
2026-09-27T19:35:25.270736+00:00,CUST-00986,MTR-00986,3230 Alder Ave,98317,46.54831,-123.30247,RES,False,False,FDR-015,979.4,active
2026-09-27T19:35:25.270736+00:00,CUST-00987,MTR-00987,3364 Pine Way,98265,46.20427,-122.72195,RES,False,False,FDR-015,731.2,active
2026-09-27T19:35:25.270736+00:00,CUST-00988,MTR-00988,2893 Cedar Rd,98159,46.47855,-122.96366,COM,False,False,FDR-015,5661.3,active
2026-09-27T19:35:25.270736+00:00,CUST-00989,MTR-00989,8353 River Way,98092,46.76187,-122.62479,COM,False,False,FDR-015,4020.8,active
2026-09-27T19:35:25.270736+00:00,CUST-00990,MTR-00990,2390 Summit Way,98381,46.88368,-123.36226,COM,False,False,FDR-015,6608.3,active
2026-09-27T19:35:25.270736+00:00,CUST-00991,MTR-00991,7004 Summit Way,98344,45.32186,-122.55845,COM,False,False,FDR-015,8085.3,active
2026-09-27T19:35:25.270736+00:00,CUST-00992,MTR-00992,7578 River Rd,98748,46.48882,-123.20471,COM,False,False,FDR-015,7264.3,active
2026-09-27T19:35:25.270736+00:00,CUST-00993,MTR-00993,3938 River St,98431,47.80414,-122.67887,RES,False,False,FDR-015,786.0,active
2026-09-27T19:35:25.270736+00:00,CUST-00994,MTR-00994,8686 Pine Ave,98133,46.6427,-123.36573,RES,False,False,FDR-015,809.8,active
2026-09-27T19:35:25.270736+00:00,CUST-00995,MTR-00995,2808 Summit St,98674,48.69317,-123.02887,COM,False,False,FDR-015,7610.4,active
2026-09-27T19:35:25.270736+00:00,CUST-00996,MTR-00996,2625 Alder Way,98005,46.3071,-123.17849,RES,False,False,FDR-015,1086.2,active
2026-09-27T19:35:25.270736+00:00,CUST-00997,MTR-00997,7693 Alder Ave,98781,47.17938,-122.92714,RES,False,False,FDR-015,570.0,active
2026-09-27T19:35:25.270736+00:00,CUST-00998,MTR-00998,7056 River Rd,98546,48.56694,-122.92014,RES,False,False,FDR-015,661.7,active
2026-09-27T19:35:25.270736+00:00,CUST-00999,MTR-00999,6035 Harbor St,98625,48.69281,-123.36772,RES,False,False,FDR-015,1108.5,active
2026-09-27T19:35:25.270736+00:00,CUST-01000,MTR-01000,5663 Summit Ave,98435,47.52408,-123.2343,COM,False,False,FDR-015,3478.6,active
2026-09-27T19:35:25.270736+00:00,CUST-01001,MTR-01001,1843 Summit St,98354,45.32538,-122.24978,RES,False,False,FDR-016,737.4,active
2026-09-27T19:35:25.270736+00:00,CUST-01002,MTR-01002,7549 Cedar Rd,98669,46.6561,-122.4317,COM,False,False,FDR-016,2901.2,active
2026-09-27T19:35:25.270736+00:00,CUST-01003,MTR-01003,7477 River Way,98799,46.29064,-123.08962,COM,False,False,FDR-016,6225.5,active
2026-09-27T19:35:25.270736+00:00,CUST-01004,MTR-01004,1410 Pine St,98345,48.69837,-123.26599,RES,False,False,FDR-016,543.1,active
2026-09-27T19:35:25.270736+00:00,CUST-01005,MTR-01005,2091 Summit Rd,98375,48.12621,-122.52685,COM,False,False,FDR-016,2339.8,active
2026-09-27T19:35:25.270736+00:00,CUST-01006,MTR-01006,3028 Harbor Way,98427,46.10838,-122.99505,RES,False,False,FDR-016,636.9,active
2026-09-27T19:35:25.270736+00:00,CUST-01007,MTR-01007,2971 Cedar St,98129,45.32821,-123.26598,RES,False,False,FDR-016,985.5,active
2026-09-27T19:35:25.270736+00:00,CUST-01008,MTR-01008,8677 River Rd,98041,48.41378,-122.98554,COM,False,False,FDR-016,6320.7,active
2026-09-27T19:35:25.270736+00:00,CUST-01009,MTR-01009,1390 Harbor Way,98432,47.39367,-122.53143,RES,False,False,FDR-016,1050.0,active
2026-09-27T19:35:25.270736+00:00,CUST-01010,MTR-01010,2007 Pine Way,98310,46.12469,-122.61653,RES,False,False,FDR-016,1106.3,active
2026-09-27T19:35:25.270736+00:00,CUST-01011,MTR-01011,7258 Harbor Ave,98283,46.07751,-122.44126,COM,False,False,FDR-016,5310.4,active
2026-09-27T19:35:25.270736+00:00,CUST-01012,MTR-01012,6888 Alder Ave,98281,48.47509,-122.58615,COM,False,False,FDR-016,4850.3,active
2026-09-27T19:35:25.270736+00:00,CUST-01013,MTR-01013,4815 Alder Rd,98602,47.48548,-123.28342,RES,False,False,FDR-016,579.9,active
2026-09-27T19:35:25.270736+00:00,CUST-01014,MTR-01014,7380 Pine Rd,98874,46.60054,-122.28415,RES,False,False,FDR-016,410.1,active
2026-09-27T19:35:25.270736+00:00,CUST-01015,MTR-01015,1387 Alder Rd,98574,45.81205,-122.93193,COM,False,False,FDR-016,6624.9,active
2026-09-27T19:35:25.270736+00:00,CUST-01016,MTR-01016,2654 River Ave,98639,47.10653,-123.03516,RES,False,False,FDR-016,1000.7,active
2026-09-27T19:35:25.270736+00:00,CUST-01017,MTR-01017,6248 River Ave,98387,47.95378,-122.49833,RES,False,False,FDR-016,627.1,active
2026-09-27T19:35:25.270736+00:00,CUST-01018,MTR-01018,6671 River Rd,98360,46.6247,-123.14643,COM,False,False,FDR-016,4025.4,active
2026-09-27T19:35:25.270736+00:00,CUST-01019,MTR-01019,5306 River Rd,98230,46.20397,-122.4754,IND,False,False,FDR-016,45908.0,active
2026-09-27T19:35:25.270736+00:00,CUST-01020,MTR-01020,154 River Way,98781,46.23062,-122.29054,IND,False,False,FDR-016,33002.4,active
2026-09-27T19:35:25.270736+00:00,CUST-01021,MTR-01021,575 River Ave,98141,45.55396,-122.70381,RES,False,False,FDR-016,734.5,active
2026-09-27T19:35:25.270736+00:00,CUST-01022,MTR-01022,9427 Alder Rd,98700,47.35845,-122.52142,COM,False,False,FDR-016,4275.1,active
2026-09-27T19:35:25.270736+00:00,CUST-01023,MTR-01023,2744 Summit Way,98740,47.36483,-122.45214,RES,False,False,FDR-016,711.5,active
2026-09-27T19:35:25.270736+00:00,CUST-01024,MTR-01024,9563 Summit Rd,98250,47.76605,-123.16026,IND,False,False,FDR-016,16390.0,active
2026-09-27T19:35:25.270736+00:00,CUST-01025,MTR-01025,5527 Pine Ave,98473,48.06831,-122.23263,COM,False,False,FDR-016,2778.1,active
2026-09-27T19:35:25.270736+00:00,CUST-01026,MTR-01026,1252 Summit Way,98904,45.31636,-122.58775,COM,True,False,FDR-016,8968.7,active
2026-09-27T19:35:25.270736+00:00,CUST-01027,MTR-01027,1079 Harbor Rd,98848,47.38512,-122.21295,COM,False,False,FDR-016,5069.6,active
2026-09-27T19:35:25.270736+00:00,CUST-01028,MTR-01028,1797 Pine Way,98776,46.63795,-122.28713,IND,False,False,FDR-016,50434.1,active
2026-09-27T19:35:25.270736+00:00,CUST-01029,MTR-01029,8006 Pine Way,98099,47.79918,-122.96024,IND,False,False,FDR-016,25938.1,active
2026-09-27T19:35:25.270736+00:00,CUST-01030,MTR-01030,7385 Harbor Rd,98716,48.4371,-122.81011,RES,False,False,FDR-016,595.8,active
2026-09-27T19:35:25.270736+00:00,CUST-01031,MTR-01031,6042 Alder Way,98314,47.94076,-123.22237,RES,False,False,FDR-016,630.7,active
2026-09-27T19:35:25.270736+00:00,CUST-01032,MTR-01032,2500 River Way,98879,46.91103,-122.87217,COM,False,False,FDR-016,7206.1,active
2026-09-27T19:35:25.270736+00:00,CUST-01033,MTR-01033,8432 Alder Rd,98488,48.26331,-122.70012,RES,False,False,FDR-016,518.7,active
2026-09-27T19:35:25.270736+00:00,CUST-01034,MTR-01034,8050 Alder Ave,98891,47.51787,-122.69544,COM,False,False,FDR-016,5663.4,active
2026-09-27T19:35:25.270736+00:00,CUST-01035,MTR-01035,2559 Harbor St,98665,46.56754,-122.59751,COM,False,False,FDR-016,3573.8,active
2026-09-27T19:35:25.270736+00:00,CUST-01036,MTR-01036,8687 Pine Ave,98372,48.48573,-122.31244,RES,False,False,FDR-016,1072.0,active
2026-09-27T19:35:25.270736+00:00,CUST-01037,MTR-01037,8910 Cedar St,98457,48.6273,-122.7911,COM,False,False,FDR-016,8731.6,active
2026-09-27T19:35:25.270736+00:00,CUST-01038,MTR-01038,7572 Pine St,98623,48.07017,-123.18078,COM,False,False,FDR-016,8002.7,active
2026-09-27T19:35:25.270736+00:00,CUST-01039,MTR-01039,1097 Pine Ave,98249,45.88405,-122.40317,RES,False,False,FDR-016,450.9,active
2026-09-27T19:35:25.270736+00:00,CUST-01040,MTR-01040,7936 Cedar Rd,98085,45.55377,-122.34203,COM,False,False,FDR-016,7530.1,active
2026-09-27T19:35:25.270736+00:00,CUST-01041,MTR-01041,1927 Alder Rd,98796,45.97398,-122.81532,RES,False,False,FDR-016,855.5,active
2026-09-27T19:35:25.270736+00:00,CUST-01042,MTR-01042,8170 Alder Ave,98336,47.41189,-122.85249,COM,False,False,FDR-016,7281.9,active
2026-09-27T19:35:25.270736+00:00,CUST-01043,MTR-01043,8342 Harbor Rd,98114,47.52301,-123.08296,COM,False,False,FDR-016,4388.0,active
2026-09-27T19:35:25.270736+00:00,CUST-01044,MTR-01044,7178 Alder Way,98096,46.34915,-122.23077,IND,False,False,FDR-016,17950.2,active
2026-09-27T19:35:25.270736+00:00,CUST-01045,MTR-01045,8321 Harbor Way,98784,47.13892,-123.18081,IND,False,False,FDR-016,24594.7,active
2026-09-27T19:35:25.270736+00:00,CUST-01046,MTR-01046,6591 Pine Ave,98624,48.53919,-123.14765,COM,False,False,FDR-016,4266.4,active
2026-09-27T19:35:25.270736+00:00,CUST-01047,MTR-01047,4406 Summit Way,98379,48.73216,-122.61581,COM,False,False,FDR-016,7458.3,active
2026-09-27T19:35:25.270736+00:00,CUST-01048,MTR-01048,192 Summit St,98991,48.18523,-123.02158,RES,False,False,FDR-016,646.4,active
2026-09-27T19:35:25.270736+00:00,CUST-01049,MTR-01049,4293 Harbor Way,98024,48.70995,-122.47954,RES,False,False,FDR-016,415.6,active
2026-09-27T19:35:25.270736+00:00,CUST-01050,MTR-01050,4588 Cedar St,98248,47.20905,-122.51318,RES,False,False,FDR-016,1038.0,active
2026-09-27T19:35:25.270736+00:00,CUST-01051,MTR-01051,8079 Pine Way,98621,47.79655,-122.83615,RES,False,False,FDR-016,1176.9,active
2026-09-27T19:35:25.270736+00:00,CUST-01052,MTR-01052,2300 Alder St,98332,47.50266,-123.06874,COM,False,False,FDR-016,8465.2,active
2026-09-27T19:35:25.270736+00:00,CUST-01053,MTR-01053,5471 River Way,98570,48.34622,-122.69223,IND,False,False,FDR-016,34721.8,active
2026-09-27T19:35:25.270736+00:00,CUST-01054,MTR-01054,6018 Summit Ave,98188,45.70568,-122.47611,COM,False,False,FDR-016,6894.8,active
2026-09-27T19:35:25.270736+00:00,CUST-01055,MTR-01055,479 Pine St,98657,46.39884,-122.5868,RES,False,False,FDR-016,963.2,active
2026-09-27T19:35:25.270736+00:00,CUST-01056,MTR-01056,9368 Summit St,98982,48.07315,-122.40199,RES,False,False,FDR-016,448.2,active
2026-09-27T19:35:25.270736+00:00,CUST-01057,MTR-01057,1609 River St,98544,47.13971,-123.06082,COM,False,False,FDR-016,2469.8,active
2026-09-27T19:35:25.270736+00:00,CUST-01058,MTR-01058,7160 Harbor Rd,98462,45.51583,-122.293,RES,False,False,FDR-016,888.0,active
2026-09-27T19:35:25.270736+00:00,CUST-01059,MTR-01059,7184 Cedar Rd,98588,45.85403,-122.70973,COM,False,False,FDR-016,7467.8,active
2026-09-27T19:35:25.270736+00:00,CUST-01060,MTR-01060,3751 River Way,98545,48.1816,-123.37735,RES,False,True,FDR-016,580.2,active
2026-09-27T19:35:25.270736+00:00,CUST-01061,MTR-01061,3194 Pine Ave,98315,48.15749,-122.28957,RES,False,False,FDR-016,1114.6,active
2026-09-27T19:35:25.270736+00:00,CUST-01062,MTR-01062,5266 Pine Ave,98206,48.60018,-123.35266,RES,False,False,FDR-016,501.9,active
2026-09-27T19:35:25.270736+00:00,CUST-01063,MTR-01063,7303 Cedar Rd,98026,46.03872,-122.29615,RES,False,False,FDR-016,1017.9,active
2026-09-27T19:35:25.270736+00:00,CUST-01064,MTR-01064,9770 Cedar St,98992,45.9509,-123.34094,RES,False,False,FDR-016,750.8,active
2026-09-27T19:35:25.270736+00:00,CUST-01065,MTR-01065,5971 Alder Way,98425,47.05939,-123.20454,RES,False,False,FDR-016,567.7,active
2026-09-27T19:35:25.270736+00:00,CUST-01066,MTR-01066,6326 Summit Rd,98984,47.02488,-122.82643,RES,False,False,FDR-017,807.0,active
2026-09-27T19:35:25.270736+00:00,CUST-01067,MTR-01067,1483 Alder Rd,98896,46.31593,-123.32163,IND,False,False,FDR-017,25321.1,active
2026-09-27T19:35:25.270736+00:00,CUST-01068,MTR-01068,251 Pine Ave,98143,47.82666,-122.3232,RES,False,False,FDR-017,436.3,active
2026-09-27T19:35:25.270736+00:00,CUST-01069,MTR-01069,2680 Summit Ave,98178,47.34634,-123.14821,COM,False,False,FDR-017,4051.6,active
2026-09-27T19:35:25.270736+00:00,CUST-01070,MTR-01070,8251 Pine Way,98413,48.11715,-123.18206,COM,False,False,FDR-017,2765.7,active
2026-09-27T19:35:25.270736+00:00,CUST-01071,MTR-01071,2464 Summit St,98552,47.43889,-123.36583,COM,False,False,FDR-017,2199.5,active
2026-09-27T19:35:25.270736+00:00,CUST-01072,MTR-01072,1186 Cedar Rd,98475,45.81106,-123.27986,RES,False,False,FDR-017,678.9,active
2026-09-27T19:35:25.270736+00:00,CUST-01073,MTR-01073,4308 Pine Way,98672,45.68386,-122.67607,RES,False,False,FDR-017,909.5,active
2026-09-27T19:35:25.270736+00:00,CUST-01074,MTR-01074,3693 River Ave,98824,47.77874,-122.82665,COM,False,False,FDR-017,7963.8,active
2026-09-27T19:35:25.270736+00:00,CUST-01075,MTR-01075,3124 Alder Way,98336,45.54124,-122.91539,RES,False,False,FDR-017,1109.5,active
2026-09-27T19:35:25.270736+00:00,CUST-01076,MTR-01076,7014 Harbor Ave,98593,47.0717,-122.7074,COM,False,False,FDR-017,7319.3,active
2026-09-27T19:35:25.270736+00:00,CUST-01077,MTR-01077,2442 Alder St,98855,48.46165,-122.93796,COM,False,False,FDR-017,3385.3,active
2026-09-27T19:35:25.270736+00:00,CUST-01078,MTR-01078,9556 Summit Rd,98219,45.24217,-122.82307,IND,False,False,FDR-017,54128.7,active
2026-09-27T19:35:25.270736+00:00,CUST-01079,MTR-01079,3152 Harbor Way,98826,45.62415,-123.06483,RES,False,False,FDR-017,1014.8,active
2026-09-27T19:35:25.270736+00:00,CUST-01080,MTR-01080,6087 Summit St,98987,47.58769,-122.59838,IND,False,False,FDR-017,17840.3,active
2026-09-27T19:35:25.270736+00:00,CUST-01081,MTR-01081,5130 Summit Rd,98566,46.84676,-123.26664,COM,False,False,FDR-017,4070.0,active
2026-09-27T19:35:25.270736+00:00,CUST-01082,MTR-01082,3734 Cedar Ave,98751,45.8574,-122.41597,RES,False,False,FDR-017,1108.5,active
2026-09-27T19:35:25.270736+00:00,CUST-01083,MTR-01083,3875 Alder Ave,98383,45.74638,-122.36809,COM,False,False,FDR-017,7601.8,active
2026-09-27T19:35:25.270736+00:00,CUST-01084,MTR-01084,7047 Pine Way,98050,47.48353,-122.65818,RES,False,False,FDR-017,1074.6,active
2026-09-27T19:35:25.270736+00:00,CUST-01085,MTR-01085,105 Cedar Way,98725,48.69923,-122.32751,RES,False,False,FDR-017,774.4,active
2026-09-27T19:35:25.270736+00:00,CUST-01086,MTR-01086,7979 Pine Ave,98400,47.84046,-122.68722,COM,False,False,FDR-017,7286.2,active
2026-09-27T19:35:25.270736+00:00,CUST-01087,MTR-01087,2400 Summit St,98743,47.3291,-123.10171,IND,False,False,FDR-017,57707.3,active
2026-09-27T19:35:25.270736+00:00,CUST-01088,MTR-01088,8629 Harbor St,98790,45.94099,-123.22911,COM,False,False,FDR-017,4292.3,active
2026-09-27T19:35:25.270736+00:00,CUST-01089,MTR-01089,5693 Harbor St,98390,46.77778,-122.41331,COM,False,False,FDR-017,6270.2,active
2026-09-27T19:35:25.270736+00:00,CUST-01090,MTR-01090,4869 Pine St,98090,46.87949,-122.69803,IND,False,False,FDR-017,50750.5,active
2026-09-27T19:35:25.270736+00:00,CUST-01091,MTR-01091,7008 Cedar St,98885,46.50518,-122.35677,COM,False,False,FDR-017,7857.0,active
2026-09-27T19:35:25.270736+00:00,CUST-01092,MTR-01092,5943 Cedar St,98103,46.19312,-123.098,IND,False,False,FDR-017,52633.3,active
2026-09-27T19:35:25.270736+00:00,CUST-01093,MTR-01093,8093 River Rd,98621,46.98191,-122.6907,COM,False,False,FDR-017,2727.8,active
2026-09-27T19:35:25.270736+00:00,CUST-01094,MTR-01094,1655 Cedar Ave,98369,45.35156,-123.27064,COM,False,False,FDR-017,6498.7,active
2026-09-27T19:35:25.270736+00:00,CUST-01095,MTR-01095,7648 River St,98962,46.71859,-122.92751,COM,False,False,FDR-017,4431.1,active
2026-09-27T19:35:25.270736+00:00,CUST-01096,MTR-01096,5489 Cedar Way,98942,47.99947,-122.59712,RES,False,False,FDR-017,420.5,active
2026-09-27T19:35:25.270736+00:00,CUST-01097,MTR-01097,4174 Harbor Rd,98802,48.25795,-123.09578,RES,False,False,FDR-017,1054.7,active
2026-09-27T19:35:25.270736+00:00,CUST-01098,MTR-01098,5373 Alder Rd,98771,47.48531,-122.47767,RES,False,False,FDR-017,528.5,active
2026-09-27T19:35:25.270736+00:00,CUST-01099,MTR-01099,3828 Harbor Way,98103,46.99941,-123.29336,RES,False,False,FDR-017,681.4,active
2026-09-27T19:35:25.270736+00:00,CUST-01100,MTR-01100,8053 Harbor Way,98825,47.43848,-122.63263,COM,False,False,FDR-017,3415.0,active
2026-09-27T19:35:25.270736+00:00,CUST-01101,MTR-01101,9282 Harbor Ave,98407,48.65351,-123.01269,RES,False,False,FDR-017,489.2,active
2026-09-27T19:35:25.270736+00:00,CUST-01102,MTR-01102,5673 River Way,98406,45.52595,-122.68244,COM,False,False,FDR-017,4832.5,active
2026-09-27T19:35:25.270736+00:00,CUST-01103,MTR-01103,1446 Harbor Ave,98453,48.64187,-122.42251,RES,False,False,FDR-017,1110.0,active
2026-09-27T19:35:25.270736+00:00,CUST-01104,MTR-01104,4119 Pine Rd,98663,47.60308,-123.07145,IND,False,False,FDR-017,59246.8,active
2026-09-27T19:35:25.270736+00:00,CUST-01105,MTR-01105,9131 River Ave,98422,46.07725,-123.37507,IND,True,False,FDR-017,33653.7,active
2026-09-27T19:35:25.270736+00:00,CUST-01106,MTR-01106,6063 Harbor Rd,98379,47.45812,-122.33368,RES,False,False,FDR-017,1183.3,active
2026-09-27T19:35:25.270736+00:00,CUST-01107,MTR-01107,4145 River Ave,98098,46.35256,-122.97151,RES,False,False,FDR-017,1166.5,active
2026-09-27T19:35:25.270736+00:00,CUST-01108,MTR-01108,9177 Pine Rd,98275,47.1273,-123.27423,IND,False,False,FDR-017,30675.4,active
2026-09-27T19:35:25.270736+00:00,CUST-01109,MTR-01109,7447 River St,98917,46.77634,-122.69072,COM,False,False,FDR-017,8970.5,active
2026-09-27T19:35:25.270736+00:00,CUST-01110,MTR-01110,551 Alder Rd,98441,45.4296,-122.97471,RES,False,False,FDR-017,1163.8,active
2026-09-27T19:35:25.270736+00:00,CUST-01111,MTR-01111,3910 River Rd,98147,46.62649,-122.60584,COM,False,False,FDR-017,6880.4,active
2026-09-27T19:35:25.270736+00:00,CUST-01112,MTR-01112,2060 Cedar St,98542,46.33205,-123.39187,IND,False,False,FDR-017,31125.7,active
2026-09-27T19:35:25.270736+00:00,CUST-01113,MTR-01113,8209 Alder St,98339,46.09568,-122.67817,RES,False,False,FDR-017,1007.1,active
2026-09-27T19:35:25.270736+00:00,CUST-01114,MTR-01114,5724 Pine St,98318,47.72334,-122.57758,RES,False,False,FDR-017,1043.9,active
2026-09-27T19:35:25.270736+00:00,CUST-01115,MTR-01115,1436 Harbor Rd,98769,46.10725,-123.29112,RES,False,False,FDR-017,608.4,active
2026-09-27T19:35:25.270736+00:00,CUST-01116,MTR-01116,8769 Cedar St,98334,47.38217,-122.22159,RES,False,False,FDR-017,447.3,active
2026-09-27T19:35:25.270736+00:00,CUST-01117,MTR-01117,8262 Pine Ave,98999,47.24508,-122.9502,RES,False,False,FDR-017,455.5,active
2026-09-27T19:35:25.270736+00:00,CUST-01118,MTR-01118,3008 River Ave,98833,45.75682,-122.951,RES,False,False,FDR-017,541.5,active
2026-09-27T19:35:25.270736+00:00,CUST-01119,MTR-01119,4874 Cedar Way,98699,48.56705,-122.33412,IND,False,False,FDR-017,57041.2,active
2026-09-27T19:35:25.270736+00:00,CUST-01120,MTR-01120,7549 Alder Rd,98802,45.559,-123.16821,RES,False,False,FDR-017,524.2,active
2026-09-27T19:35:25.270736+00:00,CUST-01121,MTR-01121,6723 Cedar Way,98060,45.43567,-123.10453,RES,False,False,FDR-017,513.1,active
2026-09-27T19:35:25.270736+00:00,CUST-01122,MTR-01122,5351 River Rd,98775,47.74749,-122.39313,RES,False,False,FDR-017,479.0,active
2026-09-27T19:35:25.270736+00:00,CUST-01123,MTR-01123,6277 Cedar Rd,98024,45.68771,-122.48377,COM,False,False,FDR-017,6384.4,active
2026-09-27T19:35:25.270736+00:00,CUST-01124,MTR-01124,1003 River St,98192,47.39479,-123.03292,RES,False,False,FDR-017,1193.8,active
2026-09-27T19:35:25.270736+00:00,CUST-01125,MTR-01125,873 Harbor Rd,98192,48.44099,-122.74866,RES,False,False,FDR-017,912.7,active
2026-09-27T19:35:25.270736+00:00,CUST-01126,MTR-01126,6175 Alder St,98932,48.17142,-122.35155,RES,False,False,FDR-017,990.8,active
2026-09-27T19:35:25.270736+00:00,CUST-01127,MTR-01127,355 Cedar Rd,98210,48.41248,-122.54511,RES,False,False,FDR-017,458.4,active
2026-09-27T19:35:25.270736+00:00,CUST-01128,MTR-01128,6488 Pine Way,98939,48.45582,-122.60849,COM,False,False,FDR-017,4315.3,active
2026-09-27T19:35:25.270736+00:00,CUST-01129,MTR-01129,5174 Pine Way,98419,47.35551,-122.65388,IND,False,False,FDR-017,45617.8,active
2026-09-27T19:35:25.270736+00:00,CUST-01130,MTR-01130,4252 River St,98641,48.1648,-122.94744,COM,False,True,FDR-017,3326.5,active
2026-09-27T19:35:25.270736+00:00,CUST-01131,MTR-01131,8104 Cedar Ave,98549,46.81686,-122.60444,COM,False,False,FDR-018,6463.2,active
2026-09-27T19:35:25.270736+00:00,CUST-01132,MTR-01132,9440 Harbor St,98779,48.63914,-122.54197,RES,False,False,FDR-018,956.0,active
2026-09-27T19:35:25.270736+00:00,CUST-01133,MTR-01133,684 Summit Rd,98111,45.92765,-123.2962,RES,False,False,FDR-018,1077.2,active
2026-09-27T19:35:25.270736+00:00,CUST-01134,MTR-01134,7277 Alder Ave,98452,45.86412,-122.48495,RES,False,False,FDR-018,1045.1,active
2026-09-27T19:35:25.270736+00:00,CUST-01135,MTR-01135,332 Pine Way,98880,47.01303,-122.23059,COM,False,False,FDR-018,7074.4,active
2026-09-27T19:35:25.270736+00:00,CUST-01136,MTR-01136,1142 Pine Ave,98642,45.92234,-122.62704,RES,False,False,FDR-018,713.0,active
2026-09-27T19:35:25.270736+00:00,CUST-01137,MTR-01137,2739 Pine Way,98058,45.29111,-122.87136,RES,False,False,FDR-018,1074.7,active
2026-09-27T19:35:25.270736+00:00,CUST-01138,MTR-01138,2450 Cedar Ave,98006,47.12339,-122.6577,RES,False,False,FDR-018,535.9,active
2026-09-27T19:35:25.270736+00:00,CUST-01139,MTR-01139,676 River St,98020,45.4103,-122.93497,RES,False,True,FDR-018,853.6,active
2026-09-27T19:35:25.270736+00:00,CUST-01140,MTR-01140,3993 Alder Rd,98627,47.25737,-122.93673,COM,False,False,FDR-018,4707.4,active
2026-09-27T19:35:25.270736+00:00,CUST-01141,MTR-01141,2465 Harbor Ave,98986,46.83794,-122.29669,RES,False,False,FDR-018,522.5,active
2026-09-27T19:35:25.270736+00:00,CUST-01142,MTR-01142,8971 Pine Rd,98128,46.52508,-123.37488,RES,False,False,FDR-018,1044.4,active
2026-09-27T19:35:25.270736+00:00,CUST-01143,MTR-01143,7694 Harbor Way,98333,46.66085,-122.33965,IND,False,False,FDR-018,57856.8,active
2026-09-27T19:35:25.270736+00:00,CUST-01144,MTR-01144,6054 Summit Rd,98383,45.94129,-123.13965,COM,False,False,FDR-018,3362.2,active
2026-09-27T19:35:25.270736+00:00,CUST-01145,MTR-01145,6852 Cedar Ave,98222,46.89284,-122.74861,COM,False,False,FDR-018,8332.7,active
2026-09-27T19:35:25.270736+00:00,CUST-01146,MTR-01146,6423 River Ave,98279,46.58345,-122.779,RES,False,False,FDR-018,544.3,active
2026-09-27T19:35:25.270736+00:00,CUST-01147,MTR-01147,4125 Alder Ave,98780,47.50846,-122.70992,COM,False,False,FDR-018,3054.8,active
2026-09-27T19:35:25.270736+00:00,CUST-01148,MTR-01148,1504 Cedar St,98942,47.40437,-122.51762,RES,False,False,FDR-018,1100.7,active
2026-09-27T19:35:25.270736+00:00,CUST-01149,MTR-01149,5139 Cedar Way,98638,45.52381,-122.28212,IND,False,False,FDR-018,58108.0,active
2026-09-27T19:35:25.270736+00:00,CUST-01150,MTR-01150,2590 Pine Rd,98121,46.91031,-122.55568,RES,False,False,FDR-018,631.8,active
2026-09-27T19:35:25.270736+00:00,CUST-01151,MTR-01151,4186 Cedar Ave,98931,47.22199,-122.64558,COM,False,False,FDR-018,3968.6,active
2026-09-27T19:35:25.270736+00:00,CUST-01152,MTR-01152,6037 Summit Ave,98458,48.36883,-122.83262,RES,False,False,FDR-018,781.5,active
2026-09-27T19:35:25.270736+00:00,CUST-01153,MTR-01153,2310 River Way,98693,47.24042,-122.33728,RES,False,False,FDR-018,1190.3,active
2026-09-27T19:35:25.270736+00:00,CUST-01154,MTR-01154,1461 Harbor Rd,98016,48.5661,-122.2475,RES,False,False,FDR-018,557.7,active
2026-09-27T19:35:25.270736+00:00,CUST-01155,MTR-01155,484 Summit Way,98927,45.80862,-122.3785,COM,False,False,FDR-018,3961.7,active
2026-09-27T19:35:25.270736+00:00,CUST-01156,MTR-01156,7605 Alder St,98340,46.30389,-122.86128,RES,False,False,FDR-018,746.4,active
2026-09-27T19:35:25.270736+00:00,CUST-01157,MTR-01157,7802 Summit Rd,98036,48.53556,-123.38719,COM,False,False,FDR-018,4119.0,active
2026-09-27T19:35:25.270736+00:00,CUST-01158,MTR-01158,5705 Pine Way,98736,46.40829,-122.43622,COM,False,False,FDR-018,7488.8,active
2026-09-27T19:35:25.270736+00:00,CUST-01159,MTR-01159,5320 River St,98023,46.16002,-122.30397,RES,False,False,FDR-018,1135.0,active
2026-09-27T19:35:25.270736+00:00,CUST-01160,MTR-01160,1531 Cedar St,98740,46.07466,-123.18747,IND,False,False,FDR-018,25662.5,active
2026-09-27T19:35:25.270736+00:00,CUST-01161,MTR-01161,5521 Alder St,98627,48.47208,-123.31554,RES,False,False,FDR-018,866.2,active
2026-09-27T19:35:25.270736+00:00,CUST-01162,MTR-01162,7193 Alder Ave,98215,48.50481,-122.28813,RES,False,False,FDR-018,548.5,active
2026-09-27T19:35:25.270736+00:00,CUST-01163,MTR-01163,3148 Summit Way,98749,47.45163,-123.16883,RES,False,False,FDR-018,1054.0,active
2026-09-27T19:35:25.270736+00:00,CUST-01164,MTR-01164,8980 River Ave,98716,46.79306,-122.7909,COM,False,False,FDR-018,8819.3,active
2026-09-27T19:35:25.270736+00:00,CUST-01165,MTR-01165,9804 Harbor Rd,98518,45.87337,-123.01431,RES,False,False,FDR-018,1193.6,active
2026-09-27T19:35:25.270736+00:00,CUST-01166,MTR-01166,4223 Harbor Ave,98066,48.16809,-122.51747,COM,False,False,FDR-018,6583.9,active
2026-09-27T19:35:25.270736+00:00,CUST-01167,MTR-01167,7406 Cedar St,98326,47.83849,-122.65619,RES,False,False,FDR-018,1054.2,active
2026-09-27T19:35:25.270736+00:00,CUST-01168,MTR-01168,5327 Summit Way,98760,47.71307,-122.67339,COM,False,False,FDR-018,5984.4,active
2026-09-27T19:35:25.270736+00:00,CUST-01169,MTR-01169,799 Alder Way,98419,47.94828,-123.02383,IND,False,False,FDR-018,41425.3,active
2026-09-27T19:35:25.270736+00:00,CUST-01170,MTR-01170,2601 Pine Rd,98429,48.06651,-122.26574,RES,False,False,FDR-018,722.6,active
2026-09-27T19:35:25.270736+00:00,CUST-01171,MTR-01171,2930 Pine Ave,98222,46.57325,-122.3557,RES,False,False,FDR-018,519.5,active
2026-09-27T19:35:25.270736+00:00,CUST-01172,MTR-01172,9100 Harbor Ave,98194,46.1752,-123.16269,RES,False,False,FDR-018,797.9,active
2026-09-27T19:35:25.270736+00:00,CUST-01173,MTR-01173,1836 Cedar Way,98722,46.76639,-122.37808,RES,False,False,FDR-018,789.9,active
2026-09-27T19:35:25.270736+00:00,CUST-01174,MTR-01174,2698 Harbor Way,98700,47.06755,-122.80692,RES,False,False,FDR-018,573.1,active
2026-09-27T19:35:25.270736+00:00,CUST-01175,MTR-01175,6154 River Rd,98064,45.66594,-123.06172,COM,False,False,FDR-018,7649.9,active
2026-09-27T19:35:25.270736+00:00,CUST-01176,MTR-01176,7901 Harbor Way,98591,45.95404,-123.00856,RES,False,False,FDR-018,586.8,active
2026-09-27T19:35:25.270736+00:00,CUST-01177,MTR-01177,9813 River Ave,98832,45.65768,-123.0138,IND,False,False,FDR-018,25301.7,active
2026-09-27T19:35:25.270736+00:00,CUST-01178,MTR-01178,5369 Cedar Rd,98473,48.40601,-123.02385,IND,False,False,FDR-018,21676.0,active
2026-09-27T19:35:25.270736+00:00,CUST-01179,MTR-01179,2444 Harbor St,98485,47.82018,-123.31969,COM,False,False,FDR-018,3352.3,active
2026-09-27T19:35:25.270736+00:00,CUST-01180,MTR-01180,8041 Harbor Ave,98843,46.48221,-122.65522,RES,True,False,FDR-018,849.5,active
2026-09-27T19:35:25.270736+00:00,CUST-01181,MTR-01181,8359 Harbor Ave,98809,47.35131,-123.25557,IND,False,False,FDR-018,23772.4,active
2026-09-27T19:35:25.270736+00:00,CUST-01182,MTR-01182,7004 Cedar Way,98476,45.23929,-123.08681,RES,False,False,FDR-018,515.2,active
2026-09-27T19:35:25.270736+00:00,CUST-01183,MTR-01183,4581 Summit Way,98202,47.4532,-122.73368,IND,False,False,FDR-018,19848.5,active
2026-09-27T19:35:25.270736+00:00,CUST-01184,MTR-01184,7916 Harbor Ave,98322,47.31133,-123.01264,COM,False,False,FDR-018,2367.0,active
2026-09-27T19:35:25.270736+00:00,CUST-01185,MTR-01185,665 Alder Way,98331,47.46401,-122.62441,IND,False,False,FDR-018,52623.3,active
2026-09-27T19:35:25.270736+00:00,CUST-01186,MTR-01186,2392 Pine St,98535,47.04215,-122.53267,COM,False,False,FDR-018,5476.7,active
2026-09-27T19:35:25.270736+00:00,CUST-01187,MTR-01187,8168 Summit St,98537,47.91677,-122.23322,RES,False,False,FDR-018,670.5,active
2026-09-27T19:35:25.270736+00:00,CUST-01188,MTR-01188,4372 Pine Ave,98057,45.75794,-122.41258,RES,False,False,FDR-018,1051.5,active
2026-09-27T19:35:25.270736+00:00,CUST-01189,MTR-01189,2600 Pine Way,98330,47.51445,-122.56325,COM,False,False,FDR-018,2295.2,active
2026-09-27T19:35:25.270736+00:00,CUST-01190,MTR-01190,9111 Cedar St,98204,45.26932,-122.48136,RES,False,False,FDR-018,793.8,active
2026-09-27T19:35:25.270736+00:00,CUST-01191,MTR-01191,2789 Summit Ave,98155,46.96927,-122.98074,COM,False,False,FDR-018,8171.5,active
2026-09-27T19:35:25.270736+00:00,CUST-01192,MTR-01192,3402 River Way,98342,47.45965,-122.65265,COM,False,True,FDR-018,4620.1,active
2026-09-27T19:35:25.270736+00:00,CUST-01193,MTR-01193,8485 Summit Ave,98189,45.629,-123.05754,RES,False,False,FDR-018,423.1,active
2026-09-27T19:35:25.270736+00:00,CUST-01194,MTR-01194,3611 River Way,98369,47.87413,-122.35092,RES,False,False,FDR-018,560.1,active
2026-09-27T19:35:25.270736+00:00,CUST-01195,MTR-01195,3645 Pine Way,98211,47.24065,-122.33874,RES,False,False,FDR-018,601.9,active
2026-09-27T19:35:25.270736+00:00,CUST-01196,MTR-01196,9288 River Way,98814,46.37849,-122.21892,RES,False,False,FDR-018,881.5,active
2026-09-27T19:35:25.270736+00:00,CUST-01197,MTR-01197,4593 Cedar Way,98455,47.41893,-122.33871,COM,False,False,FDR-018,6334.9,active
2026-09-27T19:35:25.270736+00:00,CUST-01198,MTR-01198,6208 Cedar Way,98427,45.55004,-122.95834,RES,False,False,FDR-018,916.6,active
2026-09-27T19:35:25.270736+00:00,CUST-01199,MTR-01199,3453 Cedar St,98901,48.43468,-123.03754,COM,False,False,FDR-018,8510.9,active
2026-09-27T19:35:25.270736+00:00,CUST-01200,MTR-01200,469 Alder Rd,98064,47.80931,-122.85371,RES,False,False,FDR-018,1109.2,active
2026-09-27T19:35:25.270736+00:00,CUST-01201,MTR-01201,9549 Cedar St,98982,45.30763,-122.80309,RES,False,False,FDR-019,1064.4,active
2026-09-27T19:35:25.270736+00:00,CUST-01202,MTR-01202,3181 Pine Rd,98829,47.78794,-123.15676,IND,False,False,FDR-019,58343.5,active
2026-09-27T19:35:25.270736+00:00,CUST-01203,MTR-01203,874 Harbor Way,98090,47.22756,-122.3716,RES,False,False,FDR-019,847.2,active
2026-09-27T19:35:25.270736+00:00,CUST-01204,MTR-01204,5354 Alder Way,98416,47.16053,-122.95208,COM,False,False,FDR-019,7083.4,active
2026-09-27T19:35:25.270736+00:00,CUST-01205,MTR-01205,8984 Summit Way,98984,48.74065,-122.47922,RES,False,False,FDR-019,518.1,active
2026-09-27T19:35:25.270736+00:00,CUST-01206,MTR-01206,2791 Cedar Way,98518,45.69551,-122.29034,RES,False,False,FDR-019,916.4,active
2026-09-27T19:35:25.270736+00:00,CUST-01207,MTR-01207,3472 Alder Rd,98083,46.42994,-122.64076,IND,False,False,FDR-019,40816.2,active
2026-09-27T19:35:25.270736+00:00,CUST-01208,MTR-01208,2798 Alder Ave,98700,47.00498,-123.34963,IND,False,False,FDR-019,57052.7,active
2026-09-27T19:35:25.270736+00:00,CUST-01209,MTR-01209,6535 Pine Way,98767,46.37175,-122.39624,COM,False,False,FDR-019,8558.5,active
2026-09-27T19:35:25.270736+00:00,CUST-01210,MTR-01210,109 River St,98507,46.01293,-122.62732,RES,False,False,FDR-019,524.6,active
2026-09-27T19:35:25.270736+00:00,CUST-01211,MTR-01211,3229 Cedar St,98031,46.3036,-122.49304,RES,False,False,FDR-019,642.3,active
2026-09-27T19:35:25.270736+00:00,CUST-01212,MTR-01212,5957 Alder Rd,98010,47.99384,-123.3144,RES,False,False,FDR-019,602.7,active
2026-09-27T19:35:25.270736+00:00,CUST-01213,MTR-01213,9821 Cedar Rd,98032,46.5497,-123.03546,COM,False,False,FDR-019,8436.9,active
2026-09-27T19:35:25.270736+00:00,CUST-01214,MTR-01214,9719 River Way,98971,47.72227,-122.36659,RES,False,False,FDR-019,707.0,active
2026-09-27T19:35:25.270736+00:00,CUST-01215,MTR-01215,1459 Pine St,98465,45.33922,-122.81506,COM,False,False,FDR-019,5324.1,active
2026-09-27T19:35:25.270736+00:00,CUST-01216,MTR-01216,3648 River Rd,98097,48.7424,-123.35879,RES,False,False,FDR-019,647.9,active
2026-09-27T19:35:25.270736+00:00,CUST-01217,MTR-01217,4601 Alder Rd,98820,47.63087,-123.36612,RES,False,False,FDR-019,805.0,active
2026-09-27T19:35:25.270736+00:00,CUST-01218,MTR-01218,2766 Cedar Way,98615,47.30838,-122.56214,COM,False,False,FDR-019,8315.8,active
2026-09-27T19:35:25.270736+00:00,CUST-01219,MTR-01219,2993 Summit St,98309,48.68683,-123.30782,RES,False,False,FDR-019,785.7,active
2026-09-27T19:35:25.270736+00:00,CUST-01220,MTR-01220,2002 Cedar Ave,98142,47.30085,-122.80798,RES,False,False,FDR-019,971.1,active
2026-09-27T19:35:25.270736+00:00,CUST-01221,MTR-01221,8704 Alder Way,98650,47.22597,-122.87428,RES,False,False,FDR-019,693.3,active
2026-09-27T19:35:25.270736+00:00,CUST-01222,MTR-01222,5959 Summit Rd,98519,46.20405,-122.73126,COM,False,False,FDR-019,2456.2,active
2026-09-27T19:35:25.270736+00:00,CUST-01223,MTR-01223,9044 Harbor Way,98489,45.63564,-123.20561,RES,False,False,FDR-019,856.3,active
2026-09-27T19:35:25.270736+00:00,CUST-01224,MTR-01224,6501 Cedar Way,98061,47.29563,-123.26098,RES,False,False,FDR-019,431.8,active
2026-09-27T19:35:25.270736+00:00,CUST-01225,MTR-01225,4092 Summit Ave,98193,47.59728,-122.69731,COM,False,False,FDR-019,8162.7,active
2026-09-27T19:35:25.270736+00:00,CUST-01226,MTR-01226,2493 Alder Ave,98878,45.55657,-122.93457,COM,False,False,FDR-019,5789.8,active
2026-09-27T19:35:25.270736+00:00,CUST-01227,MTR-01227,6874 Alder Way,98960,46.91968,-122.21216,COM,False,False,FDR-019,3153.1,active
2026-09-27T19:35:25.270736+00:00,CUST-01228,MTR-01228,6222 Summit Rd,98620,47.90854,-123.34851,RES,False,False,FDR-019,656.4,active
2026-09-27T19:35:25.270736+00:00,CUST-01229,MTR-01229,2676 Pine Way,98509,45.65837,-122.66213,IND,False,False,FDR-019,44071.8,active
2026-09-27T19:35:25.270736+00:00,CUST-01230,MTR-01230,754 Harbor Way,98402,46.70234,-122.72598,IND,False,False,FDR-019,49781.3,active
2026-09-27T19:35:25.270736+00:00,CUST-01231,MTR-01231,7799 River Rd,98395,48.5016,-123.0358,RES,False,False,FDR-019,828.2,active
2026-09-27T19:35:25.270736+00:00,CUST-01232,MTR-01232,7789 Harbor St,98708,47.7029,-122.29186,IND,False,False,FDR-019,40829.5,active
2026-09-27T19:35:25.270736+00:00,CUST-01233,MTR-01233,9839 River Ave,98320,47.41892,-123.32448,RES,False,False,FDR-019,903.3,active
2026-09-27T19:35:25.270736+00:00,CUST-01234,MTR-01234,4423 River Rd,98685,46.45465,-123.03238,RES,False,False,FDR-019,1060.6,active
2026-09-27T19:35:25.270736+00:00,CUST-01235,MTR-01235,8992 River Way,98209,48.03282,-122.43731,COM,False,False,FDR-019,3329.8,active
2026-09-27T19:35:25.270736+00:00,CUST-01236,MTR-01236,5627 Pine Rd,98383,45.62196,-122.53271,IND,False,False,FDR-019,41915.9,active
2026-09-27T19:35:25.270736+00:00,CUST-01237,MTR-01237,2138 Summit Rd,98003,48.55694,-122.8491,RES,False,False,FDR-019,673.1,active
2026-09-27T19:35:25.270736+00:00,CUST-01238,MTR-01238,9397 Summit Ave,98272,48.5401,-122.85429,RES,False,False,FDR-019,1192.7,active
2026-09-27T19:35:25.270736+00:00,CUST-01239,MTR-01239,2113 Harbor St,98042,46.96241,-123.2703,RES,False,False,FDR-019,749.7,active
2026-09-27T19:35:25.270736+00:00,CUST-01240,MTR-01240,754 Alder St,98010,47.1268,-123.24709,IND,False,False,FDR-019,34046.9,active
2026-09-27T19:35:25.270736+00:00,CUST-01241,MTR-01241,4470 River Way,98860,46.19783,-122.88424,RES,False,False,FDR-019,584.4,active
2026-09-27T19:35:25.270736+00:00,CUST-01242,MTR-01242,385 Pine St,98584,46.34018,-123.13615,RES,False,False,FDR-019,1044.6,active
2026-09-27T19:35:25.270736+00:00,CUST-01243,MTR-01243,2813 Pine Ave,98286,48.11438,-123.25052,COM,False,False,FDR-019,4844.8,active
2026-09-27T19:35:25.270736+00:00,CUST-01244,MTR-01244,3904 Cedar St,98418,47.61618,-122.87777,RES,False,True,FDR-019,1088.7,active
2026-09-27T19:35:25.270736+00:00,CUST-01245,MTR-01245,3460 Alder Rd,98447,48.39723,-122.3793,COM,False,False,FDR-019,2161.2,active
2026-09-27T19:35:25.270736+00:00,CUST-01246,MTR-01246,2467 Alder St,98615,45.27458,-122.79093,IND,False,False,FDR-019,24246.1,active
2026-09-27T19:35:25.270736+00:00,CUST-01247,MTR-01247,4862 Pine Rd,98614,48.03705,-123.15144,IND,False,False,FDR-019,26194.5,active
2026-09-27T19:35:25.270736+00:00,CUST-01248,MTR-01248,9466 Harbor Way,98390,47.22791,-122.62543,RES,False,False,FDR-019,451.8,active
2026-09-27T19:35:25.270736+00:00,CUST-01249,MTR-01249,4357 Summit Ave,98172,48.47308,-123.29265,RES,False,False,FDR-019,603.9,active
2026-09-27T19:35:25.270736+00:00,CUST-01250,MTR-01250,3845 Cedar Ave,98094,47.35678,-122.42783,RES,False,False,FDR-019,1076.7,active
2026-09-27T19:35:25.270736+00:00,CUST-01251,MTR-01251,4663 Pine Ave,98419,45.48532,-122.28159,COM,False,False,FDR-019,4052.1,active
2026-09-27T19:35:25.270736+00:00,CUST-01252,MTR-01252,2982 Harbor Rd,98964,48.33852,-122.65487,RES,False,False,FDR-019,858.1,active
2026-09-27T19:35:25.270736+00:00,CUST-01253,MTR-01253,3028 River St,98797,48.10782,-123.16554,RES,False,False,FDR-019,970.0,active
2026-09-27T19:35:25.270736+00:00,CUST-01254,MTR-01254,2914 Harbor St,98512,45.84413,-122.75961,RES,False,False,FDR-019,549.4,active
2026-09-27T19:35:25.270736+00:00,CUST-01255,MTR-01255,6116 River Way,98473,45.8012,-122.83712,COM,False,False,FDR-019,3693.5,active
2026-09-27T19:35:25.270736+00:00,CUST-01256,MTR-01256,2326 Cedar Way,98471,47.76835,-123.2055,RES,False,False,FDR-019,884.8,active
2026-09-27T19:35:25.270736+00:00,CUST-01257,MTR-01257,8614 Harbor Rd,98769,46.62206,-122.75024,COM,False,False,FDR-019,5675.4,active
2026-09-27T19:35:25.270736+00:00,CUST-01258,MTR-01258,6121 Harbor St,98618,47.01135,-122.80033,RES,False,False,FDR-019,1043.9,active
2026-09-27T19:35:25.270736+00:00,CUST-01259,MTR-01259,2511 Summit Ave,98664,45.28595,-122.81533,RES,False,False,FDR-019,1000.2,active
2026-09-27T19:35:25.270736+00:00,CUST-01260,MTR-01260,7721 Harbor Ave,98474,45.25896,-123.12751,IND,False,False,FDR-019,35985.7,active
2026-09-27T19:35:25.270736+00:00,CUST-01261,MTR-01261,7720 Summit Rd,98079,48.61181,-122.32355,RES,False,False,FDR-019,1138.2,active
2026-09-27T19:35:25.270736+00:00,CUST-01262,MTR-01262,5530 Pine Way,98944,47.18578,-123.35137,COM,False,False,FDR-019,7930.2,active
2026-09-27T19:35:25.270736+00:00,CUST-01263,MTR-01263,8637 Harbor St,98459,45.72538,-122.54667,COM,False,False,FDR-019,2172.8,active
2026-09-27T19:35:25.270736+00:00,CUST-01264,MTR-01264,7282 Summit Rd,98781,46.44893,-123.00815,RES,False,False,FDR-019,694.4,active
2026-09-27T19:35:25.270736+00:00,CUST-01265,MTR-01265,6291 Harbor Rd,98749,47.82319,-122.72038,COM,False,False,FDR-019,8776.9,active
2026-09-27T19:35:25.270736+00:00,CUST-01266,MTR-01266,821 Harbor St,98976,47.94359,-123.1644,COM,False,False,FDR-020,3930.3,active
2026-09-27T19:35:25.270736+00:00,CUST-01267,MTR-01267,3550 Cedar St,98167,46.70332,-122.40889,RES,False,False,FDR-020,521.3,active
2026-09-27T19:35:25.270736+00:00,CUST-01268,MTR-01268,1971 Cedar Rd,98831,48.03324,-123.13709,IND,False,False,FDR-020,45267.5,active
2026-09-27T19:35:25.270736+00:00,CUST-01269,MTR-01269,5516 Alder Way,98539,48.26214,-122.2532,RES,False,False,FDR-020,606.5,active
2026-09-27T19:35:25.270736+00:00,CUST-01270,MTR-01270,464 Summit Rd,98278,47.32321,-122.58088,RES,False,False,FDR-020,1045.0,active
2026-09-27T19:35:25.270736+00:00,CUST-01271,MTR-01271,4321 Cedar Ave,98568,48.70194,-122.21042,RES,False,False,FDR-020,441.0,active
2026-09-27T19:35:25.270736+00:00,CUST-01272,MTR-01272,6047 Summit Rd,98429,48.64224,-122.84278,RES,False,False,FDR-020,522.6,active
2026-09-27T19:35:25.270736+00:00,CUST-01273,MTR-01273,1032 Summit Rd,98834,45.7848,-122.82259,COM,False,False,FDR-020,2464.2,active
2026-09-27T19:35:25.270736+00:00,CUST-01274,MTR-01274,8158 Summit Ave,98415,45.31014,-122.27489,RES,False,False,FDR-020,494.6,active
2026-09-27T19:35:25.270736+00:00,CUST-01275,MTR-01275,1457 Cedar St,98084,47.39806,-123.20213,RES,False,False,FDR-020,527.4,active
2026-09-27T19:35:25.270736+00:00,CUST-01276,MTR-01276,2588 Cedar St,98482,46.74275,-122.3241,IND,False,False,FDR-020,46382.3,active
2026-09-27T19:35:25.270736+00:00,CUST-01277,MTR-01277,1533 Cedar Ave,98914,48.23689,-122.58551,RES,False,False,FDR-020,1134.5,active
2026-09-27T19:35:25.270736+00:00,CUST-01278,MTR-01278,2884 Summit Rd,98110,47.29831,-122.21418,RES,False,False,FDR-020,891.5,active
2026-09-27T19:35:25.270736+00:00,CUST-01279,MTR-01279,4359 Pine St,98508,47.09391,-122.40184,RES,False,False,FDR-020,627.6,active
2026-09-27T19:35:25.270736+00:00,CUST-01280,MTR-01280,8437 Harbor Way,98669,46.61622,-122.99361,COM,False,False,FDR-020,5308.6,active
2026-09-27T19:35:25.270736+00:00,CUST-01281,MTR-01281,7657 Pine Ave,98037,48.54979,-122.44689,COM,False,False,FDR-020,6663.8,active
2026-09-27T19:35:25.270736+00:00,CUST-01282,MTR-01282,5551 Alder Way,98593,45.73165,-122.20213,RES,False,False,FDR-020,500.9,active
2026-09-27T19:35:25.270736+00:00,CUST-01283,MTR-01283,3536 Summit St,98372,45.64143,-122.62683,RES,False,False,FDR-020,1154.1,active
2026-09-27T19:35:25.270736+00:00,CUST-01284,MTR-01284,7694 Alder Rd,98802,45.37608,-122.39065,RES,False,False,FDR-020,1042.9,active
2026-09-27T19:35:25.270736+00:00,CUST-01285,MTR-01285,9382 Alder Ave,98007,48.13681,-122.50566,COM,False,False,FDR-020,6608.8,active
2026-09-27T19:35:25.270736+00:00,CUST-01286,MTR-01286,4032 River Rd,98980,46.69688,-122.81573,IND,False,False,FDR-020,54789.9,active
2026-09-27T19:35:25.270736+00:00,CUST-01287,MTR-01287,6211 Harbor St,98107,46.70433,-122.47497,RES,False,False,FDR-020,905.2,active
2026-09-27T19:35:25.270736+00:00,CUST-01288,MTR-01288,4580 River Rd,98910,45.92617,-123.22263,RES,False,False,FDR-020,944.3,active
2026-09-27T19:35:25.270736+00:00,CUST-01289,MTR-01289,9782 River Way,98551,47.40401,-122.87807,COM,False,False,FDR-020,7602.0,active
2026-09-27T19:35:25.270736+00:00,CUST-01290,MTR-01290,6936 Summit Ave,98945,45.26449,-122.69282,IND,False,False,FDR-020,52329.9,active
2026-09-27T19:35:25.270736+00:00,CUST-01291,MTR-01291,9595 Harbor Rd,98271,46.15292,-122.33018,RES,False,False,FDR-020,1081.7,active
2026-09-27T19:35:25.270736+00:00,CUST-01292,MTR-01292,4583 River Rd,98016,48.62723,-122.8609,RES,False,False,FDR-020,717.6,active
2026-09-27T19:35:25.270736+00:00,CUST-01293,MTR-01293,9605 Pine Way,98798,47.96041,-122.45441,COM,False,False,FDR-020,6643.2,active
2026-09-27T19:35:25.270736+00:00,CUST-01294,MTR-01294,7136 Cedar Way,98662,46.6005,-122.52913,RES,False,False,FDR-020,541.8,active
2026-09-27T19:35:25.270736+00:00,CUST-01295,MTR-01295,6908 Pine Rd,98208,45.66756,-122.50071,RES,False,False,FDR-020,606.6,active
2026-09-27T19:35:25.270736+00:00,CUST-01296,MTR-01296,2648 Cedar St,98976,48.55427,-123.02861,COM,False,False,FDR-020,5840.8,active
2026-09-27T19:35:25.270736+00:00,CUST-01297,MTR-01297,8299 River Rd,98523,47.93041,-123.07594,RES,False,False,FDR-020,543.2,active
2026-09-27T19:35:25.270736+00:00,CUST-01298,MTR-01298,9034 Harbor St,98932,48.02779,-122.97249,RES,False,False,FDR-020,473.6,active
2026-09-27T19:35:25.270736+00:00,CUST-01299,MTR-01299,8862 Pine Rd,98946,45.51113,-123.32388,COM,False,False,FDR-020,3122.4,active
2026-09-27T19:35:25.270736+00:00,CUST-01300,MTR-01300,6693 Pine Ave,98194,48.27262,-122.4488,IND,False,False,FDR-020,49913.8,active
2026-09-27T19:35:25.270736+00:00,CUST-01301,MTR-01301,8199 River Rd,98396,47.89184,-123.31972,COM,False,False,FDR-020,3587.3,active
2026-09-27T19:35:25.270736+00:00,CUST-01302,MTR-01302,6203 Alder Way,98425,45.35107,-122.85651,RES,False,False,FDR-020,403.0,active
2026-09-27T19:35:25.270736+00:00,CUST-01303,MTR-01303,2008 River Ave,98484,48.30322,-123.29773,COM,False,False,FDR-020,6162.5,active
2026-09-27T19:35:25.270736+00:00,CUST-01304,MTR-01304,4131 Harbor Rd,98300,47.9417,-123.2563,RES,False,False,FDR-020,1048.7,active
2026-09-27T19:35:25.270736+00:00,CUST-01305,MTR-01305,2607 Harbor Way,98870,46.28074,-122.24311,RES,False,False,FDR-020,509.5,active
2026-09-27T19:35:25.270736+00:00,CUST-01306,MTR-01306,4771 Harbor Ave,98728,46.50963,-122.80206,RES,False,False,FDR-020,990.9,active
2026-09-27T19:35:25.270736+00:00,CUST-01307,MTR-01307,5568 Harbor St,98187,47.37046,-122.37812,RES,False,False,FDR-020,690.0,active
2026-09-27T19:35:25.270736+00:00,CUST-01308,MTR-01308,1405 Alder Way,98928,46.03347,-123.06818,COM,False,False,FDR-020,5851.5,active
2026-09-27T19:35:25.270736+00:00,CUST-01309,MTR-01309,5560 Harbor St,98140,46.65314,-122.28306,COM,False,False,FDR-020,8145.7,active
2026-09-27T19:35:25.270736+00:00,CUST-01310,MTR-01310,1851 Harbor Ave,98605,45.21443,-122.33032,RES,False,False,FDR-020,434.0,active
2026-09-27T19:35:25.270736+00:00,CUST-01311,MTR-01311,375 Summit Ave,98746,46.40263,-123.17784,COM,False,False,FDR-020,6904.9,active
2026-09-27T19:35:25.270736+00:00,CUST-01312,MTR-01312,4577 River Ave,98504,48.15983,-122.58106,COM,False,False,FDR-020,4855.4,active
2026-09-27T19:35:25.270736+00:00,CUST-01313,MTR-01313,9779 Summit Way,98275,47.40773,-122.93387,COM,False,False,FDR-020,4048.9,active
2026-09-27T19:35:25.270736+00:00,CUST-01314,MTR-01314,9778 Pine Way,98707,47.74486,-123.094,RES,False,False,FDR-020,884.2,active
2026-09-27T19:35:25.270736+00:00,CUST-01315,MTR-01315,4195 Alder St,98748,47.28873,-122.23939,RES,False,False,FDR-020,599.0,active
2026-09-27T19:35:25.270736+00:00,CUST-01316,MTR-01316,325 Summit St,98349,45.98529,-122.24872,RES,False,False,FDR-020,859.7,active
2026-09-27T19:35:25.270736+00:00,CUST-01317,MTR-01317,8601 Alder Way,98454,47.53267,-123.25211,RES,False,False,FDR-020,695.0,active
2026-09-27T19:35:25.270736+00:00,CUST-01318,MTR-01318,8126 Summit Way,98447,45.94441,-122.97619,COM,False,False,FDR-020,8006.8,active
2026-09-27T19:35:25.270736+00:00,CUST-01319,MTR-01319,3439 Summit St,98902,45.77098,-122.46233,RES,False,False,FDR-020,1067.0,active
2026-09-27T19:35:25.270736+00:00,CUST-01320,MTR-01320,5799 Harbor Ave,98460,46.73415,-123.38348,RES,False,False,FDR-020,1028.6,active
2026-09-27T19:35:25.270736+00:00,CUST-01321,MTR-01321,380 Pine Rd,98393,46.91661,-122.93129,RES,False,False,FDR-020,528.4,active
2026-09-27T19:35:25.270736+00:00,CUST-01322,MTR-01322,1719 Harbor Way,98764,47.5108,-123.22637,RES,False,False,FDR-020,614.1,active
2026-09-27T19:35:25.270736+00:00,CUST-01323,MTR-01323,9208 River Ave,98642,48.38531,-123.11053,RES,False,False,FDR-020,626.3,active
2026-09-27T19:35:25.270736+00:00,CUST-01324,MTR-01324,123 Summit Ave,98191,48.65104,-123.00715,RES,True,False,FDR-020,951.7,active
2026-09-27T19:35:25.270736+00:00,CUST-01325,MTR-01325,9956 River Way,98098,46.72946,-122.56477,RES,False,False,FDR-020,617.6,active
2026-09-27T19:35:25.270736+00:00,CUST-01326,MTR-01326,5562 Summit Ave,98441,46.08158,-123.34504,RES,False,False,FDR-020,668.9,active
2026-09-27T19:35:25.270736+00:00,CUST-01327,MTR-01327,8865 Alder St,98105,47.23457,-123.23561,COM,False,False,FDR-020,2307.1,active
2026-09-27T19:35:25.270736+00:00,CUST-01328,MTR-01328,291 River Rd,98123,47.78635,-123.13512,COM,False,False,FDR-020,4596.1,active
2026-09-27T19:35:25.270736+00:00,CUST-01329,MTR-01329,4201 River Ave,98045,48.41517,-123.28782,RES,False,False,FDR-020,1138.9,active
2026-09-27T19:35:25.270736+00:00,CUST-01330,MTR-01330,3644 Summit Way,98102,47.56627,-122.56496,RES,False,False,FDR-020,405.1,active
2026-09-27T19:35:25.270736+00:00,CUST-01331,MTR-01331,9214 Alder Ave,98027,47.27243,-123.39989,RES,False,False,FDR-020,957.1,active
2026-09-27T19:35:25.270736+00:00,CUST-01332,MTR-01332,3039 Pine Ave,98202,45.2769,-123.06969,COM,False,False,FDR-020,3098.7,active
2026-09-27T19:35:25.270736+00:00,CUST-01333,MTR-01333,6107 Alder Way,98854,46.81808,-122.65762,RES,False,False,FDR-020,425.2,active
2026-09-27T19:35:25.270736+00:00,CUST-01334,MTR-01334,2968 Alder Rd,98111,48.20103,-123.20912,COM,False,False,FDR-020,3199.6,active
2026-09-27T19:35:25.270736+00:00,CUST-01335,MTR-01335,8623 Alder Way,98907,45.75346,-123.26987,RES,False,False,FDR-020,583.4,active
2026-09-27T19:35:25.270736+00:00,CUST-01336,MTR-01336,7392 Harbor Way,98266,47.11825,-122.71925,RES,False,False,FDR-021,1162.9,active
2026-09-27T19:35:25.270736+00:00,CUST-01337,MTR-01337,1591 River St,98815,47.97851,-123.37597,COM,False,False,FDR-021,4628.7,active
2026-09-27T19:35:25.270736+00:00,CUST-01338,MTR-01338,9613 Alder Ave,98054,47.85321,-122.75975,COM,False,False,FDR-021,5920.5,active
2026-09-27T19:35:25.270736+00:00,CUST-01339,MTR-01339,1315 Pine St,98347,48.07619,-123.11142,COM,False,False,FDR-021,8008.1,active
2026-09-27T19:35:25.270736+00:00,CUST-01340,MTR-01340,3463 Pine Ave,98715,46.39547,-123.23658,COM,False,False,FDR-021,4994.0,active
2026-09-27T19:35:25.270736+00:00,CUST-01341,MTR-01341,7651 Pine Way,98867,46.79245,-122.89345,COM,False,False,FDR-021,2561.1,active
2026-09-27T19:35:25.270736+00:00,CUST-01342,MTR-01342,1470 Harbor Ave,98775,48.00817,-122.46963,RES,False,False,FDR-021,952.7,active
2026-09-27T19:35:25.270736+00:00,CUST-01343,MTR-01343,8931 Alder Way,98058,45.49748,-123.17149,COM,False,False,FDR-021,2687.8,active
2026-09-27T19:35:25.270736+00:00,CUST-01344,MTR-01344,8357 Alder Way,98770,45.29303,-123.22027,IND,False,False,FDR-021,20182.1,active
2026-09-27T19:35:25.270736+00:00,CUST-01345,MTR-01345,1355 Pine Ave,98844,48.12596,-122.67958,RES,False,False,FDR-021,861.1,active
2026-09-27T19:35:25.270736+00:00,CUST-01346,MTR-01346,9917 Cedar St,98677,45.35286,-122.94467,IND,False,False,FDR-021,16181.3,active
2026-09-27T19:35:25.270736+00:00,CUST-01347,MTR-01347,6288 River St,98241,47.492,-123.29357,RES,False,False,FDR-021,979.1,active
2026-09-27T19:35:25.270736+00:00,CUST-01348,MTR-01348,9550 Summit St,98565,46.02024,-123.01403,RES,False,False,FDR-021,929.1,active
2026-09-27T19:35:25.270736+00:00,CUST-01349,MTR-01349,5917 Cedar Ave,98128,46.66423,-123.11153,COM,False,False,FDR-021,6299.5,active
2026-09-27T19:35:25.270736+00:00,CUST-01350,MTR-01350,8771 Alder St,98267,48.5413,-122.3617,RES,False,False,FDR-021,602.3,active
2026-09-27T19:35:25.270736+00:00,CUST-01351,MTR-01351,3276 Summit Ave,98541,47.5176,-122.74303,COM,False,False,FDR-021,8163.2,active
2026-09-27T19:35:25.270736+00:00,CUST-01352,MTR-01352,2899 River Way,98417,45.7575,-123.32136,COM,False,False,FDR-021,6333.5,active
2026-09-27T19:35:25.270736+00:00,CUST-01353,MTR-01353,3604 Cedar Way,98983,46.71128,-122.53961,RES,False,False,FDR-021,694.6,active
2026-09-27T19:35:25.270736+00:00,CUST-01354,MTR-01354,6222 Harbor St,98191,45.3468,-122.93178,IND,False,False,FDR-021,22050.2,active
2026-09-27T19:35:25.270736+00:00,CUST-01355,MTR-01355,481 Alder St,98481,46.52857,-122.74784,RES,False,False,FDR-021,549.6,active
2026-09-27T19:35:25.270736+00:00,CUST-01356,MTR-01356,468 Pine St,98377,48.3071,-122.78442,RES,False,False,FDR-021,1168.0,active
2026-09-27T19:35:25.270736+00:00,CUST-01357,MTR-01357,1108 Alder Way,98038,45.84244,-122.22124,RES,False,False,FDR-021,665.2,active
2026-09-27T19:35:25.270736+00:00,CUST-01358,MTR-01358,5917 Pine Way,98601,48.27068,-123.11342,RES,False,False,FDR-021,1133.2,active
2026-09-27T19:35:25.270736+00:00,CUST-01359,MTR-01359,7550 River Rd,98738,47.82242,-122.43195,RES,False,False,FDR-021,1044.8,active
2026-09-27T19:35:25.270736+00:00,CUST-01360,MTR-01360,2307 Summit Way,98231,48.71212,-123.11068,IND,False,False,FDR-021,37166.1,active
2026-09-27T19:35:25.270736+00:00,CUST-01361,MTR-01361,5464 Summit St,98472,47.8041,-122.25255,RES,False,False,FDR-021,1134.5,active
2026-09-27T19:35:25.270736+00:00,CUST-01362,MTR-01362,535 Cedar St,98342,47.79303,-122.77063,COM,False,False,FDR-021,8380.6,active
2026-09-27T19:35:25.270736+00:00,CUST-01363,MTR-01363,8248 Harbor Way,98842,48.21535,-122.77136,IND,False,False,FDR-021,30023.3,active
2026-09-27T19:35:25.270736+00:00,CUST-01364,MTR-01364,5765 Pine St,98078,46.69584,-123.39631,COM,False,False,FDR-021,3495.9,active
2026-09-27T19:35:25.270736+00:00,CUST-01365,MTR-01365,3890 Summit Rd,98351,48.33503,-122.63285,RES,False,False,FDR-021,860.0,active
2026-09-27T19:35:25.270736+00:00,CUST-01366,MTR-01366,9962 River Ave,98075,48.78896,-123.16635,IND,False,False,FDR-021,24701.4,active
2026-09-27T19:35:25.270736+00:00,CUST-01367,MTR-01367,4916 Pine Rd,98963,46.70577,-123.28933,RES,False,False,FDR-021,1147.0,active
2026-09-27T19:35:25.270736+00:00,CUST-01368,MTR-01368,859 River St,98119,45.27652,-122.44956,COM,False,False,FDR-021,8549.1,active
2026-09-27T19:35:25.270736+00:00,CUST-01369,MTR-01369,3428 Harbor Rd,98407,45.26469,-123.34941,COM,False,False,FDR-021,8931.8,active
2026-09-27T19:35:25.270736+00:00,CUST-01370,MTR-01370,1737 Pine Ave,98260,45.29817,-123.21521,COM,False,False,FDR-021,4242.6,active
2026-09-27T19:35:25.270736+00:00,CUST-01371,MTR-01371,7054 River Ave,98636,47.03267,-123.17992,RES,False,False,FDR-021,857.6,active
2026-09-27T19:35:25.270736+00:00,CUST-01372,MTR-01372,8747 Summit Ave,98350,46.24544,-122.24425,RES,False,False,FDR-021,492.7,active
2026-09-27T19:35:25.270736+00:00,CUST-01373,MTR-01373,6232 River St,98054,48.48581,-122.51601,RES,False,False,FDR-021,822.9,active
2026-09-27T19:35:25.270736+00:00,CUST-01374,MTR-01374,1162 Harbor Way,98587,47.69828,-122.67318,RES,False,False,FDR-021,438.0,active
2026-09-27T19:35:25.270736+00:00,CUST-01375,MTR-01375,9484 River Rd,98785,46.83119,-123.09371,RES,False,False,FDR-021,1045.9,active
2026-09-27T19:35:25.270736+00:00,CUST-01376,MTR-01376,7574 Cedar Way,98148,48.00987,-123.04431,COM,False,False,FDR-021,6232.6,active
2026-09-27T19:35:25.270736+00:00,CUST-01377,MTR-01377,8299 Harbor Ave,98976,47.4924,-122.71749,COM,False,False,FDR-021,5957.4,active
2026-09-27T19:35:25.270736+00:00,CUST-01378,MTR-01378,7143 Summit St,98417,48.22107,-122.43151,RES,False,False,FDR-021,578.4,active
2026-09-27T19:35:25.270736+00:00,CUST-01379,MTR-01379,600 Alder Rd,98178,46.90272,-122.92241,COM,False,False,FDR-021,7346.5,active
2026-09-27T19:35:25.270736+00:00,CUST-01380,MTR-01380,6027 Alder Ave,98920,48.78089,-123.12627,COM,False,False,FDR-021,4280.4,active
2026-09-27T19:35:25.270736+00:00,CUST-01381,MTR-01381,6776 Alder St,98145,47.92524,-122.39683,COM,False,False,FDR-021,7796.1,active
2026-09-27T19:35:25.270736+00:00,CUST-01382,MTR-01382,9021 Alder Ave,98444,45.30778,-122.4345,COM,False,False,FDR-021,4843.6,active
2026-09-27T19:35:25.270736+00:00,CUST-01383,MTR-01383,344 River Rd,98828,46.57676,-122.94604,COM,False,False,FDR-021,2509.6,active
2026-09-27T19:35:25.270736+00:00,CUST-01384,MTR-01384,2069 Harbor Ave,98795,48.37623,-122.48021,RES,False,False,FDR-021,1045.8,active
2026-09-27T19:35:25.270736+00:00,CUST-01385,MTR-01385,582 Pine Rd,98770,47.3154,-122.47223,RES,False,False,FDR-021,1079.8,active
2026-09-27T19:35:25.270736+00:00,CUST-01386,MTR-01386,1003 Cedar Rd,98515,47.60378,-122.78332,RES,False,True,FDR-021,880.3,active
2026-09-27T19:35:25.270736+00:00,CUST-01387,MTR-01387,1184 Summit St,98626,48.13153,-122.99819,RES,False,False,FDR-021,1175.6,active
2026-09-27T19:35:25.270736+00:00,CUST-01388,MTR-01388,8649 Pine Rd,98657,47.38352,-122.3706,COM,False,False,FDR-021,5172.0,active
2026-09-27T19:35:25.270736+00:00,CUST-01389,MTR-01389,9911 Harbor Rd,98166,46.5261,-122.635,RES,False,False,FDR-021,616.1,active
2026-09-27T19:35:25.270736+00:00,CUST-01390,MTR-01390,5745 Cedar St,98763,45.70303,-122.91614,RES,False,False,FDR-021,1090.4,active
2026-09-27T19:35:25.270736+00:00,CUST-01391,MTR-01391,9959 Cedar Way,98023,46.9069,-122.93863,IND,False,False,FDR-021,46467.6,active
2026-09-27T19:35:25.270736+00:00,CUST-01392,MTR-01392,2273 Harbor Way,98732,46.14608,-122.23564,RES,False,False,FDR-021,558.8,active
2026-09-27T19:35:25.270736+00:00,CUST-01393,MTR-01393,2791 Alder St,98080,46.64472,-122.83937,RES,False,False,FDR-021,1141.7,active
2026-09-27T19:35:25.270736+00:00,CUST-01394,MTR-01394,7763 Summit Way,98385,45.98794,-122.89372,COM,False,False,FDR-021,8856.8,active
2026-09-27T19:35:25.270736+00:00,CUST-01395,MTR-01395,2863 River Way,98048,48.40904,-122.74577,RES,False,False,FDR-021,645.7,active
2026-09-27T19:35:25.270736+00:00,CUST-01396,MTR-01396,7501 Pine Way,98851,45.3548,-122.41905,RES,False,False,FDR-021,744.9,active
2026-09-27T19:35:25.270736+00:00,CUST-01397,MTR-01397,3158 Cedar St,98853,48.53966,-122.31395,RES,False,False,FDR-021,992.7,active
2026-09-27T19:35:25.270736+00:00,CUST-01398,MTR-01398,8610 Summit Ave,98586,48.41936,-122.69321,RES,False,False,FDR-021,1061.9,active
2026-09-27T19:35:25.270736+00:00,CUST-01399,MTR-01399,3895 River Ave,98897,48.02382,-122.57586,COM,False,False,FDR-021,7305.1,active
2026-09-27T19:35:25.270736+00:00,CUST-01400,MTR-01400,475 Summit Rd,98412,47.65351,-123.01787,RES,False,False,FDR-021,423.3,active
2026-09-27T19:35:25.270736+00:00,CUST-01401,MTR-01401,353 Harbor St,98385,48.29925,-122.80424,RES,False,False,FDR-022,1120.3,active
2026-09-27T19:35:25.270736+00:00,CUST-01402,MTR-01402,6544 Alder Way,98015,45.81538,-123.13131,COM,False,False,FDR-022,6717.2,active
2026-09-27T19:35:25.270736+00:00,CUST-01403,MTR-01403,2954 Cedar Ave,98335,48.57341,-122.5759,IND,False,False,FDR-022,18278.8,active
2026-09-27T19:35:25.270736+00:00,CUST-01404,MTR-01404,7144 River Way,98802,47.33902,-123.35268,COM,False,False,FDR-022,7408.0,active
2026-09-27T19:35:25.270736+00:00,CUST-01405,MTR-01405,3865 Alder Rd,98998,45.65675,-122.2977,COM,False,False,FDR-022,7588.7,active
2026-09-27T19:35:25.270736+00:00,CUST-01406,MTR-01406,8491 River St,98662,47.0265,-123.04976,COM,False,False,FDR-022,8177.4,active
2026-09-27T19:35:25.270736+00:00,CUST-01407,MTR-01407,7331 Cedar Way,98945,47.16449,-122.85054,RES,False,False,FDR-022,1048.2,active
2026-09-27T19:35:25.270736+00:00,CUST-01408,MTR-01408,7505 Harbor Rd,98798,46.81129,-122.82688,RES,False,False,FDR-022,831.4,active
2026-09-27T19:35:25.270736+00:00,CUST-01409,MTR-01409,2556 River Rd,98517,47.46015,-122.23197,RES,False,False,FDR-022,795.9,active
2026-09-27T19:35:25.270736+00:00,CUST-01410,MTR-01410,8818 Harbor St,98408,48.20272,-123.01586,RES,False,False,FDR-022,861.4,active
2026-09-27T19:35:25.270736+00:00,CUST-01411,MTR-01411,6004 Summit Rd,98745,46.05493,-123.33775,COM,False,False,FDR-022,2209.3,active
2026-09-27T19:35:25.270736+00:00,CUST-01412,MTR-01412,5713 Harbor Way,98257,45.33794,-122.59239,COM,False,False,FDR-022,8298.4,active
2026-09-27T19:35:25.270736+00:00,CUST-01413,MTR-01413,4140 Alder Ave,98699,47.33694,-123.16467,RES,False,False,FDR-022,682.4,active
2026-09-27T19:35:25.270736+00:00,CUST-01414,MTR-01414,9481 Cedar Way,98414,48.04233,-122.40363,COM,False,False,FDR-022,8584.2,active
2026-09-27T19:35:25.270736+00:00,CUST-01415,MTR-01415,3014 Harbor Rd,98171,48.49759,-123.17608,RES,False,False,FDR-022,1009.2,active
2026-09-27T19:35:25.270736+00:00,CUST-01416,MTR-01416,1774 Pine St,98573,45.99795,-122.56648,COM,False,False,FDR-022,6255.6,active
2026-09-27T19:35:25.270736+00:00,CUST-01417,MTR-01417,5414 Cedar Way,98774,48.62586,-122.81244,COM,False,False,FDR-022,4704.0,active
2026-09-27T19:35:25.270736+00:00,CUST-01418,MTR-01418,8493 River St,98948,46.14215,-123.39088,RES,False,False,FDR-022,645.3,active
2026-09-27T19:35:25.270736+00:00,CUST-01419,MTR-01419,4509 Cedar St,98858,46.9433,-123.34373,IND,False,False,FDR-022,41189.0,active
2026-09-27T19:35:25.270736+00:00,CUST-01420,MTR-01420,2942 Harbor Ave,98837,46.37089,-122.85559,RES,False,False,FDR-022,661.4,active
2026-09-27T19:35:25.270736+00:00,CUST-01421,MTR-01421,4454 Pine St,98290,47.08829,-123.11422,RES,False,False,FDR-022,741.0,active
2026-09-27T19:35:25.270736+00:00,CUST-01422,MTR-01422,9794 River Rd,98574,46.47389,-122.85204,IND,False,False,FDR-022,20490.6,active
2026-09-27T19:35:25.270736+00:00,CUST-01423,MTR-01423,9239 Harbor Rd,98166,47.92795,-123.39193,RES,False,False,FDR-022,688.8,active
2026-09-27T19:35:25.270736+00:00,CUST-01424,MTR-01424,9661 River Rd,98811,48.48641,-122.46897,RES,False,False,FDR-022,732.9,active
2026-09-27T19:35:25.270736+00:00,CUST-01425,MTR-01425,4681 River Way,98750,46.27514,-123.19889,IND,False,False,FDR-022,30177.8,active
2026-09-27T19:35:25.270736+00:00,CUST-01426,MTR-01426,5089 River St,98990,48.32046,-122.45487,COM,False,False,FDR-022,4016.2,active
2026-09-27T19:35:25.270736+00:00,CUST-01427,MTR-01427,5127 Harbor Ave,98600,46.39626,-123.23665,RES,False,False,FDR-022,1080.8,active
2026-09-27T19:35:25.270736+00:00,CUST-01428,MTR-01428,5440 Harbor St,98213,46.05112,-122.62882,COM,False,False,FDR-022,8938.4,active
2026-09-27T19:35:25.270736+00:00,CUST-01429,MTR-01429,4751 Harbor Way,98871,47.07843,-122.6399,RES,False,False,FDR-022,740.5,active
2026-09-27T19:35:25.270736+00:00,CUST-01430,MTR-01430,3738 Summit Rd,98920,47.31116,-122.20588,COM,False,False,FDR-022,5497.1,active
2026-09-27T19:35:25.270736+00:00,CUST-01431,MTR-01431,2847 Harbor Way,98214,46.25361,-122.90406,COM,False,False,FDR-022,2908.2,active
2026-09-27T19:35:25.270736+00:00,CUST-01432,MTR-01432,1130 Pine Ave,98621,45.82235,-122.74796,RES,False,False,FDR-022,1053.1,active
2026-09-27T19:35:25.270736+00:00,CUST-01433,MTR-01433,8612 Pine Rd,98268,47.45688,-122.65112,RES,False,False,FDR-022,447.2,active
2026-09-27T19:35:25.270736+00:00,CUST-01434,MTR-01434,1526 Alder Rd,98181,46.86747,-123.37093,RES,False,False,FDR-022,532.0,active
2026-09-27T19:35:25.270736+00:00,CUST-01435,MTR-01435,2322 Summit Ave,98883,46.87134,-123.08759,IND,False,False,FDR-022,26953.4,active
2026-09-27T19:35:25.270736+00:00,CUST-01436,MTR-01436,9173 Pine St,98401,47.427,-122.78689,COM,False,False,FDR-022,6688.5,active
2026-09-27T19:35:25.270736+00:00,CUST-01437,MTR-01437,3349 Summit Ave,98948,46.78233,-123.25488,RES,False,False,FDR-022,775.0,active
2026-09-27T19:35:25.270736+00:00,CUST-01438,MTR-01438,9387 River Ave,98758,48.64409,-122.2887,COM,False,False,FDR-022,3207.8,active
2026-09-27T19:35:25.270736+00:00,CUST-01439,MTR-01439,3971 River Ave,98242,47.8381,-122.44072,RES,False,False,FDR-022,925.8,active
2026-09-27T19:35:25.270736+00:00,CUST-01440,MTR-01440,5147 Harbor Rd,98125,48.67095,-122.45278,RES,False,False,FDR-022,1084.6,active
2026-09-27T19:35:25.270736+00:00,CUST-01441,MTR-01441,420 River Way,98267,47.87718,-122.80828,RES,False,False,FDR-022,529.2,active
2026-09-27T19:35:25.270736+00:00,CUST-01442,MTR-01442,9639 Summit St,98191,47.98975,-122.66654,IND,False,False,FDR-022,35107.2,active
2026-09-27T19:35:25.270736+00:00,CUST-01443,MTR-01443,8254 Alder St,98219,45.39958,-123.10421,COM,False,False,FDR-022,5279.6,active
2026-09-27T19:35:25.270736+00:00,CUST-01444,MTR-01444,560 Alder St,98137,45.69779,-122.25852,RES,False,False,FDR-022,1156.6,active
2026-09-27T19:35:25.270736+00:00,CUST-01445,MTR-01445,9180 Summit Rd,98531,47.81399,-123.33485,IND,False,False,FDR-022,17001.0,active
2026-09-27T19:35:25.270736+00:00,CUST-01446,MTR-01446,8526 Harbor Ave,98242,46.45753,-123.1473,COM,False,False,FDR-022,6934.7,active
2026-09-27T19:35:25.270736+00:00,CUST-01447,MTR-01447,384 Harbor Way,98241,48.07529,-122.29294,COM,False,False,FDR-022,7695.3,active
2026-09-27T19:35:25.270736+00:00,CUST-01448,MTR-01448,2770 Pine St,98023,48.27867,-122.71138,RES,False,False,FDR-022,487.6,active
2026-09-27T19:35:25.270736+00:00,CUST-01449,MTR-01449,5060 Pine Rd,98283,48.00519,-122.52428,IND,False,False,FDR-022,16081.3,active
2026-09-27T19:35:25.270736+00:00,CUST-01450,MTR-01450,1454 Pine Rd,98095,45.40408,-122.4121,COM,False,False,FDR-022,6035.8,active
2026-09-27T19:35:25.270736+00:00,CUST-01451,MTR-01451,7642 Summit Rd,98770,45.3743,-123.21888,COM,False,False,FDR-022,3450.7,active
2026-09-27T19:35:25.270736+00:00,CUST-01452,MTR-01452,3060 Cedar St,98632,47.97696,-122.59187,COM,False,False,FDR-022,4678.1,active
2026-09-27T19:35:25.270736+00:00,CUST-01453,MTR-01453,3607 Cedar Way,98585,46.43458,-122.5089,COM,False,False,FDR-022,5063.5,active
2026-09-27T19:35:25.270736+00:00,CUST-01454,MTR-01454,8635 Cedar Ave,98782,47.13013,-122.6076,RES,False,False,FDR-022,764.3,active
2026-09-27T19:35:25.270736+00:00,CUST-01455,MTR-01455,5623 Cedar Way,98137,46.22402,-122.4522,IND,False,False,FDR-022,21327.5,active
2026-09-27T19:35:25.270736+00:00,CUST-01456,MTR-01456,5833 Alder Rd,98859,45.26161,-122.41211,RES,False,False,FDR-022,554.9,active
2026-09-27T19:35:25.270736+00:00,CUST-01457,MTR-01457,2200 Alder Rd,98843,47.55856,-122.43357,IND,False,False,FDR-022,41829.1,active
2026-09-27T19:35:25.270736+00:00,CUST-01458,MTR-01458,8941 Harbor Rd,98314,46.83344,-123.22975,RES,False,False,FDR-022,552.6,active
2026-09-27T19:35:25.270736+00:00,CUST-01459,MTR-01459,7994 Cedar Rd,98126,45.29735,-122.27018,IND,False,False,FDR-022,16154.0,active
2026-09-27T19:35:25.270736+00:00,CUST-01460,MTR-01460,1498 Summit Rd,98882,47.2071,-123.06648,RES,False,False,FDR-022,533.1,active
2026-09-27T19:35:25.270736+00:00,CUST-01461,MTR-01461,4377 Pine St,98227,45.65534,-123.06232,COM,False,False,FDR-022,8307.8,active
2026-09-27T19:35:25.270736+00:00,CUST-01462,MTR-01462,8232 River Rd,98377,46.09891,-123.25037,COM,False,False,FDR-022,8355.9,active
2026-09-27T19:35:25.270736+00:00,CUST-01463,MTR-01463,7065 Pine Ave,98257,45.43358,-122.86863,RES,False,False,FDR-022,941.7,active
2026-09-27T19:35:25.270736+00:00,CUST-01464,MTR-01464,2041 River St,98039,48.11632,-122.8459,RES,False,False,FDR-022,402.2,active
2026-09-27T19:35:25.270736+00:00,CUST-01465,MTR-01465,1574 Summit Ave,98433,48.05311,-122.73539,RES,False,False,FDR-022,480.3,active
2026-09-27T19:35:25.270736+00:00,CUST-01466,MTR-01466,1872 Harbor St,98474,45.55074,-122.52788,COM,True,False,FDR-023,2751.8,active
2026-09-27T19:35:25.270736+00:00,CUST-01467,MTR-01467,883 Harbor Way,98993,46.83067,-123.1042,RES,False,False,FDR-023,769.6,active
2026-09-27T19:35:25.270736+00:00,CUST-01468,MTR-01468,7228 Pine Way,98544,45.91818,-122.91926,COM,False,False,FDR-023,3375.9,active
2026-09-27T19:35:25.270736+00:00,CUST-01469,MTR-01469,189 Harbor Ave,98687,46.73327,-122.88462,IND,False,False,FDR-023,20422.3,active
2026-09-27T19:35:25.270736+00:00,CUST-01470,MTR-01470,7267 Summit Rd,98842,46.64929,-122.4129,IND,False,False,FDR-023,26440.0,active
2026-09-27T19:35:25.270736+00:00,CUST-01471,MTR-01471,4458 Summit Rd,98435,47.08862,-122.40317,RES,False,False,FDR-023,959.6,active
2026-09-27T19:35:25.270736+00:00,CUST-01472,MTR-01472,7757 Cedar Way,98038,47.32153,-122.49388,RES,False,False,FDR-023,1036.1,active
2026-09-27T19:35:25.270736+00:00,CUST-01473,MTR-01473,4516 River St,98322,46.04943,-122.47807,RES,False,False,FDR-023,841.6,active
2026-09-27T19:35:25.270736+00:00,CUST-01474,MTR-01474,9760 Harbor Rd,98951,46.34,-123.19346,RES,False,False,FDR-023,604.4,active
2026-09-27T19:35:25.270736+00:00,CUST-01475,MTR-01475,2070 Summit Rd,98617,46.97417,-123.13158,RES,False,False,FDR-023,452.1,active
2026-09-27T19:35:25.270736+00:00,CUST-01476,MTR-01476,8046 Summit Way,98254,48.46907,-122.25346,COM,False,False,FDR-023,5394.7,active
2026-09-27T19:35:25.270736+00:00,CUST-01477,MTR-01477,4836 River St,98625,46.77282,-123.14688,RES,False,False,FDR-023,951.1,active
2026-09-27T19:35:25.270736+00:00,CUST-01478,MTR-01478,2386 Cedar Ave,98478,48.16117,-123.08306,RES,False,False,FDR-023,1106.7,active
2026-09-27T19:35:25.270736+00:00,CUST-01479,MTR-01479,549 Alder Way,98097,47.14598,-123.19417,RES,False,False,FDR-023,471.2,active
2026-09-27T19:35:25.270736+00:00,CUST-01480,MTR-01480,9464 River Rd,98922,48.59737,-122.44098,IND,False,False,FDR-023,48791.7,active
2026-09-27T19:35:25.270736+00:00,CUST-01481,MTR-01481,4847 Alder St,98834,46.80004,-123.3731,RES,False,False,FDR-023,1069.0,active
2026-09-27T19:35:25.270736+00:00,CUST-01482,MTR-01482,7493 Harbor Ave,98584,48.54107,-122.327,IND,False,False,FDR-023,49102.5,active
2026-09-27T19:35:25.270736+00:00,CUST-01483,MTR-01483,6961 Summit Way,98484,48.55703,-122.75308,RES,False,False,FDR-023,449.4,active
2026-09-27T19:35:25.270736+00:00,CUST-01484,MTR-01484,1476 Pine Rd,98690,48.23163,-122.9437,COM,False,False,FDR-023,6169.8,active
2026-09-27T19:35:25.270736+00:00,CUST-01485,MTR-01485,6524 River Rd,98680,47.35965,-122.89183,IND,False,False,FDR-023,47679.2,active
2026-09-27T19:35:25.270736+00:00,CUST-01486,MTR-01486,7038 Cedar Way,98437,46.47671,-122.54394,COM,False,False,FDR-023,7533.3,active
2026-09-27T19:35:25.270736+00:00,CUST-01487,MTR-01487,3772 Harbor Rd,98362,46.0932,-122.81499,RES,False,False,FDR-023,939.4,active
2026-09-27T19:35:25.270736+00:00,CUST-01488,MTR-01488,840 River Rd,98718,48.07231,-122.43423,RES,False,False,FDR-023,936.0,active
2026-09-27T19:35:25.270736+00:00,CUST-01489,MTR-01489,7522 River Way,98155,46.58143,-123.10161,COM,False,False,FDR-023,6282.6,active
2026-09-27T19:35:25.270736+00:00,CUST-01490,MTR-01490,4083 Alder Rd,98281,46.41686,-122.93688,RES,False,False,FDR-023,527.8,active
2026-09-27T19:35:25.270736+00:00,CUST-01491,MTR-01491,8321 Pine St,98901,48.68358,-122.24782,COM,True,False,FDR-023,3861.4,active
2026-09-27T19:35:25.270736+00:00,CUST-01492,MTR-01492,7061 Cedar St,98091,46.92628,-122.21129,RES,False,False,FDR-023,1002.3,active
2026-09-27T19:35:25.270736+00:00,CUST-01493,MTR-01493,9925 Alder Ave,98840,45.60661,-122.32473,RES,False,False,FDR-023,1195.4,active
2026-09-27T19:35:25.270736+00:00,CUST-01494,MTR-01494,4173 Cedar Way,98328,46.03754,-122.82987,IND,False,False,FDR-023,23396.1,active
2026-09-27T19:35:25.270736+00:00,CUST-01495,MTR-01495,5049 Summit Ave,98268,48.00713,-122.5596,COM,False,False,FDR-023,4522.2,active
2026-09-27T19:35:25.270736+00:00,CUST-01496,MTR-01496,6922 Summit St,98481,47.54103,-122.35235,RES,False,False,FDR-023,957.6,active
2026-09-27T19:35:25.270736+00:00,CUST-01497,MTR-01497,9491 River St,98559,48.55289,-123.3216,IND,False,False,FDR-023,41754.6,active
2026-09-27T19:35:25.270736+00:00,CUST-01498,MTR-01498,4537 Summit St,98806,48.31868,-122.84593,COM,False,False,FDR-023,2678.3,active
2026-09-27T19:35:25.270736+00:00,CUST-01499,MTR-01499,8921 River Ave,98715,48.50882,-122.64809,RES,False,False,FDR-023,1157.7,active
2026-09-27T19:35:25.270736+00:00,CUST-01500,MTR-01500,1579 Harbor Way,98602,46.78525,-122.28363,COM,False,False,FDR-023,4186.5,active
2026-09-27T19:35:25.270736+00:00,CUST-01501,MTR-01501,7927 Harbor Ave,98713,45.37748,-123.25106,RES,False,False,FDR-023,507.8,active
2026-09-27T19:35:25.270736+00:00,CUST-01502,MTR-01502,9864 River Rd,98212,45.6082,-122.83062,RES,False,False,FDR-023,738.0,active
2026-09-27T19:35:25.270736+00:00,CUST-01503,MTR-01503,1014 Summit Rd,98007,47.75368,-123.24908,RES,False,False,FDR-023,811.7,active
2026-09-27T19:35:25.270736+00:00,CUST-01504,MTR-01504,869 Harbor Rd,98384,47.26064,-122.43161,RES,False,False,FDR-023,639.0,active
2026-09-27T19:35:25.270736+00:00,CUST-01505,MTR-01505,7240 Harbor Ave,98014,47.86602,-122.7319,COM,False,False,FDR-023,5482.5,active
2026-09-27T19:35:25.270736+00:00,CUST-01506,MTR-01506,9458 Summit Way,98786,46.72493,-122.96297,IND,False,False,FDR-023,55160.9,active
2026-09-27T19:35:25.270736+00:00,CUST-01507,MTR-01507,4328 Summit Rd,98802,47.02312,-122.66967,RES,False,False,FDR-023,740.1,active
2026-09-27T19:35:25.270736+00:00,CUST-01508,MTR-01508,5785 Pine St,98009,46.70744,-122.55928,RES,False,False,FDR-023,443.4,active
2026-09-27T19:35:25.270736+00:00,CUST-01509,MTR-01509,7504 Summit Rd,98710,48.28007,-123.2579,COM,False,False,FDR-023,3267.3,active
2026-09-27T19:35:25.270736+00:00,CUST-01510,MTR-01510,1737 Cedar Way,98932,47.94971,-122.66407,COM,False,False,FDR-023,2725.6,active
2026-09-27T19:35:25.270736+00:00,CUST-01511,MTR-01511,8895 Cedar St,98485,47.12027,-122.77952,IND,False,False,FDR-023,49222.2,active
2026-09-27T19:35:25.270736+00:00,CUST-01512,MTR-01512,9857 Harbor Rd,98953,47.75948,-122.21004,COM,False,False,FDR-023,8122.3,active
2026-09-27T19:35:25.270736+00:00,CUST-01513,MTR-01513,7063 Cedar Ave,98747,46.18351,-123.23811,IND,False,False,FDR-023,53373.4,active
2026-09-27T19:35:25.270736+00:00,CUST-01514,MTR-01514,5764 Alder Rd,98887,47.10354,-123.12543,RES,False,False,FDR-023,1007.8,active
2026-09-27T19:35:25.270736+00:00,CUST-01515,MTR-01515,2964 Harbor Ave,98126,46.46128,-122.4172,IND,False,False,FDR-023,57659.5,active
2026-09-27T19:35:25.270736+00:00,CUST-01516,MTR-01516,872 Cedar Rd,98260,47.01247,-122.34562,COM,False,False,FDR-023,7267.0,active
2026-09-27T19:35:25.270736+00:00,CUST-01517,MTR-01517,2392 Pine Ave,98957,46.88201,-122.51228,RES,False,False,FDR-023,1095.9,active
2026-09-27T19:35:25.270736+00:00,CUST-01518,MTR-01518,1490 Summit Rd,98922,47.13416,-122.48158,COM,False,False,FDR-023,5438.8,active
2026-09-27T19:35:25.270736+00:00,CUST-01519,MTR-01519,3239 River Rd,98701,47.59219,-122.62592,IND,False,False,FDR-023,22637.4,active
2026-09-27T19:35:25.270736+00:00,CUST-01520,MTR-01520,6441 Pine St,98261,46.47307,-123.38486,RES,False,False,FDR-023,834.3,active
2026-09-27T19:35:25.270736+00:00,CUST-01521,MTR-01521,2472 Harbor Ave,98338,46.59181,-122.2068,RES,False,False,FDR-023,1183.1,active
2026-09-27T19:35:25.270736+00:00,CUST-01522,MTR-01522,1232 Alder Rd,98451,45.32875,-122.295,IND,False,False,FDR-023,19672.7,active
2026-09-27T19:35:25.270736+00:00,CUST-01523,MTR-01523,5989 Harbor Way,98437,45.44106,-122.89002,RES,False,False,FDR-023,1191.1,active
2026-09-27T19:35:25.270736+00:00,CUST-01524,MTR-01524,9151 Cedar St,98657,47.12629,-122.96604,RES,False,False,FDR-023,452.8,active
2026-09-27T19:35:25.270736+00:00,CUST-01525,MTR-01525,8330 River Way,98895,47.8137,-123.0154,COM,False,False,FDR-023,2863.3,active
2026-09-27T19:35:25.270736+00:00,CUST-01526,MTR-01526,9911 Cedar Way,98322,47.24443,-122.8893,COM,False,False,FDR-023,5601.4,active
2026-09-27T19:35:25.270736+00:00,CUST-01527,MTR-01527,696 Cedar Rd,98727,46.92563,-123.07091,RES,False,False,FDR-023,759.5,active
2026-09-27T19:35:25.270736+00:00,CUST-01528,MTR-01528,4003 River St,98154,45.93345,-122.7319,RES,False,False,FDR-023,581.1,active
2026-09-27T19:35:25.270736+00:00,CUST-01529,MTR-01529,2924 River St,98728,46.99989,-122.92972,RES,False,False,FDR-023,1053.5,active
2026-09-27T19:35:25.270736+00:00,CUST-01530,MTR-01530,134 Cedar St,98708,45.72454,-123.34626,COM,False,False,FDR-023,3295.8,active
2026-09-27T19:35:25.270736+00:00,CUST-01531,MTR-01531,9244 Alder Rd,98732,45.61261,-122.30795,COM,False,False,FDR-023,6419.7,active
2026-09-27T19:35:25.270736+00:00,CUST-01532,MTR-01532,3954 River Way,98950,48.14419,-123.17278,RES,False,False,FDR-023,707.0,active
2026-09-27T19:35:25.270736+00:00,CUST-01533,MTR-01533,9116 Alder Ave,98199,45.50619,-122.7876,RES,False,False,FDR-023,437.9,active
2026-09-27T19:35:25.270736+00:00,CUST-01534,MTR-01534,376 Summit Rd,98937,47.31933,-122.40153,RES,False,False,FDR-023,1032.1,active
2026-09-27T19:35:25.270736+00:00,CUST-01535,MTR-01535,1321 Harbor St,98924,48.14253,-123.06526,RES,False,True,FDR-023,663.5,active
2026-09-27T19:35:25.270736+00:00,CUST-01536,MTR-01536,6538 Harbor Way,98888,48.42879,-122.93208,COM,False,False,FDR-024,2516.8,active
2026-09-27T19:35:25.270736+00:00,CUST-01537,MTR-01537,5407 Cedar Rd,98628,48.41051,-122.26888,RES,False,False,FDR-024,1189.4,active
2026-09-27T19:35:25.270736+00:00,CUST-01538,MTR-01538,3289 Summit Rd,98561,47.98073,-122.83668,IND,False,False,FDR-024,49785.3,active
2026-09-27T19:35:25.270736+00:00,CUST-01539,MTR-01539,352 River Ave,98552,47.12346,-122.71904,RES,False,False,FDR-024,897.5,active
2026-09-27T19:35:25.270736+00:00,CUST-01540,MTR-01540,1290 Harbor St,98379,47.487,-123.25802,RES,False,False,FDR-024,823.3,active
2026-09-27T19:35:25.270736+00:00,CUST-01541,MTR-01541,3978 Pine St,98965,46.83272,-123.30696,IND,False,False,FDR-024,46194.6,active
2026-09-27T19:35:25.270736+00:00,CUST-01542,MTR-01542,3160 Summit St,98309,47.9504,-122.96979,RES,False,False,FDR-024,1079.4,active
2026-09-27T19:35:25.270736+00:00,CUST-01543,MTR-01543,7652 Harbor Way,98522,48.59699,-122.32321,RES,True,False,FDR-024,694.8,active
2026-09-27T19:35:25.270736+00:00,CUST-01544,MTR-01544,6409 River Ave,98802,46.95197,-123.05106,RES,False,False,FDR-024,472.2,active
2026-09-27T19:35:25.270736+00:00,CUST-01545,MTR-01545,2357 Summit Way,98181,48.20523,-122.73829,RES,False,False,FDR-024,624.3,active
2026-09-27T19:35:25.270736+00:00,CUST-01546,MTR-01546,4430 Alder Way,98272,46.40336,-122.69484,RES,False,False,FDR-024,759.4,active
2026-09-27T19:35:25.270736+00:00,CUST-01547,MTR-01547,8386 Pine St,98865,47.65165,-122.95258,RES,False,False,FDR-024,1066.8,active
2026-09-27T19:35:25.270736+00:00,CUST-01548,MTR-01548,1138 Alder Rd,98224,46.52181,-122.40339,COM,False,False,FDR-024,2126.4,active
2026-09-27T19:35:25.270736+00:00,CUST-01549,MTR-01549,7800 Pine Ave,98941,48.6223,-122.84877,COM,False,False,FDR-024,2952.1,active
2026-09-27T19:35:25.270736+00:00,CUST-01550,MTR-01550,8565 Pine Ave,98705,48.38772,-123.064,COM,False,False,FDR-024,5398.3,active
2026-09-27T19:35:25.270736+00:00,CUST-01551,MTR-01551,6213 Cedar Rd,98067,45.6905,-122.89638,RES,False,False,FDR-024,711.6,active
2026-09-27T19:35:25.270736+00:00,CUST-01552,MTR-01552,116 River Ave,98864,47.50933,-122.49633,RES,False,False,FDR-024,447.2,active
2026-09-27T19:35:25.270736+00:00,CUST-01553,MTR-01553,6042 Pine Rd,98054,48.13861,-123.29659,RES,False,False,FDR-024,548.7,active
2026-09-27T19:35:25.270736+00:00,CUST-01554,MTR-01554,8027 Harbor St,98898,45.31818,-123.31494,IND,False,False,FDR-024,15661.8,active
2026-09-27T19:35:25.270736+00:00,CUST-01555,MTR-01555,8650 Summit Rd,98607,47.76096,-122.56105,COM,False,False,FDR-024,6521.0,active
2026-09-27T19:35:25.270736+00:00,CUST-01556,MTR-01556,6873 Alder St,98982,46.68365,-123.24219,COM,False,False,FDR-024,8695.8,active
2026-09-27T19:35:25.270736+00:00,CUST-01557,MTR-01557,1258 Cedar Way,98340,45.7085,-122.83104,COM,False,False,FDR-024,7676.6,active
2026-09-27T19:35:25.270736+00:00,CUST-01558,MTR-01558,3595 Alder Way,98448,47.59036,-122.91606,RES,False,False,FDR-024,947.7,active
2026-09-27T19:35:25.270736+00:00,CUST-01559,MTR-01559,4572 River Rd,98039,46.07104,-122.35437,RES,False,False,FDR-024,521.1,active
2026-09-27T19:35:25.270736+00:00,CUST-01560,MTR-01560,8347 Pine Way,98990,47.17263,-122.21233,COM,False,False,FDR-024,8237.0,active
2026-09-27T19:35:25.270736+00:00,CUST-01561,MTR-01561,2359 River St,98338,48.51609,-122.44265,RES,False,False,FDR-024,904.5,active
2026-09-27T19:35:25.270736+00:00,CUST-01562,MTR-01562,1411 Harbor Rd,98163,48.53724,-122.55437,RES,False,False,FDR-024,714.8,active
2026-09-27T19:35:25.270736+00:00,CUST-01563,MTR-01563,796 Summit Way,98748,45.23504,-123.35918,RES,False,False,FDR-024,1149.5,active
2026-09-27T19:35:25.270736+00:00,CUST-01564,MTR-01564,6455 Cedar St,98145,48.40214,-123.28032,RES,False,False,FDR-024,466.7,active
2026-09-27T19:35:25.270736+00:00,CUST-01565,MTR-01565,6753 Alder Way,98941,46.80267,-122.93312,RES,False,False,FDR-024,949.4,active
2026-09-27T19:35:25.270736+00:00,CUST-01566,MTR-01566,2315 Pine Rd,98922,46.16498,-122.2714,RES,False,False,FDR-024,946.1,active
2026-09-27T19:35:25.270736+00:00,CUST-01567,MTR-01567,931 Cedar Way,98113,46.48644,-122.24563,RES,False,False,FDR-024,408.5,active
2026-09-27T19:35:25.270736+00:00,CUST-01568,MTR-01568,4353 Summit Way,98032,45.85913,-122.34579,RES,False,False,FDR-024,1173.3,active
2026-09-27T19:35:25.270736+00:00,CUST-01569,MTR-01569,9123 Cedar Way,98725,46.97233,-122.48202,RES,False,False,FDR-024,963.3,active
2026-09-27T19:35:25.270736+00:00,CUST-01570,MTR-01570,6533 Harbor Ave,98993,45.30098,-123.12328,COM,False,False,FDR-024,2460.3,active
2026-09-27T19:35:25.270736+00:00,CUST-01571,MTR-01571,3614 Summit St,98518,47.68411,-122.70523,RES,True,False,FDR-024,402.4,active
2026-09-27T19:35:25.270736+00:00,CUST-01572,MTR-01572,5618 River Ave,98982,45.43187,-122.74869,COM,False,False,FDR-024,8369.0,active
2026-09-27T19:35:25.270736+00:00,CUST-01573,MTR-01573,1257 Cedar St,98417,46.07707,-122.95144,COM,False,False,FDR-024,3025.6,active
2026-09-27T19:35:25.270736+00:00,CUST-01574,MTR-01574,1063 Cedar Rd,98734,47.51885,-122.92266,RES,False,False,FDR-024,742.8,active
2026-09-27T19:35:25.270736+00:00,CUST-01575,MTR-01575,3668 Alder Ave,98583,47.70363,-123.11004,RES,False,False,FDR-024,783.2,active
2026-09-27T19:35:25.270736+00:00,CUST-01576,MTR-01576,6276 Pine Way,98335,48.66745,-122.95004,IND,False,False,FDR-024,37084.9,active
2026-09-27T19:35:25.270736+00:00,CUST-01577,MTR-01577,6508 Pine Way,98108,48.18239,-123.31255,RES,False,False,FDR-024,570.0,active
2026-09-27T19:35:25.270736+00:00,CUST-01578,MTR-01578,3726 Harbor Way,98876,45.42013,-123.17588,RES,False,False,FDR-024,1157.6,active
2026-09-27T19:35:25.270736+00:00,CUST-01579,MTR-01579,5935 Pine St,98652,45.31501,-123.3522,RES,False,False,FDR-024,1116.0,active
2026-09-27T19:35:25.270736+00:00,CUST-01580,MTR-01580,6391 Summit Rd,98225,46.69042,-123.09607,IND,False,False,FDR-024,20249.2,active
2026-09-27T19:35:25.270736+00:00,CUST-01581,MTR-01581,9317 River Rd,98331,46.21372,-122.58599,IND,False,False,FDR-024,35544.2,active
2026-09-27T19:35:25.270736+00:00,CUST-01582,MTR-01582,3883 Pine Rd,98687,45.81557,-122.51566,IND,False,False,FDR-024,32785.9,active
2026-09-27T19:35:25.270736+00:00,CUST-01583,MTR-01583,7668 Summit St,98711,48.38508,-123.23024,IND,False,False,FDR-024,18498.2,active
2026-09-27T19:35:25.270736+00:00,CUST-01584,MTR-01584,200 Pine Ave,98441,45.61232,-122.43862,COM,False,False,FDR-024,3579.5,active
2026-09-27T19:35:25.270736+00:00,CUST-01585,MTR-01585,2139 River Rd,98740,48.06294,-122.52933,COM,False,False,FDR-024,4468.0,active
2026-09-27T19:35:25.270736+00:00,CUST-01586,MTR-01586,9115 River St,98747,46.76145,-122.47264,RES,False,False,FDR-024,802.5,active
2026-09-27T19:35:25.270736+00:00,CUST-01587,MTR-01587,8566 Cedar St,98768,46.8695,-122.23263,COM,False,False,FDR-024,6835.1,active
2026-09-27T19:35:25.270736+00:00,CUST-01588,MTR-01588,6251 River Ave,98520,47.12592,-122.43004,IND,False,False,FDR-024,39637.0,active
2026-09-27T19:35:25.270736+00:00,CUST-01589,MTR-01589,8519 Pine Ave,98739,47.03263,-123.00196,COM,False,False,FDR-024,8063.6,active
2026-09-27T19:35:25.270736+00:00,CUST-01590,MTR-01590,3846 Pine Ave,98060,45.83948,-123.1435,IND,True,False,FDR-024,56698.0,active
2026-09-27T19:35:25.270736+00:00,CUST-01591,MTR-01591,1897 Cedar Rd,98997,48.75465,-122.6142,RES,False,False,FDR-024,984.9,active
2026-09-27T19:35:25.270736+00:00,CUST-01592,MTR-01592,3505 Cedar Way,98959,47.72396,-122.59225,RES,False,False,FDR-024,988.6,active
2026-09-27T19:35:25.270736+00:00,CUST-01593,MTR-01593,1791 Pine Way,98735,45.67232,-122.53967,COM,False,False,FDR-024,7953.4,active
2026-09-27T19:35:25.270736+00:00,CUST-01594,MTR-01594,3328 Cedar St,98352,45.67031,-123.28776,RES,False,False,FDR-024,668.4,active
2026-09-27T19:35:25.270736+00:00,CUST-01595,MTR-01595,8902 Pine Ave,98786,48.18144,-122.8517,COM,False,False,FDR-024,8321.7,active
2026-09-27T19:35:25.270736+00:00,CUST-01596,MTR-01596,1312 Summit Way,98387,48.76641,-123.29241,RES,False,False,FDR-024,946.1,active
2026-09-27T19:35:25.270736+00:00,CUST-01597,MTR-01597,4419 Pine Way,98068,45.77284,-122.50111,IND,False,False,FDR-024,50332.1,active
2026-09-27T19:35:25.270736+00:00,CUST-01598,MTR-01598,8309 Cedar Way,98415,47.24296,-122.43825,COM,False,False,FDR-024,2829.6,active
2026-09-27T19:35:25.270736+00:00,CUST-01599,MTR-01599,764 Summit Ave,98717,46.70366,-122.23635,COM,False,False,FDR-024,8678.3,active
2026-09-27T19:35:25.270736+00:00,CUST-01600,MTR-01600,4273 Harbor St,98451,47.04372,-122.92754,RES,False,False,FDR-024,689.3,active
2026-09-27T19:35:25.270736+00:00,CUST-01601,MTR-01601,6275 Pine Rd,98194,45.87883,-121.93034,RES,False,False,FDR-025,733.5,active
2026-09-27T19:35:25.270736+00:00,CUST-01602,MTR-01602,6832 Alder Ave,98941,46.76182,-121.19917,RES,False,False,FDR-025,470.8,active
2026-09-27T19:35:25.270736+00:00,CUST-01603,MTR-01603,8508 Alder St,98546,47.1973,-121.81533,IND,False,False,FDR-025,38160.9,active
2026-09-27T19:35:25.270736+00:00,CUST-01604,MTR-01604,4033 Alder Way,98929,48.62134,-121.45876,COM,False,False,FDR-025,8512.1,active
2026-09-27T19:35:25.270736+00:00,CUST-01605,MTR-01605,2295 Alder Way,98969,47.25522,-121.74368,IND,False,False,FDR-025,51224.9,active
2026-09-27T19:35:25.270736+00:00,CUST-01606,MTR-01606,3414 Cedar Ave,98079,46.51628,-122.13088,RES,False,False,FDR-025,825.3,active
2026-09-27T19:35:25.270736+00:00,CUST-01607,MTR-01607,7749 Alder Rd,98938,47.60646,-121.60059,RES,False,False,FDR-025,422.4,active
2026-09-27T19:35:25.270736+00:00,CUST-01608,MTR-01608,4495 Alder Way,98969,46.39097,-121.65576,COM,False,False,FDR-025,8264.4,active
2026-09-27T19:35:25.270736+00:00,CUST-01609,MTR-01609,9842 River Rd,98985,46.53459,-121.63337,RES,False,False,FDR-025,1085.8,active
2026-09-27T19:35:25.270736+00:00,CUST-01610,MTR-01610,229 River Way,98947,46.20929,-122.10511,IND,False,False,FDR-025,39096.9,active
2026-09-27T19:35:25.270736+00:00,CUST-01611,MTR-01611,5393 Harbor Rd,98406,46.30286,-122.09495,IND,False,False,FDR-025,41817.5,active
2026-09-27T19:35:25.270736+00:00,CUST-01612,MTR-01612,6128 Alder St,98272,48.27241,-121.91257,RES,False,False,FDR-025,762.6,active
2026-09-27T19:35:25.270736+00:00,CUST-01613,MTR-01613,4160 Pine Rd,98836,46.22929,-121.00276,RES,False,False,FDR-025,1162.9,active
2026-09-27T19:35:25.270736+00:00,CUST-01614,MTR-01614,7602 Pine St,98984,46.31221,-121.33793,RES,False,False,FDR-025,444.7,active
2026-09-27T19:35:25.270736+00:00,CUST-01615,MTR-01615,2836 Pine St,98081,47.52422,-121.32296,COM,False,False,FDR-025,5715.8,active
2026-09-27T19:35:25.270736+00:00,CUST-01616,MTR-01616,4677 Alder Ave,98443,48.49814,-121.53162,RES,False,False,FDR-025,654.7,active
2026-09-27T19:35:25.270736+00:00,CUST-01617,MTR-01617,2780 Alder St,98708,48.23891,-121.41942,COM,False,False,FDR-025,2340.3,active
2026-09-27T19:35:25.270736+00:00,CUST-01618,MTR-01618,7144 Summit Way,98416,47.8711,-122.02289,COM,False,False,FDR-025,5239.6,active
2026-09-27T19:35:25.270736+00:00,CUST-01619,MTR-01619,5950 Pine Rd,98954,46.20317,-122.12567,RES,True,False,FDR-025,1061.9,active
2026-09-27T19:35:25.270736+00:00,CUST-01620,MTR-01620,2590 Summit Ave,98746,46.52296,-121.42111,COM,False,False,FDR-025,2319.4,active
2026-09-27T19:35:25.270736+00:00,CUST-01621,MTR-01621,3814 River St,98787,46.86721,-121.18398,RES,False,False,FDR-025,555.9,active
2026-09-27T19:35:25.270736+00:00,CUST-01622,MTR-01622,3345 Summit Way,98359,47.45917,-122.09579,RES,False,False,FDR-025,1194.8,active
2026-09-27T19:35:25.270736+00:00,CUST-01623,MTR-01623,8040 Pine Way,98130,45.83364,-121.33498,COM,False,False,FDR-025,3305.4,active
2026-09-27T19:35:25.270736+00:00,CUST-01624,MTR-01624,2570 Alder Rd,98232,48.17809,-121.16823,COM,False,False,FDR-025,8366.8,active
2026-09-27T19:35:25.270736+00:00,CUST-01625,MTR-01625,3738 Harbor Ave,98132,47.3722,-121.99083,COM,False,False,FDR-025,7970.0,active
2026-09-27T19:35:25.270736+00:00,CUST-01626,MTR-01626,7622 Cedar Ave,98398,46.46003,-122.15829,RES,False,False,FDR-025,717.7,active
2026-09-27T19:35:25.270736+00:00,CUST-01627,MTR-01627,331 Summit St,98159,47.95217,-121.23169,COM,False,False,FDR-025,3399.3,active
2026-09-27T19:35:25.270736+00:00,CUST-01628,MTR-01628,3096 Alder St,98986,48.62774,-121.02342,RES,False,False,FDR-025,577.8,active
2026-09-27T19:35:25.270736+00:00,CUST-01629,MTR-01629,6695 Summit Ave,98332,47.46896,-121.09235,IND,False,False,FDR-025,26622.2,active
2026-09-27T19:35:25.270736+00:00,CUST-01630,MTR-01630,2744 Alder St,98649,45.95535,-121.03616,RES,False,False,FDR-025,573.4,active
2026-09-27T19:35:25.270736+00:00,CUST-01631,MTR-01631,3116 Pine Way,98414,48.7897,-121.78467,RES,False,False,FDR-025,1192.3,active
2026-09-27T19:35:25.270736+00:00,CUST-01632,MTR-01632,4068 Alder Rd,98885,47.42456,-121.00833,RES,False,False,FDR-025,568.9,active
2026-09-27T19:35:25.270736+00:00,CUST-01633,MTR-01633,3971 Cedar Rd,98685,45.61307,-122.13349,IND,False,False,FDR-025,27410.1,active
2026-09-27T19:35:25.270736+00:00,CUST-01634,MTR-01634,1275 Pine Rd,98178,46.29761,-122.05357,RES,False,False,FDR-025,849.3,active
2026-09-27T19:35:25.270736+00:00,CUST-01635,MTR-01635,6426 Cedar Way,98748,46.23257,-121.72084,RES,False,False,FDR-025,856.7,active
2026-09-27T19:35:25.270736+00:00,CUST-01636,MTR-01636,6134 Cedar Rd,98737,46.34631,-121.51759,RES,False,False,FDR-025,1039.4,active
2026-09-27T19:35:25.270736+00:00,CUST-01637,MTR-01637,1596 River Rd,98606,48.50592,-121.78933,RES,False,False,FDR-025,742.6,active
2026-09-27T19:35:25.270736+00:00,CUST-01638,MTR-01638,397 Harbor Ave,98445,46.98794,-121.23418,RES,False,False,FDR-025,448.2,active
2026-09-27T19:35:25.270736+00:00,CUST-01639,MTR-01639,1300 Pine Ave,98769,48.32076,-121.60464,RES,False,False,FDR-025,508.8,active
2026-09-27T19:35:25.270736+00:00,CUST-01640,MTR-01640,8672 Summit Ave,98075,46.65272,-121.56162,COM,False,False,FDR-025,4841.9,active
2026-09-27T19:35:25.270736+00:00,CUST-01641,MTR-01641,6479 Alder St,98471,46.03277,-121.24253,RES,False,False,FDR-025,1188.1,active
2026-09-27T19:35:25.270736+00:00,CUST-01642,MTR-01642,3507 Alder Way,98207,47.12515,-121.62981,RES,False,False,FDR-025,835.8,active
2026-09-27T19:35:25.270736+00:00,CUST-01643,MTR-01643,9573 Alder Way,98186,46.57603,-121.82948,RES,False,False,FDR-025,424.7,active
2026-09-27T19:35:25.270736+00:00,CUST-01644,MTR-01644,6295 Harbor Way,98576,45.63578,-122.1169,RES,False,False,FDR-025,1073.7,active
2026-09-27T19:35:25.270736+00:00,CUST-01645,MTR-01645,6582 Harbor Way,98557,46.92778,-121.34684,COM,False,False,FDR-025,4946.1,active
2026-09-27T19:35:25.270736+00:00,CUST-01646,MTR-01646,6977 Pine Rd,98911,46.27188,-121.66261,COM,False,False,FDR-025,4166.6,active
2026-09-27T19:35:25.270736+00:00,CUST-01647,MTR-01647,3714 Summit Ave,98038,46.12495,-121.80325,RES,False,False,FDR-025,418.4,active
2026-09-27T19:35:25.270736+00:00,CUST-01648,MTR-01648,9364 Alder Way,98140,47.23417,-121.46025,COM,False,False,FDR-025,5089.7,active
2026-09-27T19:35:25.270736+00:00,CUST-01649,MTR-01649,5830 Cedar Ave,98541,45.9412,-121.36633,COM,False,False,FDR-025,7033.1,active
2026-09-27T19:35:25.270736+00:00,CUST-01650,MTR-01650,8693 River Way,98626,46.73564,-121.91828,RES,False,False,FDR-025,462.7,active
2026-09-27T19:35:25.270736+00:00,CUST-01651,MTR-01651,4886 Alder Ave,98314,47.56685,-121.90238,RES,False,False,FDR-025,1177.9,active
2026-09-27T19:35:25.270736+00:00,CUST-01652,MTR-01652,4072 Alder Way,98282,48.42808,-121.46562,COM,False,False,FDR-025,8496.0,active
2026-09-27T19:35:25.270736+00:00,CUST-01653,MTR-01653,9297 Pine Ave,98229,48.3713,-121.14751,COM,False,False,FDR-025,5680.8,active
2026-09-27T19:35:25.270736+00:00,CUST-01654,MTR-01654,8835 Alder Way,98102,45.66189,-121.33246,RES,False,False,FDR-025,978.8,active
2026-09-27T19:35:25.270736+00:00,CUST-01655,MTR-01655,7943 Cedar Rd,98334,48.79174,-121.2877,RES,False,False,FDR-025,756.4,active
2026-09-27T19:35:25.270736+00:00,CUST-01656,MTR-01656,9694 Pine Ave,98038,45.89378,-121.44364,RES,False,False,FDR-025,1027.5,active
2026-09-27T19:35:25.270736+00:00,CUST-01657,MTR-01657,3760 River St,98842,46.28638,-121.51998,RES,False,True,FDR-025,1078.6,active
2026-09-27T19:35:25.270736+00:00,CUST-01658,MTR-01658,6546 Harbor Rd,98194,46.48078,-122.03637,RES,False,False,FDR-025,491.8,active
2026-09-27T19:35:25.270736+00:00,CUST-01659,MTR-01659,9498 River Ave,98967,48.2225,-121.04339,RES,False,False,FDR-025,844.3,active
2026-09-27T19:35:25.270736+00:00,CUST-01660,MTR-01660,3750 River Way,98049,46.27404,-121.88875,RES,False,False,FDR-025,661.8,active
2026-09-27T19:35:25.270736+00:00,CUST-01661,MTR-01661,3293 Harbor Rd,98299,48.18373,-122.01091,RES,False,False,FDR-025,936.6,active
2026-09-27T19:35:25.270736+00:00,CUST-01662,MTR-01662,6592 River St,98033,45.58801,-121.83849,RES,False,False,FDR-025,930.6,active
2026-09-27T19:35:25.270736+00:00,CUST-01663,MTR-01663,9644 Cedar Ave,98907,47.54405,-121.34709,COM,False,False,FDR-025,5983.6,active
2026-09-27T19:35:25.270736+00:00,CUST-01664,MTR-01664,715 Harbor Ave,98861,48.7002,-121.67421,IND,False,False,FDR-025,23474.6,active
2026-09-27T19:35:25.270736+00:00,CUST-01665,MTR-01665,4692 Summit Rd,98346,48.05818,-121.19834,RES,False,False,FDR-025,1157.8,active
2026-09-27T19:35:25.270736+00:00,CUST-01666,MTR-01666,2611 River Ave,98009,48.33971,-121.09326,RES,False,False,FDR-025,527.6,active
2026-09-27T19:35:25.270736+00:00,CUST-01667,MTR-01667,3332 Harbor Rd,98479,47.26502,-122.07063,RES,False,False,FDR-025,563.5,active
2026-09-27T19:35:25.270736+00:00,CUST-01668,MTR-01668,7093 Pine Rd,98624,47.61318,-121.68667,RES,False,False,FDR-025,765.0,active
2026-09-27T19:35:25.270736+00:00,CUST-01669,MTR-01669,1381 Pine Ave,98752,46.09684,-121.30193,COM,False,False,FDR-025,6492.3,active
2026-09-27T19:35:25.270736+00:00,CUST-01670,MTR-01670,2259 Cedar Ave,98553,46.95549,-121.91801,COM,False,False,FDR-025,7017.2,active
2026-09-27T19:35:25.270736+00:00,CUST-01671,MTR-01671,7541 Alder Ave,98980,48.0784,-121.2286,RES,False,False,FDR-026,1037.7,active
2026-09-27T19:35:25.270736+00:00,CUST-01672,MTR-01672,4342 Alder Rd,98747,45.38763,-121.75204,RES,False,False,FDR-026,751.5,active
2026-09-27T19:35:25.270736+00:00,CUST-01673,MTR-01673,9942 Pine Way,98051,46.91463,-121.43673,IND,False,False,FDR-026,33626.4,active
2026-09-27T19:35:25.270736+00:00,CUST-01674,MTR-01674,5662 River St,98184,47.13256,-121.0954,RES,False,False,FDR-026,523.3,active
2026-09-27T19:35:25.270736+00:00,CUST-01675,MTR-01675,4273 River Ave,98969,48.64083,-121.26167,RES,False,False,FDR-026,674.6,active
2026-09-27T19:35:25.270736+00:00,CUST-01676,MTR-01676,1508 Cedar St,98543,46.82493,-121.27669,RES,False,False,FDR-026,461.0,active
2026-09-27T19:35:25.270736+00:00,CUST-01677,MTR-01677,919 Alder St,98465,47.7088,-121.02098,RES,False,False,FDR-026,842.2,active
2026-09-27T19:35:25.270736+00:00,CUST-01678,MTR-01678,1796 River Way,98711,46.24885,-122.15674,IND,False,False,FDR-026,21797.3,active
2026-09-27T19:35:25.270736+00:00,CUST-01679,MTR-01679,8164 Summit Way,98255,48.3887,-121.28282,RES,False,False,FDR-026,795.2,active
2026-09-27T19:35:25.270736+00:00,CUST-01680,MTR-01680,5351 Alder Way,98605,45.27727,-121.17141,RES,False,False,FDR-026,519.7,active
2026-09-27T19:35:25.270736+00:00,CUST-01681,MTR-01681,4849 Harbor Way,98453,48.47158,-121.31195,COM,False,False,FDR-026,5777.0,active
2026-09-27T19:35:25.270736+00:00,CUST-01682,MTR-01682,440 Pine St,98880,47.06683,-121.58971,IND,False,False,FDR-026,27193.3,active
2026-09-27T19:35:25.270736+00:00,CUST-01683,MTR-01683,7443 Summit Way,98638,47.02695,-121.78077,RES,False,False,FDR-026,889.7,active
2026-09-27T19:35:25.270736+00:00,CUST-01684,MTR-01684,3920 Harbor Ave,98463,47.48478,-121.94896,COM,False,False,FDR-026,6184.1,active
2026-09-27T19:35:25.270736+00:00,CUST-01685,MTR-01685,5822 River St,98145,45.77606,-121.76957,RES,False,False,FDR-026,522.9,active
2026-09-27T19:35:25.270736+00:00,CUST-01686,MTR-01686,5385 Summit Ave,98043,46.52799,-121.32985,IND,False,False,FDR-026,20266.2,active
2026-09-27T19:35:25.270736+00:00,CUST-01687,MTR-01687,2625 Alder Rd,98176,47.59343,-121.50212,RES,False,False,FDR-026,586.1,active
2026-09-27T19:35:25.270736+00:00,CUST-01688,MTR-01688,8527 Cedar Way,98099,47.9502,-121.98414,IND,False,False,FDR-026,44846.0,active
2026-09-27T19:35:25.270736+00:00,CUST-01689,MTR-01689,3777 Alder Ave,98065,47.55692,-121.28766,RES,False,False,FDR-026,432.4,active
2026-09-27T19:35:25.270736+00:00,CUST-01690,MTR-01690,8478 Alder St,98728,45.74662,-121.06029,IND,False,False,FDR-026,48713.2,active
2026-09-27T19:35:25.270736+00:00,CUST-01691,MTR-01691,9649 Cedar Way,98268,47.15638,-121.55706,RES,False,False,FDR-026,1193.1,active
2026-09-27T19:35:25.270736+00:00,CUST-01692,MTR-01692,6461 Pine Rd,98452,48.75976,-121.29991,COM,False,False,FDR-026,6716.0,active
2026-09-27T19:35:25.270736+00:00,CUST-01693,MTR-01693,6642 Alder Way,98793,46.32924,-121.80725,COM,False,False,FDR-026,4714.0,active
2026-09-27T19:35:25.270736+00:00,CUST-01694,MTR-01694,7245 Pine Ave,98076,45.66548,-121.84457,COM,False,False,FDR-026,6273.6,active
2026-09-27T19:35:25.270736+00:00,CUST-01695,MTR-01695,1947 Harbor Rd,98960,45.43027,-121.85881,RES,False,False,FDR-026,889.4,active
2026-09-27T19:35:25.270736+00:00,CUST-01696,MTR-01696,6756 River Way,98589,48.30274,-121.16099,COM,False,False,FDR-026,8038.9,active
2026-09-27T19:35:25.270736+00:00,CUST-01697,MTR-01697,7177 Summit Rd,98021,47.04927,-121.96101,COM,False,False,FDR-026,2139.3,active
2026-09-27T19:35:25.270736+00:00,CUST-01698,MTR-01698,3268 River Rd,98193,45.20767,-122.19354,COM,False,False,FDR-026,7236.0,active
2026-09-27T19:35:25.270736+00:00,CUST-01699,MTR-01699,9108 Alder St,98957,45.36709,-121.22846,IND,False,False,FDR-026,55461.5,active
2026-09-27T19:35:25.270736+00:00,CUST-01700,MTR-01700,1123 Cedar Rd,98407,46.70455,-121.22762,RES,False,False,FDR-026,536.7,active
2026-09-27T19:35:25.270736+00:00,CUST-01701,MTR-01701,3488 River Rd,98689,46.8466,-121.67662,COM,False,False,FDR-026,3590.0,active
2026-09-27T19:35:25.270736+00:00,CUST-01702,MTR-01702,8985 Summit Ave,98407,48.13241,-121.71099,IND,False,False,FDR-026,43575.0,active
2026-09-27T19:35:25.270736+00:00,CUST-01703,MTR-01703,8387 Pine Ave,98921,46.29693,-121.26763,RES,False,False,FDR-026,400.7,active
2026-09-27T19:35:25.270736+00:00,CUST-01704,MTR-01704,7654 Alder St,98541,47.6229,-121.18102,RES,False,False,FDR-026,984.9,active
2026-09-27T19:35:25.270736+00:00,CUST-01705,MTR-01705,1656 Alder St,98432,47.85062,-121.35962,RES,False,False,FDR-026,724.8,active
2026-09-27T19:35:25.270736+00:00,CUST-01706,MTR-01706,4464 Pine St,98636,47.2952,-122.19247,IND,False,False,FDR-026,19520.3,active
2026-09-27T19:35:25.270736+00:00,CUST-01707,MTR-01707,6964 River Ave,98554,46.67511,-121.64723,RES,False,False,FDR-026,802.5,active
2026-09-27T19:35:25.270736+00:00,CUST-01708,MTR-01708,6502 Summit Way,98712,45.8415,-121.38933,COM,False,False,FDR-026,7753.4,active
2026-09-27T19:35:25.270736+00:00,CUST-01709,MTR-01709,3444 Harbor Ave,98351,45.81493,-121.15615,IND,False,False,FDR-026,29565.3,active
2026-09-27T19:35:25.270736+00:00,CUST-01710,MTR-01710,9591 River St,98455,46.76656,-121.43625,RES,False,False,FDR-026,1011.2,active
2026-09-27T19:35:25.270736+00:00,CUST-01711,MTR-01711,9505 River Rd,98496,47.42243,-121.69234,RES,False,False,FDR-026,1190.8,active
2026-09-27T19:35:25.270736+00:00,CUST-01712,MTR-01712,9454 Harbor Rd,98282,47.34304,-121.83161,RES,False,False,FDR-026,943.8,active
2026-09-27T19:35:25.270736+00:00,CUST-01713,MTR-01713,7609 River Way,98211,47.38975,-121.59512,RES,False,False,FDR-026,641.8,active
2026-09-27T19:35:25.270736+00:00,CUST-01714,MTR-01714,4851 Harbor St,98811,47.11958,-121.00331,RES,False,False,FDR-026,634.4,active
2026-09-27T19:35:25.270736+00:00,CUST-01715,MTR-01715,614 Pine Rd,98142,48.10233,-121.14899,COM,False,False,FDR-026,3196.3,active
2026-09-27T19:35:25.270736+00:00,CUST-01716,MTR-01716,4239 Harbor St,98788,47.19036,-121.11792,RES,False,False,FDR-026,414.5,active
2026-09-27T19:35:25.270736+00:00,CUST-01717,MTR-01717,8004 Harbor Ave,98633,48.35814,-121.51224,RES,False,True,FDR-026,552.0,active
2026-09-27T19:35:25.270736+00:00,CUST-01718,MTR-01718,338 Pine Rd,98807,48.2766,-121.00619,COM,False,False,FDR-026,4912.0,active
2026-09-27T19:35:25.270736+00:00,CUST-01719,MTR-01719,9802 River Way,98660,45.96627,-121.38441,RES,False,False,FDR-026,976.2,active
2026-09-27T19:35:25.270736+00:00,CUST-01720,MTR-01720,7280 River Way,98442,46.48677,-121.84866,RES,False,False,FDR-026,846.4,active
2026-09-27T19:35:25.270736+00:00,CUST-01721,MTR-01721,6890 Alder St,98031,46.92747,-121.33478,RES,False,False,FDR-026,415.6,active
2026-09-27T19:35:25.270736+00:00,CUST-01722,MTR-01722,4229 Pine St,98402,46.5405,-121.37448,RES,False,False,FDR-026,438.1,active
2026-09-27T19:35:25.270736+00:00,CUST-01723,MTR-01723,732 Summit Ave,98806,46.71898,-121.11714,RES,False,False,FDR-026,720.7,active
2026-09-27T19:35:25.270736+00:00,CUST-01724,MTR-01724,3020 Pine Ave,98127,46.43909,-121.48317,IND,False,False,FDR-026,56959.8,active
2026-09-27T19:35:25.270736+00:00,CUST-01725,MTR-01725,4337 Summit Way,98491,46.04928,-121.08176,COM,False,True,FDR-026,4064.3,active
2026-09-27T19:35:25.270736+00:00,CUST-01726,MTR-01726,3897 River Ave,98320,48.02768,-121.75316,RES,False,False,FDR-026,578.3,active
2026-09-27T19:35:25.270736+00:00,CUST-01727,MTR-01727,9863 Cedar St,98758,45.69385,-121.80038,RES,False,False,FDR-026,678.2,active
2026-09-27T19:35:25.270736+00:00,CUST-01728,MTR-01728,2445 Alder Rd,98506,48.60742,-121.08338,RES,False,False,FDR-026,454.4,active
2026-09-27T19:35:25.270736+00:00,CUST-01729,MTR-01729,5363 River Way,98175,47.51314,-121.32219,RES,False,False,FDR-026,894.0,active
2026-09-27T19:35:25.270736+00:00,CUST-01730,MTR-01730,8330 Harbor Rd,98377,47.65256,-121.78447,RES,False,False,FDR-026,970.2,active
2026-09-27T19:35:25.270736+00:00,CUST-01731,MTR-01731,1619 Harbor Rd,98465,46.40956,-122.13733,COM,False,False,FDR-026,2330.1,active
2026-09-27T19:35:25.270736+00:00,CUST-01732,MTR-01732,4946 Cedar Rd,98121,46.51804,-121.94221,RES,False,False,FDR-026,1017.9,active
2026-09-27T19:35:25.270736+00:00,CUST-01733,MTR-01733,700 Harbor Ave,98500,48.72794,-121.64865,RES,False,False,FDR-026,608.0,active
2026-09-27T19:35:25.270736+00:00,CUST-01734,MTR-01734,4026 Alder Ave,98437,45.64932,-121.93867,COM,False,False,FDR-026,7512.6,active
2026-09-27T19:35:25.270736+00:00,CUST-01735,MTR-01735,9001 Summit Ave,98009,48.40265,-121.2255,RES,False,False,FDR-026,845.5,active
2026-09-27T19:35:25.270736+00:00,CUST-01736,MTR-01736,5452 Alder Ave,98948,46.33749,-122.12489,RES,False,False,FDR-027,545.2,active
2026-09-27T19:35:25.270736+00:00,CUST-01737,MTR-01737,7060 Alder Rd,98192,48.1008,-121.58577,RES,False,False,FDR-027,481.2,active
2026-09-27T19:35:25.270736+00:00,CUST-01738,MTR-01738,6612 River St,98317,45.51544,-121.62497,RES,False,False,FDR-027,993.8,active
2026-09-27T19:35:25.270736+00:00,CUST-01739,MTR-01739,5694 Cedar St,98706,47.31558,-121.50929,RES,False,False,FDR-027,1110.9,active
2026-09-27T19:35:25.270736+00:00,CUST-01740,MTR-01740,5676 Pine St,98721,47.19477,-121.62437,RES,False,False,FDR-027,862.0,active
2026-09-27T19:35:25.270736+00:00,CUST-01741,MTR-01741,8531 River Way,98634,47.07944,-121.11448,RES,False,False,FDR-027,536.2,active
2026-09-27T19:35:25.270736+00:00,CUST-01742,MTR-01742,6177 Summit Way,98650,47.41426,-121.65061,IND,False,False,FDR-027,55987.7,active
2026-09-27T19:35:25.270736+00:00,CUST-01743,MTR-01743,1270 Summit Rd,98748,45.65511,-121.57802,COM,False,False,FDR-027,6146.4,active
2026-09-27T19:35:25.270736+00:00,CUST-01744,MTR-01744,7503 Cedar Rd,98014,48.24462,-121.19369,COM,False,False,FDR-027,4094.7,active
2026-09-27T19:35:25.270736+00:00,CUST-01745,MTR-01745,3476 Summit Rd,98778,48.49725,-121.88477,RES,False,False,FDR-027,663.0,active
2026-09-27T19:35:25.270736+00:00,CUST-01746,MTR-01746,8753 River Way,98770,48.73535,-122.07423,IND,False,False,FDR-027,16335.8,active
2026-09-27T19:35:25.270736+00:00,CUST-01747,MTR-01747,4607 Harbor St,98908,45.4949,-121.90509,RES,False,False,FDR-027,1188.9,active
2026-09-27T19:35:25.270736+00:00,CUST-01748,MTR-01748,1826 Summit Rd,98590,47.56409,-121.16024,IND,False,False,FDR-027,53066.5,active
2026-09-27T19:35:25.270736+00:00,CUST-01749,MTR-01749,1565 Alder Way,98762,48.3012,-121.09047,RES,False,False,FDR-027,868.2,active
2026-09-27T19:35:25.270736+00:00,CUST-01750,MTR-01750,2173 Alder Rd,98020,47.79888,-121.04658,COM,False,False,FDR-027,7852.9,active
2026-09-27T19:35:25.270736+00:00,CUST-01751,MTR-01751,9496 Summit Way,98137,46.06807,-121.49861,COM,False,False,FDR-027,8709.7,active
2026-09-27T19:35:25.270736+00:00,CUST-01752,MTR-01752,8865 Cedar St,98043,46.07606,-121.68809,COM,False,False,FDR-027,6830.6,active
2026-09-27T19:35:25.270736+00:00,CUST-01753,MTR-01753,8798 Summit Ave,98388,46.27761,-121.34244,RES,False,False,FDR-027,565.3,active
2026-09-27T19:35:25.270736+00:00,CUST-01754,MTR-01754,3524 Harbor Ave,98817,45.48392,-121.37175,IND,False,False,FDR-027,40575.7,active
2026-09-27T19:35:25.270736+00:00,CUST-01755,MTR-01755,1580 Harbor Way,98461,46.40191,-121.81389,COM,True,False,FDR-027,7258.9,active
2026-09-27T19:35:25.270736+00:00,CUST-01756,MTR-01756,5780 Cedar St,98388,48.29879,-121.21551,COM,False,False,FDR-027,5411.4,active
2026-09-27T19:35:25.270736+00:00,CUST-01757,MTR-01757,3077 Summit St,98875,47.4084,-121.40797,RES,False,False,FDR-027,1070.7,active
2026-09-27T19:35:25.270736+00:00,CUST-01758,MTR-01758,8639 Cedar Rd,98826,47.95655,-121.74615,RES,False,False,FDR-027,403.7,active
2026-09-27T19:35:25.270736+00:00,CUST-01759,MTR-01759,5397 Alder Ave,98342,47.65865,-122.10815,RES,False,False,FDR-027,1114.6,active
2026-09-27T19:35:25.270736+00:00,CUST-01760,MTR-01760,3195 Alder St,98138,46.27861,-121.20612,COM,False,False,FDR-027,4613.1,active
2026-09-27T19:35:25.270736+00:00,CUST-01761,MTR-01761,1778 Harbor Way,98692,45.71376,-121.69636,RES,True,False,FDR-027,737.8,active
2026-09-27T19:35:25.270736+00:00,CUST-01762,MTR-01762,9522 Cedar Rd,98507,47.28444,-121.48963,RES,False,False,FDR-027,1035.4,active
2026-09-27T19:35:25.270736+00:00,CUST-01763,MTR-01763,2945 Pine Way,98961,48.50279,-121.16768,RES,False,False,FDR-027,901.4,active
2026-09-27T19:35:25.270736+00:00,CUST-01764,MTR-01764,5484 River Rd,98139,48.33621,-121.29472,COM,False,False,FDR-027,7989.8,active
2026-09-27T19:35:25.270736+00:00,CUST-01765,MTR-01765,2063 Cedar Rd,98859,48.39776,-122.17447,IND,False,False,FDR-027,58193.5,active
2026-09-27T19:35:25.270736+00:00,CUST-01766,MTR-01766,8664 Cedar Rd,98210,47.9564,-122.15786,IND,False,False,FDR-027,37674.5,active
2026-09-27T19:35:25.270736+00:00,CUST-01767,MTR-01767,7880 Summit St,98849,46.49292,-121.58564,COM,False,False,FDR-027,3501.1,active
2026-09-27T19:35:25.270736+00:00,CUST-01768,MTR-01768,6967 Cedar Ave,98558,47.37815,-121.45277,RES,False,False,FDR-027,490.2,active
2026-09-27T19:35:25.270736+00:00,CUST-01769,MTR-01769,3911 Cedar St,98741,48.03509,-121.03613,RES,False,False,FDR-027,1139.1,active
2026-09-27T19:35:25.270736+00:00,CUST-01770,MTR-01770,9792 Alder Way,98102,45.22636,-121.29045,COM,False,False,FDR-027,2396.2,active
2026-09-27T19:35:25.270736+00:00,CUST-01771,MTR-01771,5171 Cedar Ave,98147,48.79219,-121.91176,COM,False,False,FDR-027,2527.0,active
2026-09-27T19:35:25.270736+00:00,CUST-01772,MTR-01772,4290 River Rd,98209,45.30138,-121.32377,IND,False,False,FDR-027,32539.9,active
2026-09-27T19:35:25.270736+00:00,CUST-01773,MTR-01773,3605 Pine Rd,98102,46.98563,-121.84174,RES,False,False,FDR-027,515.3,active
2026-09-27T19:35:25.270736+00:00,CUST-01774,MTR-01774,923 Summit St,98152,45.32761,-121.83343,RES,False,False,FDR-027,820.7,active
2026-09-27T19:35:25.270736+00:00,CUST-01775,MTR-01775,3973 Summit Rd,98738,45.81141,-121.0789,COM,False,False,FDR-027,2246.0,active
2026-09-27T19:35:25.270736+00:00,CUST-01776,MTR-01776,5228 Cedar St,98098,46.67337,-121.54756,RES,False,False,FDR-027,424.9,active
2026-09-27T19:35:25.270736+00:00,CUST-01777,MTR-01777,1565 Pine St,98670,48.07259,-121.04116,RES,False,False,FDR-027,420.8,active
2026-09-27T19:35:25.270736+00:00,CUST-01778,MTR-01778,1338 Alder Rd,98507,45.9351,-121.2244,RES,False,False,FDR-027,853.1,active
2026-09-27T19:35:25.270736+00:00,CUST-01779,MTR-01779,1932 Summit St,98583,48.16506,-121.82054,RES,False,False,FDR-027,1137.6,active
2026-09-27T19:35:25.270736+00:00,CUST-01780,MTR-01780,2470 Pine Way,98300,45.44625,-121.19892,RES,False,False,FDR-027,763.8,active
2026-09-27T19:35:25.270736+00:00,CUST-01781,MTR-01781,3617 River Way,98773,45.8612,-122.02693,IND,False,False,FDR-027,30404.5,active
2026-09-27T19:35:25.270736+00:00,CUST-01782,MTR-01782,7873 Pine Rd,98631,48.57147,-121.32349,RES,False,False,FDR-027,866.7,active
2026-09-27T19:35:25.270736+00:00,CUST-01783,MTR-01783,1392 Alder Rd,98617,47.50959,-121.77625,RES,False,False,FDR-027,475.5,active
2026-09-27T19:35:25.270736+00:00,CUST-01784,MTR-01784,9673 River Way,98114,48.69384,-121.38745,IND,False,False,FDR-027,46141.9,active
2026-09-27T19:35:25.270736+00:00,CUST-01785,MTR-01785,1589 Pine Rd,98553,47.2699,-122.06747,RES,False,False,FDR-027,1164.1,active
2026-09-27T19:35:25.270736+00:00,CUST-01786,MTR-01786,8516 Alder Rd,98129,47.83702,-121.2372,RES,False,False,FDR-027,1107.9,active
2026-09-27T19:35:25.270736+00:00,CUST-01787,MTR-01787,3880 Summit St,98578,48.46828,-121.59976,RES,False,False,FDR-027,615.4,active
2026-09-27T19:35:25.270736+00:00,CUST-01788,MTR-01788,9459 Alder Ave,98402,47.43096,-121.5193,RES,False,False,FDR-027,468.6,active
2026-09-27T19:35:25.270736+00:00,CUST-01789,MTR-01789,7260 Harbor Rd,98967,48.20098,-121.25749,COM,False,False,FDR-027,3950.2,active
2026-09-27T19:35:25.270736+00:00,CUST-01790,MTR-01790,259 Pine St,98170,47.2667,-121.56666,RES,False,False,FDR-027,654.8,active
2026-09-27T19:35:25.270736+00:00,CUST-01791,MTR-01791,3510 Pine St,98062,48.57968,-122.02194,RES,False,False,FDR-027,411.6,active
2026-09-27T19:35:25.270736+00:00,CUST-01792,MTR-01792,1922 River St,98003,46.0952,-121.84997,RES,False,False,FDR-027,971.5,active
2026-09-27T19:35:25.270736+00:00,CUST-01793,MTR-01793,9596 Cedar Rd,98581,47.24526,-122.09202,COM,False,False,FDR-027,4843.4,active
2026-09-27T19:35:25.270736+00:00,CUST-01794,MTR-01794,8815 River Rd,98757,46.04635,-121.37739,IND,False,False,FDR-027,52425.1,active
2026-09-27T19:35:25.270736+00:00,CUST-01795,MTR-01795,9072 Summit Rd,98264,47.1504,-121.32033,COM,False,False,FDR-027,8922.9,active
2026-09-27T19:35:25.270736+00:00,CUST-01796,MTR-01796,4180 Summit St,98911,48.51689,-121.22088,RES,False,False,FDR-027,1178.0,active
2026-09-27T19:35:25.270736+00:00,CUST-01797,MTR-01797,9998 River Way,98710,46.80441,-121.08452,RES,False,False,FDR-027,818.7,active
2026-09-27T19:35:25.270736+00:00,CUST-01798,MTR-01798,297 Cedar Way,98208,47.26399,-121.23417,RES,False,False,FDR-027,520.1,active
2026-09-27T19:35:25.270736+00:00,CUST-01799,MTR-01799,4742 River Way,98883,46.68002,-121.66423,RES,False,False,FDR-027,700.0,active
2026-09-27T19:35:25.270736+00:00,CUST-01800,MTR-01800,2381 Alder St,98705,45.39321,-122.12973,RES,False,False,FDR-027,510.4,active
2026-09-27T19:35:25.270736+00:00,CUST-01801,MTR-01801,2405 Cedar Way,98512,47.34727,-121.27953,RES,False,False,FDR-028,1174.5,active
2026-09-27T19:35:25.270736+00:00,CUST-01802,MTR-01802,6843 Harbor Ave,98973,48.4574,-121.63892,RES,False,False,FDR-028,1031.7,active
2026-09-27T19:35:25.270736+00:00,CUST-01803,MTR-01803,2385 River Way,98109,45.23032,-122.09537,RES,False,False,FDR-028,895.8,active
2026-09-27T19:35:25.270736+00:00,CUST-01804,MTR-01804,4799 Alder Rd,98117,45.45,-121.98797,COM,False,False,FDR-028,4291.5,active
2026-09-27T19:35:25.270736+00:00,CUST-01805,MTR-01805,4069 River Ave,98469,45.98863,-121.8826,RES,False,False,FDR-028,726.7,active
2026-09-27T19:35:25.270736+00:00,CUST-01806,MTR-01806,7099 Cedar Way,98091,47.8843,-121.98906,RES,False,False,FDR-028,1186.9,active
2026-09-27T19:35:25.270736+00:00,CUST-01807,MTR-01807,5426 Pine Way,98319,48.60741,-121.3416,RES,False,False,FDR-028,409.2,active
2026-09-27T19:35:25.270736+00:00,CUST-01808,MTR-01808,5012 Summit St,98109,46.29966,-121.98675,RES,False,False,FDR-028,515.5,active
2026-09-27T19:35:25.270736+00:00,CUST-01809,MTR-01809,5164 Summit Ave,98265,46.51742,-121.33699,COM,False,False,FDR-028,8881.2,active
2026-09-27T19:35:25.270736+00:00,CUST-01810,MTR-01810,1763 Alder Ave,98845,45.49907,-121.00099,RES,False,False,FDR-028,827.8,active
2026-09-27T19:35:25.270736+00:00,CUST-01811,MTR-01811,5852 Alder Rd,98975,46.83103,-122.19545,RES,False,False,FDR-028,713.6,active
2026-09-27T19:35:25.270736+00:00,CUST-01812,MTR-01812,9042 Summit Way,98809,45.47572,-121.08808,RES,False,False,FDR-028,1103.5,active
2026-09-27T19:35:25.270736+00:00,CUST-01813,MTR-01813,6863 Cedar Way,98512,45.48987,-122.00843,COM,False,False,FDR-028,3453.9,active
2026-09-27T19:35:25.270736+00:00,CUST-01814,MTR-01814,5133 Alder Rd,98899,45.72407,-121.91765,COM,False,False,FDR-028,7681.9,active
2026-09-27T19:35:25.270736+00:00,CUST-01815,MTR-01815,5937 Pine Way,98262,48.61091,-122.01902,COM,False,False,FDR-028,6460.4,active
2026-09-27T19:35:25.270736+00:00,CUST-01816,MTR-01816,2127 Cedar Rd,98792,46.63881,-121.37085,COM,True,False,FDR-028,6499.7,active
2026-09-27T19:35:25.270736+00:00,CUST-01817,MTR-01817,5627 Alder Way,98512,45.72831,-121.90111,RES,False,False,FDR-028,1085.7,active
2026-09-27T19:35:25.270736+00:00,CUST-01818,MTR-01818,6738 Summit Way,98886,47.80646,-121.56612,IND,False,False,FDR-028,39157.8,active
2026-09-27T19:35:25.270736+00:00,CUST-01819,MTR-01819,5195 Pine Way,98084,48.13961,-121.00844,IND,False,False,FDR-028,54517.3,active
2026-09-27T19:35:25.270736+00:00,CUST-01820,MTR-01820,7044 Cedar Ave,98508,45.30551,-121.35012,IND,False,False,FDR-028,57797.8,active
2026-09-27T19:35:25.270736+00:00,CUST-01821,MTR-01821,3403 Cedar Rd,98563,48.34026,-121.73794,RES,False,False,FDR-028,1190.0,active
2026-09-27T19:35:25.270736+00:00,CUST-01822,MTR-01822,4979 Summit St,98246,48.64868,-122.10378,IND,False,False,FDR-028,15594.3,active
2026-09-27T19:35:25.270736+00:00,CUST-01823,MTR-01823,1819 Alder Rd,98905,45.55605,-121.21284,RES,False,False,FDR-028,1009.5,active
2026-09-27T19:35:25.270736+00:00,CUST-01824,MTR-01824,1714 River Way,98865,47.66147,-121.45979,RES,False,False,FDR-028,1001.0,active
2026-09-27T19:35:25.270736+00:00,CUST-01825,MTR-01825,5682 Pine Way,98542,48.32241,-121.09448,COM,False,False,FDR-028,2539.3,active
2026-09-27T19:35:25.270736+00:00,CUST-01826,MTR-01826,156 Summit Ave,98798,48.52145,-121.53027,RES,False,False,FDR-028,940.8,active
2026-09-27T19:35:25.270736+00:00,CUST-01827,MTR-01827,8488 Cedar Rd,98999,46.01611,-122.06566,RES,False,False,FDR-028,732.4,active
2026-09-27T19:35:25.270736+00:00,CUST-01828,MTR-01828,8134 Cedar Ave,98496,47.63665,-121.14506,IND,False,False,FDR-028,26309.1,active
2026-09-27T19:35:25.270736+00:00,CUST-01829,MTR-01829,4798 River St,98689,48.3619,-121.52841,RES,False,False,FDR-028,484.8,active
2026-09-27T19:35:25.270736+00:00,CUST-01830,MTR-01830,4903 Pine Ave,98218,46.46683,-121.15944,COM,False,False,FDR-028,2103.1,active
2026-09-27T19:35:25.270736+00:00,CUST-01831,MTR-01831,6365 River Way,98867,48.16727,-121.73116,RES,False,False,FDR-028,430.4,active
2026-09-27T19:35:25.270736+00:00,CUST-01832,MTR-01832,2039 Pine Way,98713,45.27172,-121.23898,RES,False,False,FDR-028,945.8,active
2026-09-27T19:35:25.270736+00:00,CUST-01833,MTR-01833,2478 Summit St,98004,45.52199,-122.1341,COM,False,False,FDR-028,4846.0,active
2026-09-27T19:35:25.270736+00:00,CUST-01834,MTR-01834,2664 Harbor Ave,98719,46.51032,-121.02493,RES,False,False,FDR-028,1164.0,active
2026-09-27T19:35:25.270736+00:00,CUST-01835,MTR-01835,3710 Cedar St,98308,48.31653,-121.50654,COM,False,False,FDR-028,7987.0,active
2026-09-27T19:35:25.270736+00:00,CUST-01836,MTR-01836,6134 Cedar Rd,98487,48.11416,-121.22314,RES,False,False,FDR-028,653.1,active
2026-09-27T19:35:25.270736+00:00,CUST-01837,MTR-01837,5506 Pine Way,98563,47.18018,-121.73424,COM,False,False,FDR-028,6990.4,active
2026-09-27T19:35:25.270736+00:00,CUST-01838,MTR-01838,2647 Summit Rd,98876,48.15267,-121.14344,RES,False,False,FDR-028,620.9,active
2026-09-27T19:35:25.270736+00:00,CUST-01839,MTR-01839,1351 Summit Rd,98337,46.41306,-121.30665,RES,False,False,FDR-028,1131.5,active
2026-09-27T19:35:25.270736+00:00,CUST-01840,MTR-01840,6266 Alder St,98780,46.53962,-121.52466,IND,False,False,FDR-028,26681.9,active
2026-09-27T19:35:25.270736+00:00,CUST-01841,MTR-01841,6158 Harbor Rd,98791,46.0175,-121.73998,COM,False,False,FDR-028,7507.4,active
2026-09-27T19:35:25.270736+00:00,CUST-01842,MTR-01842,2107 Harbor Rd,98824,45.43277,-122.07791,RES,False,False,FDR-028,768.6,active
2026-09-27T19:35:25.270736+00:00,CUST-01843,MTR-01843,8073 Harbor Way,98233,48.78167,-121.29683,RES,False,False,FDR-028,784.9,active
2026-09-27T19:35:25.270736+00:00,CUST-01844,MTR-01844,7620 Alder Ave,98392,46.79228,-121.21439,COM,False,False,FDR-028,5522.8,active
2026-09-27T19:35:25.270736+00:00,CUST-01845,MTR-01845,7487 Pine Way,98046,46.13442,-121.29791,RES,False,False,FDR-028,948.2,active
2026-09-27T19:35:25.270736+00:00,CUST-01846,MTR-01846,1207 Alder Ave,98965,45.23703,-121.41676,RES,False,False,FDR-028,701.8,active
2026-09-27T19:35:25.270736+00:00,CUST-01847,MTR-01847,8767 Summit Rd,98621,48.51505,-121.62893,RES,False,False,FDR-028,953.3,active
2026-09-27T19:35:25.270736+00:00,CUST-01848,MTR-01848,3929 Pine St,98710,45.30875,-121.8841,RES,False,False,FDR-028,1134.8,active
2026-09-27T19:35:25.270736+00:00,CUST-01849,MTR-01849,2472 Summit Ave,98591,46.13495,-121.78378,RES,False,False,FDR-028,420.3,active
2026-09-27T19:35:25.270736+00:00,CUST-01850,MTR-01850,3243 Alder Way,98421,46.37854,-121.17549,RES,False,False,FDR-028,743.3,active
2026-09-27T19:35:25.270736+00:00,CUST-01851,MTR-01851,1361 River St,98247,47.34336,-121.64395,RES,False,False,FDR-028,968.5,active
2026-09-27T19:35:25.270736+00:00,CUST-01852,MTR-01852,3479 Pine St,98723,48.24228,-121.62777,IND,False,False,FDR-028,20860.7,active
2026-09-27T19:35:25.270736+00:00,CUST-01853,MTR-01853,8129 Summit St,98991,46.93572,-122.0723,RES,False,False,FDR-028,460.0,active
2026-09-27T19:35:25.270736+00:00,CUST-01854,MTR-01854,9151 Summit Ave,98033,48.00598,-122.01086,RES,False,False,FDR-028,1106.4,active
2026-09-27T19:35:25.270736+00:00,CUST-01855,MTR-01855,584 Pine Rd,98984,46.72939,-121.5057,RES,False,False,FDR-028,565.9,active
2026-09-27T19:35:25.270736+00:00,CUST-01856,MTR-01856,1368 Cedar Rd,98559,48.78878,-121.13142,COM,True,False,FDR-028,4782.6,active
2026-09-27T19:35:25.270736+00:00,CUST-01857,MTR-01857,3278 Summit St,98909,48.38074,-121.28863,RES,False,False,FDR-028,1137.3,active
2026-09-27T19:35:25.270736+00:00,CUST-01858,MTR-01858,4681 Summit Ave,98873,46.24834,-121.96206,RES,False,False,FDR-028,547.8,active
2026-09-27T19:35:25.270736+00:00,CUST-01859,MTR-01859,8946 Pine St,98759,47.22753,-121.26098,RES,False,False,FDR-028,746.6,active
2026-09-27T19:35:25.270736+00:00,CUST-01860,MTR-01860,5425 Cedar Ave,98755,45.41912,-121.14283,RES,False,False,FDR-028,892.6,active
2026-09-27T19:35:25.270736+00:00,CUST-01861,MTR-01861,9481 Cedar Rd,98227,45.76881,-121.29027,COM,False,False,FDR-028,8028.3,active
2026-09-27T19:35:25.270736+00:00,CUST-01862,MTR-01862,7514 Summit Way,98843,47.98065,-121.21947,RES,False,False,FDR-028,447.6,active
2026-09-27T19:35:25.270736+00:00,CUST-01863,MTR-01863,9707 Harbor St,98463,47.52028,-121.77292,RES,False,False,FDR-028,564.3,active
2026-09-27T19:35:25.270736+00:00,CUST-01864,MTR-01864,6053 Summit St,98173,48.29298,-121.67818,COM,False,True,FDR-028,4930.9,active
2026-09-27T19:35:25.270736+00:00,CUST-01865,MTR-01865,3150 Cedar Way,98795,48.52052,-121.52195,RES,False,False,FDR-028,1073.9,active
2026-09-27T19:35:25.270736+00:00,CUST-01866,MTR-01866,3789 Pine Ave,98356,46.05751,-122.16091,IND,False,False,FDR-029,16556.8,active
2026-09-27T19:35:25.270736+00:00,CUST-01867,MTR-01867,5529 Harbor St,98116,48.64666,-121.90639,RES,False,False,FDR-029,453.8,active
2026-09-27T19:35:25.270736+00:00,CUST-01868,MTR-01868,6732 River Way,98711,46.41552,-121.80573,COM,False,False,FDR-029,8282.2,active
2026-09-27T19:35:25.270736+00:00,CUST-01869,MTR-01869,2774 River Rd,98135,47.99275,-121.9687,IND,False,False,FDR-029,32735.1,active
2026-09-27T19:35:25.270736+00:00,CUST-01870,MTR-01870,4514 Harbor St,98165,47.23159,-121.3115,RES,False,False,FDR-029,1199.9,active
2026-09-27T19:35:25.270736+00:00,CUST-01871,MTR-01871,1024 Cedar Ave,98248,47.90488,-121.72861,COM,False,False,FDR-029,6282.1,active
2026-09-27T19:35:25.270736+00:00,CUST-01872,MTR-01872,3086 River Way,98656,46.85523,-121.4944,RES,False,False,FDR-029,622.3,active
2026-09-27T19:35:25.270736+00:00,CUST-01873,MTR-01873,1345 Alder Ave,98102,46.43083,-121.01682,RES,False,False,FDR-029,478.2,active
2026-09-27T19:35:25.270736+00:00,CUST-01874,MTR-01874,8434 Alder Rd,98257,45.66119,-121.69174,RES,False,False,FDR-029,1160.6,active
2026-09-27T19:35:25.270736+00:00,CUST-01875,MTR-01875,533 Cedar Ave,98675,47.72439,-121.13157,RES,False,False,FDR-029,740.6,active
2026-09-27T19:35:25.270736+00:00,CUST-01876,MTR-01876,5897 Alder Ave,98880,46.33546,-122.03509,COM,False,False,FDR-029,3163.5,active
2026-09-27T19:35:25.270736+00:00,CUST-01877,MTR-01877,3995 Alder St,98529,46.17526,-121.33625,RES,False,False,FDR-029,511.7,active
2026-09-27T19:35:25.270736+00:00,CUST-01878,MTR-01878,4217 Pine Ave,98994,46.85958,-122.03241,IND,False,False,FDR-029,31846.3,active
2026-09-27T19:35:25.270736+00:00,CUST-01879,MTR-01879,1893 River Ave,98753,48.1471,-121.44606,RES,False,False,FDR-029,940.3,active
2026-09-27T19:35:25.270736+00:00,CUST-01880,MTR-01880,3523 Pine Ave,98603,46.9735,-121.68229,RES,False,False,FDR-029,907.2,active
2026-09-27T19:35:25.270736+00:00,CUST-01881,MTR-01881,8994 Alder Way,98983,45.54299,-121.15287,COM,False,False,FDR-029,3161.5,active
2026-09-27T19:35:25.270736+00:00,CUST-01882,MTR-01882,8971 Pine Way,98716,46.40076,-121.59585,RES,False,False,FDR-029,1027.5,active
2026-09-27T19:35:25.270736+00:00,CUST-01883,MTR-01883,9676 Pine Way,98312,46.65631,-121.99372,RES,False,False,FDR-029,991.7,active
2026-09-27T19:35:25.270736+00:00,CUST-01884,MTR-01884,2928 Pine Way,98008,46.34798,-121.75212,RES,False,False,FDR-029,1028.6,active
2026-09-27T19:35:25.270736+00:00,CUST-01885,MTR-01885,5013 Summit Ave,98565,47.82561,-121.40357,IND,False,False,FDR-029,54731.5,active
2026-09-27T19:35:25.270736+00:00,CUST-01886,MTR-01886,4125 Harbor St,98294,48.37092,-121.42466,RES,False,False,FDR-029,472.5,active
2026-09-27T19:35:25.270736+00:00,CUST-01887,MTR-01887,7364 Cedar Ave,98419,48.03702,-121.47342,COM,False,False,FDR-029,4760.9,active
2026-09-27T19:35:25.270736+00:00,CUST-01888,MTR-01888,7150 Pine Ave,98068,48.50682,-121.12977,RES,False,True,FDR-029,1062.4,active
2026-09-27T19:35:25.270736+00:00,CUST-01889,MTR-01889,3698 Pine Way,98781,45.26755,-121.92208,RES,False,False,FDR-029,459.9,active
2026-09-27T19:35:25.270736+00:00,CUST-01890,MTR-01890,194 Alder St,98429,45.77716,-121.19638,RES,False,False,FDR-029,474.9,active
2026-09-27T19:35:25.270736+00:00,CUST-01891,MTR-01891,6948 Cedar Rd,98999,46.94907,-122.15527,RES,False,False,FDR-029,720.0,active
2026-09-27T19:35:25.270736+00:00,CUST-01892,MTR-01892,3839 Summit Ave,98204,45.9862,-121.56913,RES,False,False,FDR-029,1151.5,active
2026-09-27T19:35:25.270736+00:00,CUST-01893,MTR-01893,3347 Summit St,98012,46.7322,-122.02406,RES,False,False,FDR-029,578.3,active
2026-09-27T19:35:25.270736+00:00,CUST-01894,MTR-01894,1724 Summit Way,98282,46.21921,-122.08822,COM,False,False,FDR-029,2960.5,active
2026-09-27T19:35:25.270736+00:00,CUST-01895,MTR-01895,7908 Summit St,98432,45.90786,-121.98559,IND,False,False,FDR-029,38551.2,active
2026-09-27T19:35:25.270736+00:00,CUST-01896,MTR-01896,1238 Summit Way,98878,47.37586,-121.98393,IND,False,False,FDR-029,54600.0,active
2026-09-27T19:35:25.270736+00:00,CUST-01897,MTR-01897,2925 Harbor Ave,98042,45.27118,-122.09615,RES,False,False,FDR-029,1077.0,active
2026-09-27T19:35:25.270736+00:00,CUST-01898,MTR-01898,5758 Summit Way,98815,46.30755,-121.27421,RES,False,False,FDR-029,462.2,active
2026-09-27T19:35:25.270736+00:00,CUST-01899,MTR-01899,8882 Harbor Ave,98387,46.1199,-121.51567,RES,False,False,FDR-029,1197.9,active
2026-09-27T19:35:25.270736+00:00,CUST-01900,MTR-01900,4461 Cedar St,98980,47.24415,-121.86295,IND,False,False,FDR-029,34524.3,active
2026-09-27T19:35:25.270736+00:00,CUST-01901,MTR-01901,1597 Summit Way,98240,48.34783,-121.44901,RES,False,False,FDR-029,650.4,active
2026-09-27T19:35:25.270736+00:00,CUST-01902,MTR-01902,7101 Cedar Way,98500,48.20682,-122.161,RES,False,False,FDR-029,1024.8,active
2026-09-27T19:35:25.270736+00:00,CUST-01903,MTR-01903,3577 Summit St,98405,45.53791,-121.93345,IND,False,False,FDR-029,26786.6,active
2026-09-27T19:35:25.270736+00:00,CUST-01904,MTR-01904,6884 Summit Ave,98695,46.82494,-121.41781,COM,False,False,FDR-029,8149.3,active
2026-09-27T19:35:25.270736+00:00,CUST-01905,MTR-01905,1527 River Way,98836,48.52862,-121.11841,RES,False,False,FDR-029,1025.7,active
2026-09-27T19:35:25.270736+00:00,CUST-01906,MTR-01906,1902 Cedar Way,98342,48.57818,-122.02102,COM,False,False,FDR-029,6870.4,active
2026-09-27T19:35:25.270736+00:00,CUST-01907,MTR-01907,7118 Cedar Way,98921,48.21546,-121.73793,RES,False,False,FDR-029,632.0,active
2026-09-27T19:35:25.270736+00:00,CUST-01908,MTR-01908,7309 Alder Ave,98022,46.16123,-121.69023,RES,False,False,FDR-029,807.4,active
2026-09-27T19:35:25.270736+00:00,CUST-01909,MTR-01909,6822 Summit Way,98794,48.39559,-122.05571,IND,False,False,FDR-029,23253.5,active
2026-09-27T19:35:25.270736+00:00,CUST-01910,MTR-01910,9894 Cedar Rd,98482,46.82764,-121.42355,RES,False,False,FDR-029,744.7,active
2026-09-27T19:35:25.270736+00:00,CUST-01911,MTR-01911,8352 Summit Rd,98024,46.29685,-121.22415,IND,False,False,FDR-029,54080.6,active
2026-09-27T19:35:25.270736+00:00,CUST-01912,MTR-01912,2377 Cedar Rd,98060,47.49565,-121.18221,COM,False,False,FDR-029,6457.6,active
2026-09-27T19:35:25.270736+00:00,CUST-01913,MTR-01913,587 Summit Rd,98210,47.95398,-121.28219,RES,False,False,FDR-029,836.1,active
2026-09-27T19:35:25.270736+00:00,CUST-01914,MTR-01914,7875 Pine Ave,98785,46.64799,-122.00457,RES,False,False,FDR-029,1144.7,active
2026-09-27T19:35:25.270736+00:00,CUST-01915,MTR-01915,2621 Summit Way,98988,47.62245,-121.52002,IND,False,False,FDR-029,20399.9,active
2026-09-27T19:35:25.270736+00:00,CUST-01916,MTR-01916,5145 River Way,98175,46.86914,-121.65095,IND,False,False,FDR-029,34030.0,active
2026-09-27T19:35:25.270736+00:00,CUST-01917,MTR-01917,1527 Alder Ave,98980,45.94249,-121.36545,RES,False,False,FDR-029,828.4,active
2026-09-27T19:35:25.270736+00:00,CUST-01918,MTR-01918,6957 Summit St,98389,47.36541,-122.17687,RES,False,False,FDR-029,625.8,active
2026-09-27T19:35:25.270736+00:00,CUST-01919,MTR-01919,2760 Harbor Ave,98574,48.15029,-121.67297,COM,False,False,FDR-029,3809.2,active
2026-09-27T19:35:25.270736+00:00,CUST-01920,MTR-01920,1334 Summit St,98424,48.03086,-121.22593,COM,False,False,FDR-029,7479.7,active
2026-09-27T19:35:25.270736+00:00,CUST-01921,MTR-01921,5731 Alder St,98105,46.59091,-121.74771,RES,False,False,FDR-029,912.7,active
2026-09-27T19:35:25.270736+00:00,CUST-01922,MTR-01922,1626 Harbor St,98204,47.98064,-121.09479,RES,False,False,FDR-029,926.5,active
2026-09-27T19:35:25.270736+00:00,CUST-01923,MTR-01923,885 Pine St,98525,45.39584,-121.48111,RES,False,False,FDR-029,524.9,active
2026-09-27T19:35:25.270736+00:00,CUST-01924,MTR-01924,2813 River Rd,98563,48.43372,-121.04687,COM,False,False,FDR-029,3115.3,active
2026-09-27T19:35:25.270736+00:00,CUST-01925,MTR-01925,415 Summit Ave,98528,48.19852,-121.18906,RES,False,False,FDR-029,661.0,active
2026-09-27T19:35:25.270736+00:00,CUST-01926,MTR-01926,6964 River St,98433,48.62507,-121.97938,COM,False,False,FDR-029,6419.4,active
2026-09-27T19:35:25.270736+00:00,CUST-01927,MTR-01927,2269 Cedar St,98543,48.38441,-121.73815,COM,False,False,FDR-029,7598.7,active
2026-09-27T19:35:25.270736+00:00,CUST-01928,MTR-01928,3288 Alder Way,98287,45.63217,-122.13182,RES,False,False,FDR-029,1005.9,active
2026-09-27T19:35:25.270736+00:00,CUST-01929,MTR-01929,8038 Cedar St,98182,46.57335,-121.41885,RES,False,False,FDR-029,913.5,active
2026-09-27T19:35:25.270736+00:00,CUST-01930,MTR-01930,6781 River St,98599,47.58293,-121.4107,RES,False,False,FDR-029,638.6,active
2026-09-27T19:35:25.270736+00:00,CUST-01931,MTR-01931,7494 Summit St,98255,46.00218,-121.76292,RES,False,False,FDR-029,407.2,active
2026-09-27T19:35:25.270736+00:00,CUST-01932,MTR-01932,5151 Cedar Way,98363,45.20277,-121.09805,COM,False,False,FDR-029,4628.0,active
2026-09-27T19:35:25.270736+00:00,CUST-01933,MTR-01933,4661 Alder St,98994,47.00444,-122.10501,RES,False,False,FDR-029,826.2,active
2026-09-27T19:35:25.270736+00:00,CUST-01934,MTR-01934,9438 Summit Rd,98254,46.17912,-121.14738,RES,False,False,FDR-029,808.0,active
2026-09-27T19:35:25.270736+00:00,CUST-01935,MTR-01935,6344 Summit Rd,98618,46.64024,-122.01728,COM,False,False,FDR-029,2890.2,active
2026-09-27T19:35:25.270736+00:00,CUST-01936,MTR-01936,2953 Pine St,98974,46.22133,-122.11157,IND,False,False,FDR-030,51746.8,active
2026-09-27T19:35:25.270736+00:00,CUST-01937,MTR-01937,6623 Cedar Rd,98971,45.86427,-121.0465,RES,False,False,FDR-030,850.9,active
2026-09-27T19:35:25.270736+00:00,CUST-01938,MTR-01938,2628 River Ave,98220,48.41315,-121.74765,COM,False,False,FDR-030,8360.8,active
2026-09-27T19:35:25.270736+00:00,CUST-01939,MTR-01939,3168 Harbor Rd,98012,48.31458,-121.72022,RES,False,False,FDR-030,811.8,active
2026-09-27T19:35:25.270736+00:00,CUST-01940,MTR-01940,4147 Cedar Way,98204,45.8216,-121.57209,RES,False,False,FDR-030,1093.5,active
2026-09-27T19:35:25.270736+00:00,CUST-01941,MTR-01941,1189 Harbor Way,98050,47.95197,-122.09843,COM,False,False,FDR-030,4817.2,active
2026-09-27T19:35:25.270736+00:00,CUST-01942,MTR-01942,5096 Alder Ave,98873,48.54781,-122.02385,COM,False,False,FDR-030,7229.0,active
2026-09-27T19:35:25.270736+00:00,CUST-01943,MTR-01943,8221 Harbor Ave,98922,47.23048,-121.93873,RES,False,False,FDR-030,494.6,active
2026-09-27T19:35:25.270736+00:00,CUST-01944,MTR-01944,4968 Pine Ave,98303,45.31942,-121.46452,COM,False,False,FDR-030,4290.6,active
2026-09-27T19:35:25.270736+00:00,CUST-01945,MTR-01945,9442 Summit Rd,98438,47.53627,-122.13327,RES,False,False,FDR-030,546.1,active
2026-09-27T19:35:25.270736+00:00,CUST-01946,MTR-01946,9032 Cedar Way,98411,48.5958,-121.52956,COM,False,False,FDR-030,2875.7,active
2026-09-27T19:35:25.270736+00:00,CUST-01947,MTR-01947,6801 Cedar Rd,98585,46.90589,-121.76261,COM,True,False,FDR-030,2019.4,active
2026-09-27T19:35:25.270736+00:00,CUST-01948,MTR-01948,210 Harbor Ave,98814,47.95213,-121.10158,RES,False,False,FDR-030,913.6,active
2026-09-27T19:35:25.270736+00:00,CUST-01949,MTR-01949,5273 Summit St,98013,45.78812,-121.92935,RES,False,False,FDR-030,458.0,active
2026-09-27T19:35:25.270736+00:00,CUST-01950,MTR-01950,1511 River Ave,98989,47.51251,-122.11207,RES,False,False,FDR-030,1192.5,active
2026-09-27T19:35:25.270736+00:00,CUST-01951,MTR-01951,8034 Pine Ave,98470,47.43925,-121.19701,RES,False,False,FDR-030,878.1,active
2026-09-27T19:35:25.270736+00:00,CUST-01952,MTR-01952,101 Harbor Rd,98441,48.11731,-121.17786,RES,False,False,FDR-030,648.4,active
2026-09-27T19:35:25.270736+00:00,CUST-01953,MTR-01953,184 Alder Rd,98423,46.69754,-122.0456,RES,False,False,FDR-030,580.4,active
2026-09-27T19:35:25.270736+00:00,CUST-01954,MTR-01954,5953 Cedar Rd,98711,45.45665,-121.63454,RES,False,False,FDR-030,427.3,active
2026-09-27T19:35:25.270736+00:00,CUST-01955,MTR-01955,706 River St,98571,47.13757,-121.78346,RES,False,False,FDR-030,614.4,active
2026-09-27T19:35:25.270736+00:00,CUST-01956,MTR-01956,7503 Harbor Way,98735,46.44674,-121.30961,IND,True,False,FDR-030,29443.2,active
2026-09-27T19:35:25.270736+00:00,CUST-01957,MTR-01957,7846 Cedar St,98291,46.09595,-121.40031,IND,False,False,FDR-030,37135.4,active
2026-09-27T19:35:25.270736+00:00,CUST-01958,MTR-01958,401 Pine Ave,98182,48.08417,-121.33981,RES,False,False,FDR-030,655.1,active
2026-09-27T19:35:25.270736+00:00,CUST-01959,MTR-01959,753 Pine Way,98937,45.95242,-121.74086,RES,False,False,FDR-030,1015.2,active
2026-09-27T19:35:25.270736+00:00,CUST-01960,MTR-01960,8955 Cedar Ave,98401,48.61467,-121.44599,IND,False,False,FDR-030,35016.7,active
2026-09-27T19:35:25.270736+00:00,CUST-01961,MTR-01961,3437 Alder Ave,98350,45.52595,-121.11845,RES,False,False,FDR-030,626.0,active
2026-09-27T19:35:25.270736+00:00,CUST-01962,MTR-01962,8410 Cedar Rd,98499,48.55715,-121.47412,COM,False,False,FDR-030,3845.5,active
2026-09-27T19:35:25.270736+00:00,CUST-01963,MTR-01963,2024 River St,98553,47.2102,-121.00912,RES,False,False,FDR-030,434.0,active
2026-09-27T19:35:25.270736+00:00,CUST-01964,MTR-01964,2479 Summit Rd,98102,48.38861,-121.86142,IND,False,False,FDR-030,45633.7,active
2026-09-27T19:35:25.270736+00:00,CUST-01965,MTR-01965,2054 Cedar Rd,98033,46.41861,-122.14355,RES,False,False,FDR-030,530.4,active
2026-09-27T19:35:25.270736+00:00,CUST-01966,MTR-01966,214 Summit Rd,98974,47.62005,-122.00928,RES,False,False,FDR-030,414.5,active
2026-09-27T19:35:25.270736+00:00,CUST-01967,MTR-01967,2354 Alder Ave,98081,46.92889,-121.36213,RES,False,False,FDR-030,1032.0,active
2026-09-27T19:35:25.270736+00:00,CUST-01968,MTR-01968,7001 Summit Rd,98417,47.88523,-121.21255,RES,False,False,FDR-030,857.8,active
2026-09-27T19:35:25.270736+00:00,CUST-01969,MTR-01969,322 Pine Rd,98075,46.37618,-121.28927,RES,False,False,FDR-030,700.7,active
2026-09-27T19:35:25.270736+00:00,CUST-01970,MTR-01970,8569 Summit St,98338,46.54629,-121.22445,COM,True,False,FDR-030,2041.6,active
2026-09-27T19:35:25.270736+00:00,CUST-01971,MTR-01971,8798 Alder St,98662,46.62642,-121.91355,IND,False,False,FDR-030,20817.0,active
2026-09-27T19:35:25.270736+00:00,CUST-01972,MTR-01972,2037 Pine St,98824,47.44584,-121.49468,COM,False,False,FDR-030,3514.5,active
2026-09-27T19:35:25.270736+00:00,CUST-01973,MTR-01973,7637 Harbor Rd,98712,46.51341,-122.17203,COM,False,False,FDR-030,3106.6,active
2026-09-27T19:35:25.270736+00:00,CUST-01974,MTR-01974,8839 Summit St,98136,47.26812,-121.21074,COM,False,False,FDR-030,2291.6,active
2026-09-27T19:35:25.270736+00:00,CUST-01975,MTR-01975,9775 Pine St,98326,48.13302,-121.6084,IND,False,False,FDR-030,51509.4,active
2026-09-27T19:35:25.270736+00:00,CUST-01976,MTR-01976,366 Alder St,98735,46.21346,-121.85762,RES,False,False,FDR-030,663.5,active
2026-09-27T19:35:25.270736+00:00,CUST-01977,MTR-01977,6623 Summit Ave,98887,46.46141,-121.94637,COM,False,False,FDR-030,7916.9,active
2026-09-27T19:35:25.270736+00:00,CUST-01978,MTR-01978,297 Pine Rd,98105,45.73787,-121.60801,RES,False,False,FDR-030,796.0,active
2026-09-27T19:35:25.270736+00:00,CUST-01979,MTR-01979,7007 Summit St,98134,47.15034,-122.16342,IND,False,False,FDR-030,43815.6,active
2026-09-27T19:35:25.270736+00:00,CUST-01980,MTR-01980,1211 Summit Ave,98695,46.5175,-121.7618,RES,False,False,FDR-030,456.8,active
2026-09-27T19:35:25.270736+00:00,CUST-01981,MTR-01981,1113 Harbor Ave,98183,46.98938,-122.08733,COM,False,False,FDR-030,4428.0,active
2026-09-27T19:35:25.270736+00:00,CUST-01982,MTR-01982,4428 Alder Way,98218,47.32663,-121.83089,RES,False,False,FDR-030,853.7,active
2026-09-27T19:35:25.270736+00:00,CUST-01983,MTR-01983,9482 Alder St,98776,48.58029,-121.09852,RES,False,False,FDR-030,866.8,active
2026-09-27T19:35:25.270736+00:00,CUST-01984,MTR-01984,9614 Pine Rd,98338,47.11346,-121.67833,COM,False,False,FDR-030,4102.4,active
2026-09-27T19:35:25.270736+00:00,CUST-01985,MTR-01985,7636 Summit St,98383,45.90131,-121.81328,RES,False,False,FDR-030,885.8,active
2026-09-27T19:35:25.270736+00:00,CUST-01986,MTR-01986,1553 River Way,98250,48.69405,-121.00742,COM,False,False,FDR-030,7933.0,active
2026-09-27T19:35:25.270736+00:00,CUST-01987,MTR-01987,4063 Pine Ave,98870,47.5126,-121.52361,IND,False,True,FDR-030,34461.9,active
2026-09-27T19:35:25.270736+00:00,CUST-01988,MTR-01988,6733 Harbor Way,98040,47.71497,-121.94476,IND,False,False,FDR-030,59923.1,active
2026-09-27T19:35:25.270736+00:00,CUST-01989,MTR-01989,7639 Summit Ave,98264,46.35978,-121.2843,RES,False,False,FDR-030,1052.4,active
2026-09-27T19:35:25.270736+00:00,CUST-01990,MTR-01990,2405 Cedar Ave,98244,47.43902,-121.34907,RES,False,False,FDR-030,579.1,active
2026-09-27T19:35:25.270736+00:00,CUST-01991,MTR-01991,2970 River Way,98300,46.1049,-121.01011,COM,False,False,FDR-030,6317.9,active
2026-09-27T19:35:25.270736+00:00,CUST-01992,MTR-01992,8017 Harbor Way,98882,47.57543,-121.47442,RES,False,False,FDR-030,820.2,active
2026-09-27T19:35:25.270736+00:00,CUST-01993,MTR-01993,9412 Alder St,98206,46.43155,-121.12396,RES,False,False,FDR-030,446.1,active
2026-09-27T19:35:25.270736+00:00,CUST-01994,MTR-01994,2635 Pine Rd,98640,45.21361,-121.20119,COM,False,False,FDR-030,8892.8,active
2026-09-27T19:35:25.270736+00:00,CUST-01995,MTR-01995,8394 Alder St,98977,46.97395,-121.63907,COM,False,False,FDR-030,8574.6,active
2026-09-27T19:35:25.270736+00:00,CUST-01996,MTR-01996,4000 Summit St,98343,46.92131,-121.08938,RES,False,False,FDR-030,754.4,active
2026-09-27T19:35:25.270736+00:00,CUST-01997,MTR-01997,7848 Alder Way,98745,48.06614,-122.03767,COM,False,False,FDR-030,7095.5,active
2026-09-27T19:35:25.270736+00:00,CUST-01998,MTR-01998,2836 Summit Rd,98430,45.26661,-121.4224,RES,False,False,FDR-030,747.5,active
2026-09-27T19:35:25.270736+00:00,CUST-01999,MTR-01999,6732 Pine Way,98649,48.23069,-121.68436,RES,False,False,FDR-030,527.9,active
2026-09-27T19:35:25.270736+00:00,CUST-02000,MTR-02000,7437 Harbor Way,98609,48.37894,-121.24544,IND,False,False,FDR-030,27722.6,active
2026-09-27T19:35:25.270736+00:00,CUST-02001,MTR-02001,4651 River St,98263,47.31347,-121.27591,RES,False,False,FDR-031,943.5,active
2026-09-27T19:35:25.270736+00:00,CUST-02002,MTR-02002,4721 River Ave,98146,45.32377,-121.31189,COM,False,False,FDR-031,7697.1,active
2026-09-27T19:35:25.270736+00:00,CUST-02003,MTR-02003,6342 Cedar Ave,98103,46.26776,-122.04693,IND,False,False,FDR-031,26576.7,active
2026-09-27T19:35:25.270736+00:00,CUST-02004,MTR-02004,5499 River Way,98575,48.56442,-121.5596,RES,False,False,FDR-031,920.7,active
2026-09-27T19:35:25.270736+00:00,CUST-02005,MTR-02005,2776 Pine Ave,98836,47.71929,-121.98106,RES,True,False,FDR-031,760.3,active
2026-09-27T19:35:25.270736+00:00,CUST-02006,MTR-02006,5687 Summit Rd,98764,46.29507,-121.60275,COM,False,False,FDR-031,8226.5,active
2026-09-27T19:35:25.270736+00:00,CUST-02007,MTR-02007,8715 Alder Rd,98059,47.04821,-121.59858,COM,False,False,FDR-031,8756.3,active
2026-09-27T19:35:25.270736+00:00,CUST-02008,MTR-02008,3375 Alder Way,98589,46.24444,-121.73448,RES,False,False,FDR-031,439.6,active
2026-09-27T19:35:25.270736+00:00,CUST-02009,MTR-02009,501 Alder Way,98527,47.89134,-121.51005,COM,False,False,FDR-031,8088.9,active
2026-09-27T19:35:25.270736+00:00,CUST-02010,MTR-02010,160 River Rd,98157,47.24253,-121.24386,RES,False,False,FDR-031,554.2,active
2026-09-27T19:35:25.270736+00:00,CUST-02011,MTR-02011,2269 Cedar St,98428,48.22188,-122.12878,RES,False,False,FDR-031,1104.0,active
2026-09-27T19:35:25.270736+00:00,CUST-02012,MTR-02012,8664 Summit Way,98335,46.81863,-121.59212,RES,False,False,FDR-031,1160.9,active
2026-09-27T19:35:25.270736+00:00,CUST-02013,MTR-02013,212 Cedar Rd,98536,46.46743,-121.01056,IND,False,False,FDR-031,27356.9,active
2026-09-27T19:35:25.270736+00:00,CUST-02014,MTR-02014,6894 Summit Way,98261,46.69373,-121.56285,RES,False,False,FDR-031,506.2,active
2026-09-27T19:35:25.270736+00:00,CUST-02015,MTR-02015,4951 Cedar Ave,98820,46.12408,-121.83696,RES,False,False,FDR-031,455.0,active
2026-09-27T19:35:25.270736+00:00,CUST-02016,MTR-02016,5314 Summit St,98747,46.66353,-121.55871,IND,False,False,FDR-031,25502.2,active
2026-09-27T19:35:25.270736+00:00,CUST-02017,MTR-02017,3576 River Rd,98062,46.66955,-122.1453,RES,False,False,FDR-031,897.8,active
2026-09-27T19:35:25.270736+00:00,CUST-02018,MTR-02018,4654 Alder St,98217,47.83276,-121.55133,RES,False,False,FDR-031,988.7,active
2026-09-27T19:35:25.270736+00:00,CUST-02019,MTR-02019,9534 Summit Ave,98860,47.97257,-121.43444,RES,True,False,FDR-031,1058.9,active
2026-09-27T19:35:25.270736+00:00,CUST-02020,MTR-02020,5306 Cedar Rd,98209,46.16741,-121.94831,RES,False,False,FDR-031,711.4,active
2026-09-27T19:35:25.270736+00:00,CUST-02021,MTR-02021,8263 Alder Ave,98586,47.68869,-121.84101,RES,False,False,FDR-031,807.6,active
2026-09-27T19:35:25.270736+00:00,CUST-02022,MTR-02022,117 Pine Way,98276,47.30412,-121.44648,RES,False,False,FDR-031,838.8,active
2026-09-27T19:35:25.270736+00:00,CUST-02023,MTR-02023,2392 Harbor Way,98625,45.35946,-121.92008,RES,False,False,FDR-031,472.0,active
2026-09-27T19:35:25.270736+00:00,CUST-02024,MTR-02024,7633 Summit Way,98545,48.23978,-122.01572,IND,False,False,FDR-031,34800.8,active
2026-09-27T19:35:25.270736+00:00,CUST-02025,MTR-02025,4479 Alder Ave,98206,48.6404,-122.06359,RES,False,False,FDR-031,647.0,active
2026-09-27T19:35:25.270736+00:00,CUST-02026,MTR-02026,8526 Harbor St,98584,45.66489,-121.47235,RES,False,False,FDR-031,1029.4,active
2026-09-27T19:35:25.270736+00:00,CUST-02027,MTR-02027,9088 Summit Way,98169,45.99122,-121.03471,RES,False,False,FDR-031,743.5,active
2026-09-27T19:35:25.270736+00:00,CUST-02028,MTR-02028,6390 Summit Ave,98863,48.54113,-121.94826,RES,False,False,FDR-031,1079.4,active
2026-09-27T19:35:25.270736+00:00,CUST-02029,MTR-02029,1579 Summit Ave,98301,48.49313,-122.09626,COM,False,False,FDR-031,7683.7,active
2026-09-27T19:35:25.270736+00:00,CUST-02030,MTR-02030,483 Summit Ave,98241,46.50253,-121.79214,IND,False,False,FDR-031,41717.4,active
2026-09-27T19:35:25.270736+00:00,CUST-02031,MTR-02031,2582 Pine Ave,98482,47.55355,-122.05714,RES,False,False,FDR-031,899.7,active
2026-09-27T19:35:25.270736+00:00,CUST-02032,MTR-02032,8982 Alder Rd,98056,47.75035,-121.24411,COM,False,False,FDR-031,4214.5,active
2026-09-27T19:35:25.270736+00:00,CUST-02033,MTR-02033,7393 Summit Rd,98321,46.87766,-121.66405,COM,False,False,FDR-031,3816.4,active
2026-09-27T19:35:25.270736+00:00,CUST-02034,MTR-02034,7512 Alder Ave,98473,48.7598,-121.14577,RES,False,False,FDR-031,835.7,active
2026-09-27T19:35:25.270736+00:00,CUST-02035,MTR-02035,6499 Pine Rd,98846,46.35346,-121.47697,COM,False,False,FDR-031,4117.5,active
2026-09-27T19:35:25.270736+00:00,CUST-02036,MTR-02036,7947 Summit St,98154,47.04222,-121.70677,COM,False,False,FDR-031,8028.7,active
2026-09-27T19:35:25.270736+00:00,CUST-02037,MTR-02037,5567 Alder St,98560,45.84946,-121.07721,RES,False,False,FDR-031,1029.1,active
2026-09-27T19:35:25.270736+00:00,CUST-02038,MTR-02038,1710 River Ave,98835,47.24146,-121.25307,IND,False,False,FDR-031,44504.8,active
2026-09-27T19:35:25.270736+00:00,CUST-02039,MTR-02039,2040 Cedar Rd,98600,45.22535,-121.71785,IND,False,False,FDR-031,41819.6,active
2026-09-27T19:35:25.270736+00:00,CUST-02040,MTR-02040,8478 Alder Rd,98677,47.32213,-122.02723,RES,False,False,FDR-031,842.6,active
2026-09-27T19:35:25.270736+00:00,CUST-02041,MTR-02041,6879 River Ave,98997,45.36639,-121.34338,RES,False,False,FDR-031,435.4,active
2026-09-27T19:35:25.270736+00:00,CUST-02042,MTR-02042,3672 Cedar Way,98337,45.24777,-121.61579,RES,False,False,FDR-031,588.9,active
2026-09-27T19:35:25.270736+00:00,CUST-02043,MTR-02043,8698 Summit Ave,98528,47.96347,-121.67203,RES,False,False,FDR-031,1124.1,active
2026-09-27T19:35:25.270736+00:00,CUST-02044,MTR-02044,5201 Cedar Way,98909,45.36096,-121.75883,RES,False,False,FDR-031,807.3,active
2026-09-27T19:35:25.270736+00:00,CUST-02045,MTR-02045,906 Pine Rd,98548,47.72562,-121.29695,RES,False,False,FDR-031,1149.0,active
2026-09-27T19:35:25.270736+00:00,CUST-02046,MTR-02046,7274 Summit Rd,98550,46.61676,-121.07873,RES,False,False,FDR-031,827.1,active
2026-09-27T19:35:25.270736+00:00,CUST-02047,MTR-02047,4882 Harbor Rd,98999,47.49971,-121.83694,RES,False,False,FDR-031,1022.4,active
2026-09-27T19:35:25.270736+00:00,CUST-02048,MTR-02048,4985 Cedar St,98442,48.49393,-121.01239,RES,False,False,FDR-031,1055.5,active
2026-09-27T19:35:25.270736+00:00,CUST-02049,MTR-02049,9640 Summit Way,98463,46.92716,-121.28994,RES,False,False,FDR-031,804.8,active
2026-09-27T19:35:25.270736+00:00,CUST-02050,MTR-02050,9267 Alder Ave,98727,47.73188,-122.02324,COM,False,False,FDR-031,2731.2,active
2026-09-27T19:35:25.270736+00:00,CUST-02051,MTR-02051,3815 Pine Ave,98307,46.39314,-121.75805,RES,False,False,FDR-031,964.2,active
2026-09-27T19:35:25.270736+00:00,CUST-02052,MTR-02052,7191 Summit St,98969,46.54225,-121.54001,RES,False,False,FDR-031,901.5,active
2026-09-27T19:35:25.270736+00:00,CUST-02053,MTR-02053,5758 Alder Way,98557,48.06095,-121.18413,RES,False,False,FDR-031,967.2,active
2026-09-27T19:35:25.270736+00:00,CUST-02054,MTR-02054,7340 Cedar Way,98013,46.9534,-121.31113,RES,False,False,FDR-031,1138.7,active
2026-09-27T19:35:25.270736+00:00,CUST-02055,MTR-02055,1720 Pine Way,98857,47.59186,-121.71461,RES,False,False,FDR-031,841.4,active
2026-09-27T19:35:25.270736+00:00,CUST-02056,MTR-02056,7468 Harbor St,98753,48.40169,-121.35372,RES,False,False,FDR-031,604.1,active
2026-09-27T19:35:25.270736+00:00,CUST-02057,MTR-02057,569 Pine Rd,98984,45.65135,-121.71392,RES,False,False,FDR-031,931.6,active
2026-09-27T19:35:25.270736+00:00,CUST-02058,MTR-02058,2009 River Ave,98425,47.89676,-121.50983,IND,False,False,FDR-031,51862.7,active
2026-09-27T19:35:25.270736+00:00,CUST-02059,MTR-02059,5235 Alder Rd,98937,47.88652,-121.01206,RES,False,False,FDR-031,731.1,active
2026-09-27T19:35:25.270736+00:00,CUST-02060,MTR-02060,3707 Harbor St,98074,48.51819,-122.03869,RES,False,False,FDR-031,1079.2,active
2026-09-27T19:35:25.270736+00:00,CUST-02061,MTR-02061,7871 Summit St,98335,47.19342,-121.13068,RES,False,False,FDR-031,790.6,active
2026-09-27T19:35:25.270736+00:00,CUST-02062,MTR-02062,5841 Cedar Rd,98311,46.65298,-121.87078,RES,False,False,FDR-031,421.5,active
2026-09-27T19:35:25.270736+00:00,CUST-02063,MTR-02063,6387 Pine Rd,98769,48.37406,-122.03187,IND,False,False,FDR-031,19952.0,active
2026-09-27T19:35:25.270736+00:00,CUST-02064,MTR-02064,5586 Harbor Ave,98654,47.3044,-121.29947,RES,False,False,FDR-031,988.1,active
2026-09-27T19:35:25.270736+00:00,CUST-02065,MTR-02065,9071 Harbor St,98996,48.26291,-121.88475,RES,False,False,FDR-031,474.1,active
2026-09-27T19:35:25.270736+00:00,CUST-02066,MTR-02066,4827 Alder Way,98896,45.42877,-121.33359,RES,False,False,FDR-032,566.6,active
2026-09-27T19:35:25.270736+00:00,CUST-02067,MTR-02067,3924 Cedar Way,98947,47.1204,-121.55687,COM,False,False,FDR-032,4104.8,active
2026-09-27T19:35:25.270736+00:00,CUST-02068,MTR-02068,5958 Cedar St,98266,47.70472,-121.75145,RES,False,False,FDR-032,785.8,active
2026-09-27T19:35:25.270736+00:00,CUST-02069,MTR-02069,232 Harbor St,98597,47.06141,-121.49243,COM,False,False,FDR-032,2444.7,active
2026-09-27T19:35:25.270736+00:00,CUST-02070,MTR-02070,6227 River St,98061,47.54227,-121.69009,RES,False,False,FDR-032,811.1,active
2026-09-27T19:35:25.270736+00:00,CUST-02071,MTR-02071,1163 Harbor Ave,98443,48.67411,-122.09707,RES,False,False,FDR-032,564.9,active
2026-09-27T19:35:25.270736+00:00,CUST-02072,MTR-02072,1694 Cedar Rd,98646,45.57398,-121.23977,RES,False,False,FDR-032,788.7,active
2026-09-27T19:35:25.270736+00:00,CUST-02073,MTR-02073,137 Pine Rd,98841,46.39041,-121.65503,COM,False,False,FDR-032,6496.2,active
2026-09-27T19:35:25.270736+00:00,CUST-02074,MTR-02074,300 Summit St,98054,48.11109,-122.11348,COM,False,False,FDR-032,3254.4,active
2026-09-27T19:35:25.270736+00:00,CUST-02075,MTR-02075,409 Alder Way,98937,47.00793,-121.15087,RES,False,False,FDR-032,1181.4,active
2026-09-27T19:35:25.270736+00:00,CUST-02076,MTR-02076,1789 Harbor St,98262,45.54408,-121.85287,IND,False,False,FDR-032,36618.0,active
2026-09-27T19:35:25.270736+00:00,CUST-02077,MTR-02077,8608 Pine Ave,98138,45.26874,-121.02028,RES,False,False,FDR-032,721.4,active
2026-09-27T19:35:25.270736+00:00,CUST-02078,MTR-02078,873 Harbor Rd,98143,48.76837,-121.92147,IND,False,False,FDR-032,44917.8,active
2026-09-27T19:35:25.270736+00:00,CUST-02079,MTR-02079,8852 Harbor Ave,98228,47.86098,-121.29099,COM,False,False,FDR-032,2797.1,active
2026-09-27T19:35:25.270736+00:00,CUST-02080,MTR-02080,2693 Pine Way,98343,45.82751,-121.98216,COM,False,False,FDR-032,8810.0,active
2026-09-27T19:35:25.270736+00:00,CUST-02081,MTR-02081,4981 River Rd,98438,46.39972,-121.94011,IND,False,False,FDR-032,49763.2,active
2026-09-27T19:35:25.270736+00:00,CUST-02082,MTR-02082,9657 Harbor Ave,98447,46.14935,-121.5856,IND,False,True,FDR-032,48544.0,active
2026-09-27T19:35:25.270736+00:00,CUST-02083,MTR-02083,6006 Pine Rd,98850,47.45037,-121.15964,IND,False,False,FDR-032,39756.6,active
2026-09-27T19:35:25.270736+00:00,CUST-02084,MTR-02084,5547 River St,98273,45.53161,-121.37397,RES,False,False,FDR-032,1197.8,active
2026-09-27T19:35:25.270736+00:00,CUST-02085,MTR-02085,6924 Summit Way,98107,45.76774,-121.25496,RES,False,False,FDR-032,1097.9,active
2026-09-27T19:35:25.270736+00:00,CUST-02086,MTR-02086,7334 Harbor Rd,98444,45.98903,-121.71482,RES,False,False,FDR-032,865.3,active
2026-09-27T19:35:25.270736+00:00,CUST-02087,MTR-02087,9546 River Way,98765,45.95016,-121.50333,COM,False,False,FDR-032,8481.5,active
2026-09-27T19:35:25.270736+00:00,CUST-02088,MTR-02088,1791 Harbor Rd,98083,48.47882,-121.29403,RES,False,False,FDR-032,710.6,active
2026-09-27T19:35:25.270736+00:00,CUST-02089,MTR-02089,5408 Harbor Ave,98962,47.71223,-121.69798,RES,False,False,FDR-032,557.2,active
2026-09-27T19:35:25.270736+00:00,CUST-02090,MTR-02090,6543 Alder Ave,98303,47.00076,-121.685,COM,False,False,FDR-032,2182.9,active
2026-09-27T19:35:25.270736+00:00,CUST-02091,MTR-02091,1675 Harbor Ave,98689,47.41728,-121.29754,COM,False,False,FDR-032,7511.3,active
2026-09-27T19:35:25.270736+00:00,CUST-02092,MTR-02092,8244 Pine Rd,98133,48.0138,-121.41307,COM,False,False,FDR-032,2618.7,active
2026-09-27T19:35:25.270736+00:00,CUST-02093,MTR-02093,7996 River St,98569,47.99006,-121.27208,RES,False,False,FDR-032,1154.4,active
2026-09-27T19:35:25.270736+00:00,CUST-02094,MTR-02094,9801 Harbor Rd,98406,45.94882,-122.04182,RES,False,False,FDR-032,498.0,active
2026-09-27T19:35:25.270736+00:00,CUST-02095,MTR-02095,4958 Harbor Rd,98210,45.71894,-121.50622,RES,False,False,FDR-032,1065.1,active
2026-09-27T19:35:25.270736+00:00,CUST-02096,MTR-02096,285 Pine Rd,98840,45.6993,-121.0831,IND,False,False,FDR-032,55467.5,active
2026-09-27T19:35:25.270736+00:00,CUST-02097,MTR-02097,4886 River Rd,98090,45.48773,-121.39868,COM,False,False,FDR-032,4895.3,active
2026-09-27T19:35:25.270736+00:00,CUST-02098,MTR-02098,1917 Cedar St,98978,45.29207,-121.38169,COM,False,False,FDR-032,3529.2,active
2026-09-27T19:35:25.270736+00:00,CUST-02099,MTR-02099,4558 Alder St,98779,47.98409,-122.16695,RES,False,False,FDR-032,721.1,active
2026-09-27T19:35:25.270736+00:00,CUST-02100,MTR-02100,3460 Alder Way,98546,46.17983,-121.87372,IND,False,False,FDR-032,52495.4,active
2026-09-27T19:35:25.270736+00:00,CUST-02101,MTR-02101,7213 Summit Ave,98038,47.22807,-121.24343,IND,False,False,FDR-032,57975.6,active
2026-09-27T19:35:25.270736+00:00,CUST-02102,MTR-02102,1460 Cedar St,98868,45.52811,-121.71945,RES,False,False,FDR-032,1180.3,active
2026-09-27T19:35:25.270736+00:00,CUST-02103,MTR-02103,6932 Cedar Rd,98937,48.41708,-122.15362,RES,False,False,FDR-032,823.7,active
2026-09-27T19:35:25.270736+00:00,CUST-02104,MTR-02104,3386 Harbor Way,98309,45.46047,-121.45499,COM,False,False,FDR-032,4043.8,active
2026-09-27T19:35:25.270736+00:00,CUST-02105,MTR-02105,1675 Summit St,98210,45.41569,-121.8169,COM,False,False,FDR-032,2429.7,active
2026-09-27T19:35:25.270736+00:00,CUST-02106,MTR-02106,3430 Pine St,98596,48.03394,-122.08134,COM,False,False,FDR-032,2604.9,active
2026-09-27T19:35:25.270736+00:00,CUST-02107,MTR-02107,8632 River St,98296,45.25841,-122.03757,COM,False,False,FDR-032,6683.0,active
2026-09-27T19:35:25.270736+00:00,CUST-02108,MTR-02108,1330 River Ave,98993,46.85376,-121.4416,RES,False,False,FDR-032,653.7,active
2026-09-27T19:35:25.270736+00:00,CUST-02109,MTR-02109,1405 Cedar Rd,98308,46.96709,-121.84652,RES,False,False,FDR-032,743.0,active
2026-09-27T19:35:25.270736+00:00,CUST-02110,MTR-02110,2049 Harbor Way,98898,46.56422,-121.26105,COM,False,False,FDR-032,3185.2,active
2026-09-27T19:35:25.270736+00:00,CUST-02111,MTR-02111,3139 Summit St,98416,48.51229,-121.93865,RES,False,False,FDR-032,441.1,active
2026-09-27T19:35:25.270736+00:00,CUST-02112,MTR-02112,1329 Cedar Ave,98648,45.80199,-121.81219,COM,False,False,FDR-032,5477.9,active
2026-09-27T19:35:25.270736+00:00,CUST-02113,MTR-02113,8629 River Way,98436,45.43402,-121.3509,RES,False,False,FDR-032,867.0,active
2026-09-27T19:35:25.270736+00:00,CUST-02114,MTR-02114,5682 Summit Rd,98356,48.73511,-121.48254,RES,False,False,FDR-032,1184.9,active
2026-09-27T19:35:25.270736+00:00,CUST-02115,MTR-02115,1515 Summit Ave,98399,46.51062,-121.59416,COM,False,False,FDR-032,7962.2,active
2026-09-27T19:35:25.270736+00:00,CUST-02116,MTR-02116,801 Cedar Way,98879,46.65834,-122.16893,RES,False,False,FDR-032,706.2,active
2026-09-27T19:35:25.270736+00:00,CUST-02117,MTR-02117,3049 Harbor St,98806,46.00094,-121.01581,COM,False,False,FDR-032,6538.0,active
2026-09-27T19:35:25.270736+00:00,CUST-02118,MTR-02118,8971 River St,98688,45.56939,-122.19382,COM,False,False,FDR-032,8863.3,active
2026-09-27T19:35:25.270736+00:00,CUST-02119,MTR-02119,8316 Alder St,98124,45.56105,-122.03731,RES,False,False,FDR-032,512.6,active
2026-09-27T19:35:25.270736+00:00,CUST-02120,MTR-02120,315 River Way,98482,45.70403,-122.02861,RES,False,False,FDR-032,518.5,active
2026-09-27T19:35:25.270736+00:00,CUST-02121,MTR-02121,739 Alder Way,98463,46.4885,-121.47281,RES,False,False,FDR-032,876.4,active
2026-09-27T19:35:25.270736+00:00,CUST-02122,MTR-02122,5251 Pine Way,98990,48.40366,-122.07786,COM,False,False,FDR-032,3723.9,active
2026-09-27T19:35:25.270736+00:00,CUST-02123,MTR-02123,7254 Harbor St,98654,45.79304,-121.42825,IND,False,False,FDR-032,15344.5,active
2026-09-27T19:35:25.270736+00:00,CUST-02124,MTR-02124,2191 River St,98871,46.96175,-121.02335,COM,False,False,FDR-032,5250.5,active
2026-09-27T19:35:25.270736+00:00,CUST-02125,MTR-02125,5554 Pine St,98952,47.43941,-121.10796,RES,False,False,FDR-032,969.8,active
2026-09-27T19:35:25.270736+00:00,CUST-02126,MTR-02126,2971 Cedar Ave,98023,46.67597,-121.65504,COM,False,False,FDR-032,6401.7,active
2026-09-27T19:35:25.270736+00:00,CUST-02127,MTR-02127,7712 River St,98683,48.73282,-121.52891,RES,False,False,FDR-032,968.3,active
2026-09-27T19:35:25.270736+00:00,CUST-02128,MTR-02128,6694 River St,98326,47.43403,-121.11412,RES,False,False,FDR-032,755.7,active
2026-09-27T19:35:25.270736+00:00,CUST-02129,MTR-02129,441 River Way,98191,46.44013,-121.60842,IND,False,False,FDR-032,46404.3,active
2026-09-27T19:35:25.270736+00:00,CUST-02130,MTR-02130,2610 River Rd,98015,46.70877,-121.0423,COM,True,False,FDR-032,2341.9,active
2026-09-27T19:35:25.270736+00:00,CUST-02131,MTR-02131,808 Cedar Rd,98325,46.39361,-121.64836,RES,False,False,FDR-032,586.8,active
2026-09-27T19:35:25.270736+00:00,CUST-02132,MTR-02132,2393 Harbor Ave,98650,46.00161,-121.40334,RES,False,False,FDR-032,455.3,active
2026-09-27T19:35:25.270736+00:00,CUST-02133,MTR-02133,4513 Harbor Rd,98792,47.80239,-121.46084,RES,False,False,FDR-032,528.6,active
2026-09-27T19:35:25.270736+00:00,CUST-02134,MTR-02134,2407 Harbor Ave,98217,46.36319,-121.14827,IND,False,False,FDR-032,23288.4,active
2026-09-27T19:35:25.270736+00:00,CUST-02135,MTR-02135,4140 Summit St,98335,46.18606,-121.65476,RES,False,False,FDR-032,500.8,active
2026-09-27T19:35:25.270736+00:00,CUST-02136,MTR-02136,6306 Cedar Ave,98284,48.24504,-121.49805,COM,False,False,FDR-033,3218.8,active
2026-09-27T19:35:25.270736+00:00,CUST-02137,MTR-02137,9926 Harbor Way,98185,48.7883,-121.94453,RES,False,False,FDR-033,925.7,active
2026-09-27T19:35:25.270736+00:00,CUST-02138,MTR-02138,2390 River Rd,98401,47.13615,-121.22748,RES,False,False,FDR-033,820.3,active
2026-09-27T19:35:25.270736+00:00,CUST-02139,MTR-02139,2374 Pine St,98309,47.36034,-121.66885,RES,False,False,FDR-033,479.4,active
2026-09-27T19:35:25.270736+00:00,CUST-02140,MTR-02140,6753 Summit Ave,98486,47.96876,-121.11379,RES,False,False,FDR-033,687.3,active
2026-09-27T19:35:25.270736+00:00,CUST-02141,MTR-02141,3878 River Ave,98512,45.99665,-122.04856,IND,True,False,FDR-033,24695.2,active
2026-09-27T19:35:25.270736+00:00,CUST-02142,MTR-02142,898 Cedar Ave,98658,48.15677,-122.19089,RES,False,False,FDR-033,521.0,active
2026-09-27T19:35:25.270736+00:00,CUST-02143,MTR-02143,3111 Alder Way,98440,46.96187,-121.61534,RES,False,False,FDR-033,883.0,active
2026-09-27T19:35:25.270736+00:00,CUST-02144,MTR-02144,6136 Harbor Way,98002,46.42584,-121.34135,RES,False,False,FDR-033,941.6,active
2026-09-27T19:35:25.270736+00:00,CUST-02145,MTR-02145,3658 Pine Ave,98084,48.12282,-122.02885,COM,False,False,FDR-033,7557.5,active
2026-09-27T19:35:25.270736+00:00,CUST-02146,MTR-02146,4817 Pine Rd,98013,48.49778,-121.55863,RES,False,False,FDR-033,460.4,active
2026-09-27T19:35:25.270736+00:00,CUST-02147,MTR-02147,1415 Alder Rd,98997,48.60193,-121.77671,IND,False,False,FDR-033,19698.5,active
2026-09-27T19:35:25.270736+00:00,CUST-02148,MTR-02148,6949 Cedar Ave,98027,46.74084,-122.1299,RES,False,False,FDR-033,541.4,active
2026-09-27T19:35:25.270736+00:00,CUST-02149,MTR-02149,1080 Pine Ave,98251,48.15692,-121.4224,IND,False,False,FDR-033,44798.1,active
2026-09-27T19:35:25.270736+00:00,CUST-02150,MTR-02150,7105 Pine Way,98251,47.45383,-121.3843,RES,False,False,FDR-033,753.4,active
2026-09-27T19:35:25.270736+00:00,CUST-02151,MTR-02151,8567 Alder Way,98662,45.64318,-121.77312,RES,False,False,FDR-033,524.2,active
2026-09-27T19:35:25.270736+00:00,CUST-02152,MTR-02152,756 Cedar Ave,98464,46.99273,-122.10025,COM,False,False,FDR-033,6243.9,active
2026-09-27T19:35:25.270736+00:00,CUST-02153,MTR-02153,1298 Pine Ave,98265,47.25127,-121.55455,IND,False,False,FDR-033,25948.0,active
2026-09-27T19:35:25.270736+00:00,CUST-02154,MTR-02154,8871 Alder Way,98105,47.00794,-121.74388,RES,False,False,FDR-033,890.1,active
2026-09-27T19:35:25.270736+00:00,CUST-02155,MTR-02155,3545 River Ave,98042,47.65884,-121.70472,RES,False,False,FDR-033,856.1,active
2026-09-27T19:35:25.270736+00:00,CUST-02156,MTR-02156,4897 Pine Rd,98455,48.33487,-121.22257,RES,False,False,FDR-033,1043.1,active
2026-09-27T19:35:25.270736+00:00,CUST-02157,MTR-02157,5759 Pine Ave,98500,48.39496,-122.12366,IND,False,False,FDR-033,27584.2,active
2026-09-27T19:35:25.270736+00:00,CUST-02158,MTR-02158,8477 Harbor Rd,98163,48.54927,-121.73692,IND,False,False,FDR-033,38802.1,active
2026-09-27T19:35:25.270736+00:00,CUST-02159,MTR-02159,5259 Cedar Rd,98592,46.23672,-121.75887,RES,False,False,FDR-033,496.3,active
2026-09-27T19:35:25.270736+00:00,CUST-02160,MTR-02160,7009 Pine Rd,98896,46.57908,-121.08543,RES,False,False,FDR-033,1087.0,active
2026-09-27T19:35:25.270736+00:00,CUST-02161,MTR-02161,3630 Harbor Way,98887,48.60077,-121.31237,RES,False,False,FDR-033,961.7,active
2026-09-27T19:35:25.270736+00:00,CUST-02162,MTR-02162,3309 Harbor Rd,98472,46.28418,-121.15759,RES,False,False,FDR-033,925.4,active
2026-09-27T19:35:25.270736+00:00,CUST-02163,MTR-02163,8173 Alder Rd,98878,48.27657,-121.39824,COM,False,False,FDR-033,4008.1,active
2026-09-27T19:35:25.270736+00:00,CUST-02164,MTR-02164,8778 Pine St,98299,46.2487,-121.41347,RES,False,False,FDR-033,767.2,active
2026-09-27T19:35:25.270736+00:00,CUST-02165,MTR-02165,2656 Alder St,98948,48.59748,-121.063,RES,False,False,FDR-033,1019.3,active
2026-09-27T19:35:25.270736+00:00,CUST-02166,MTR-02166,6578 Pine Rd,98645,45.43051,-121.09297,COM,False,False,FDR-033,7361.6,active
2026-09-27T19:35:25.270736+00:00,CUST-02167,MTR-02167,2366 Pine St,98841,48.02176,-121.23039,RES,False,False,FDR-033,741.1,active
2026-09-27T19:35:25.270736+00:00,CUST-02168,MTR-02168,8998 Pine Ave,98770,47.6332,-121.84939,IND,False,False,FDR-033,51769.8,active
2026-09-27T19:35:25.270736+00:00,CUST-02169,MTR-02169,8951 River Rd,98510,47.27453,-122.17247,RES,False,False,FDR-033,1032.0,active
2026-09-27T19:35:25.270736+00:00,CUST-02170,MTR-02170,4786 Summit Ave,98024,45.94464,-122.18953,COM,False,False,FDR-033,6740.2,active
2026-09-27T19:35:25.270736+00:00,CUST-02171,MTR-02171,6155 Cedar Ave,98383,46.20775,-121.34177,COM,False,False,FDR-033,8069.6,active
2026-09-27T19:35:25.270736+00:00,CUST-02172,MTR-02172,5752 River St,98553,48.34863,-122.10707,RES,False,False,FDR-033,1119.1,active
2026-09-27T19:35:25.270736+00:00,CUST-02173,MTR-02173,1216 Cedar Way,98062,47.03446,-121.43329,RES,False,False,FDR-033,982.6,active
2026-09-27T19:35:25.270736+00:00,CUST-02174,MTR-02174,8659 Alder St,98281,46.58586,-121.58923,RES,False,False,FDR-033,460.7,active
2026-09-27T19:35:25.270736+00:00,CUST-02175,MTR-02175,1789 Summit Way,98390,46.84909,-121.77728,COM,False,False,FDR-033,2294.4,active
2026-09-27T19:35:25.270736+00:00,CUST-02176,MTR-02176,2635 Summit St,98414,48.13631,-121.5413,RES,False,False,FDR-033,428.9,active
2026-09-27T19:35:25.270736+00:00,CUST-02177,MTR-02177,6477 Summit Rd,98115,47.73182,-121.61952,COM,False,False,FDR-033,2653.9,active
2026-09-27T19:35:25.270736+00:00,CUST-02178,MTR-02178,3363 Pine Rd,98067,48.19378,-121.67375,RES,False,False,FDR-033,863.3,active
2026-09-27T19:35:25.270736+00:00,CUST-02179,MTR-02179,5941 Alder St,98602,48.31342,-121.80059,RES,False,False,FDR-033,1183.2,active
2026-09-27T19:35:25.270736+00:00,CUST-02180,MTR-02180,9820 River Ave,98289,45.73982,-121.75646,RES,False,False,FDR-033,691.8,active
2026-09-27T19:35:25.270736+00:00,CUST-02181,MTR-02181,5510 River Way,98951,45.53935,-121.11349,RES,False,False,FDR-033,960.3,active
2026-09-27T19:35:25.270736+00:00,CUST-02182,MTR-02182,8544 Harbor Ave,98161,48.32843,-122.19484,RES,False,False,FDR-033,1100.0,active
2026-09-27T19:35:25.270736+00:00,CUST-02183,MTR-02183,6178 Alder St,98168,46.5833,-121.48897,IND,False,False,FDR-033,29249.5,active
2026-09-27T19:35:25.270736+00:00,CUST-02184,MTR-02184,3220 Cedar Rd,98128,48.5962,-121.68824,RES,False,False,FDR-033,1174.6,active
2026-09-27T19:35:25.270736+00:00,CUST-02185,MTR-02185,7884 Summit Rd,98941,47.95589,-121.93149,COM,False,False,FDR-033,7912.3,active
2026-09-27T19:35:25.270736+00:00,CUST-02186,MTR-02186,8356 Summit Ave,98001,48.36375,-121.59848,COM,False,False,FDR-033,2897.9,active
2026-09-27T19:35:25.270736+00:00,CUST-02187,MTR-02187,2407 Pine Way,98691,48.46664,-122.02429,IND,True,False,FDR-033,53589.7,active
2026-09-27T19:35:25.270736+00:00,CUST-02188,MTR-02188,7424 Summit St,98775,48.67152,-121.78144,RES,False,False,FDR-033,926.9,active
2026-09-27T19:35:25.270736+00:00,CUST-02189,MTR-02189,6263 Harbor Rd,98358,48.45185,-121.07839,COM,False,False,FDR-033,6077.9,active
2026-09-27T19:35:25.270736+00:00,CUST-02190,MTR-02190,3942 Pine Way,98797,46.66419,-122.15117,IND,False,False,FDR-033,38580.7,active
2026-09-27T19:35:25.270736+00:00,CUST-02191,MTR-02191,6323 Alder Way,98200,46.51992,-122.00623,RES,False,False,FDR-033,1059.3,active
2026-09-27T19:35:25.270736+00:00,CUST-02192,MTR-02192,317 Summit St,98370,47.70041,-122.04738,IND,False,False,FDR-033,26626.8,active
2026-09-27T19:35:25.270736+00:00,CUST-02193,MTR-02193,1453 Harbor St,98763,46.7168,-121.28528,COM,False,False,FDR-033,7520.1,active
2026-09-27T19:35:25.270736+00:00,CUST-02194,MTR-02194,6675 Harbor Ave,98685,47.75182,-121.10856,COM,False,False,FDR-033,2215.1,active
2026-09-27T19:35:25.270736+00:00,CUST-02195,MTR-02195,8416 River Ave,98366,47.35234,-121.16378,RES,False,False,FDR-033,1134.8,active
2026-09-27T19:35:25.270736+00:00,CUST-02196,MTR-02196,4072 Alder Rd,98648,45.58807,-121.51545,RES,False,False,FDR-033,777.6,active
2026-09-27T19:35:25.270736+00:00,CUST-02197,MTR-02197,8207 Alder Ave,98836,46.06423,-122.01308,RES,False,False,FDR-033,1101.3,active
2026-09-27T19:35:25.270736+00:00,CUST-02198,MTR-02198,9803 Pine Rd,98685,48.00325,-122.02962,COM,False,False,FDR-033,4331.5,active
2026-09-27T19:35:25.270736+00:00,CUST-02199,MTR-02199,913 Cedar Way,98682,45.32378,-121.1433,RES,False,False,FDR-033,940.2,active
2026-09-27T19:35:25.270736+00:00,CUST-02200,MTR-02200,8218 Cedar Rd,98977,45.50966,-122.17109,COM,True,False,FDR-033,3958.6,active
2026-09-27T19:35:25.270736+00:00,CUST-02201,MTR-02201,3656 Summit Ave,98831,47.81177,-121.01398,COM,False,False,FDR-034,4945.7,active
2026-09-27T19:35:25.270736+00:00,CUST-02202,MTR-02202,9161 Summit St,98744,47.80057,-121.4928,RES,False,False,FDR-034,821.1,active
2026-09-27T19:35:25.270736+00:00,CUST-02203,MTR-02203,5603 Alder Way,98066,48.16622,-121.03939,RES,False,False,FDR-034,538.8,active
2026-09-27T19:35:25.270736+00:00,CUST-02204,MTR-02204,4400 Alder Ave,98648,47.92159,-121.45001,RES,False,False,FDR-034,440.5,active
2026-09-27T19:35:25.270736+00:00,CUST-02205,MTR-02205,1449 Pine Ave,98690,47.97313,-121.72731,RES,False,False,FDR-034,827.0,active
2026-09-27T19:35:25.270736+00:00,CUST-02206,MTR-02206,4301 Summit St,98892,48.27098,-121.16174,COM,False,False,FDR-034,7458.7,active
2026-09-27T19:35:25.270736+00:00,CUST-02207,MTR-02207,3574 Alder Ave,98008,48.77663,-121.1642,RES,False,False,FDR-034,470.6,active
2026-09-27T19:35:25.270736+00:00,CUST-02208,MTR-02208,9676 Cedar Way,98143,45.93009,-121.66256,IND,False,False,FDR-034,19259.9,active
2026-09-27T19:35:25.270736+00:00,CUST-02209,MTR-02209,6744 Summit Rd,98490,48.79531,-121.31986,COM,False,False,FDR-034,2201.5,active
2026-09-27T19:35:25.270736+00:00,CUST-02210,MTR-02210,3651 Summit Ave,98442,46.92338,-121.15632,COM,False,False,FDR-034,5715.4,active
2026-09-27T19:35:25.270736+00:00,CUST-02211,MTR-02211,2745 Summit Rd,98176,46.48713,-122.09466,COM,False,False,FDR-034,8153.7,active
2026-09-27T19:35:25.270736+00:00,CUST-02212,MTR-02212,3290 Summit Rd,98087,46.76593,-121.58233,COM,False,False,FDR-034,2078.4,active
2026-09-27T19:35:25.270736+00:00,CUST-02213,MTR-02213,111 Summit Way,98594,45.87414,-121.09987,RES,False,False,FDR-034,881.8,active
2026-09-27T19:35:25.270736+00:00,CUST-02214,MTR-02214,7207 Harbor Rd,98389,47.12766,-122.03731,COM,False,False,FDR-034,5336.3,active
2026-09-27T19:35:25.270736+00:00,CUST-02215,MTR-02215,1286 Alder Way,98127,48.48369,-121.75677,RES,False,False,FDR-034,993.6,active
2026-09-27T19:35:25.270736+00:00,CUST-02216,MTR-02216,2378 River Way,98888,48.01055,-121.80441,IND,False,False,FDR-034,18148.7,active
2026-09-27T19:35:25.270736+00:00,CUST-02217,MTR-02217,745 Cedar Way,98792,47.11836,-122.10367,RES,False,False,FDR-034,491.3,active
2026-09-27T19:35:25.270736+00:00,CUST-02218,MTR-02218,7427 River Rd,98357,47.37249,-121.88573,RES,False,True,FDR-034,875.5,active
2026-09-27T19:35:25.270736+00:00,CUST-02219,MTR-02219,2556 Harbor St,98065,46.03849,-122.18001,COM,False,False,FDR-034,3373.2,active
2026-09-27T19:35:25.270736+00:00,CUST-02220,MTR-02220,9942 Harbor Ave,98185,45.33006,-121.86972,COM,False,False,FDR-034,8783.3,active
2026-09-27T19:35:25.270736+00:00,CUST-02221,MTR-02221,785 Cedar Rd,98654,47.37702,-121.21499,RES,False,False,FDR-034,907.2,active
2026-09-27T19:35:25.270736+00:00,CUST-02222,MTR-02222,9507 Summit Way,98244,46.14205,-121.99269,RES,False,False,FDR-034,707.9,active
2026-09-27T19:35:25.270736+00:00,CUST-02223,MTR-02223,1607 Alder Way,98312,46.23781,-122.17014,RES,False,False,FDR-034,1047.2,active
2026-09-27T19:35:25.270736+00:00,CUST-02224,MTR-02224,6332 River Rd,98807,46.52292,-121.71039,RES,False,False,FDR-034,1021.6,active
2026-09-27T19:35:25.270736+00:00,CUST-02225,MTR-02225,7130 River Rd,98362,48.58308,-121.93736,RES,False,False,FDR-034,664.2,active
2026-09-27T19:35:25.270736+00:00,CUST-02226,MTR-02226,5886 Alder Rd,98645,48.34129,-121.59199,IND,False,False,FDR-034,53526.7,active
2026-09-27T19:35:25.270736+00:00,CUST-02227,MTR-02227,580 Alder Rd,98484,45.977,-121.02564,RES,False,False,FDR-034,1063.9,active
2026-09-27T19:35:25.270736+00:00,CUST-02228,MTR-02228,9289 Pine Way,98307,47.02841,-121.46926,RES,True,False,FDR-034,595.0,active
2026-09-27T19:35:25.270736+00:00,CUST-02229,MTR-02229,5106 Harbor St,98369,48.78854,-121.37139,RES,False,False,FDR-034,1093.2,active
2026-09-27T19:35:25.270736+00:00,CUST-02230,MTR-02230,4693 Pine Ave,98580,46.1689,-121.64382,COM,False,False,FDR-034,2057.3,active
2026-09-27T19:35:25.270736+00:00,CUST-02231,MTR-02231,5758 Alder St,98247,48.49284,-121.61197,RES,False,False,FDR-034,513.5,active
2026-09-27T19:35:25.270736+00:00,CUST-02232,MTR-02232,179 Harbor Way,98023,45.69575,-121.52909,COM,False,False,FDR-034,4480.4,active
2026-09-27T19:35:25.270736+00:00,CUST-02233,MTR-02233,4438 Alder Ave,98844,46.32195,-121.7879,COM,False,False,FDR-034,2974.9,active
2026-09-27T19:35:25.270736+00:00,CUST-02234,MTR-02234,1929 Pine Ave,98672,48.19677,-121.80327,RES,False,False,FDR-034,462.9,active
2026-09-27T19:35:25.270736+00:00,CUST-02235,MTR-02235,9133 Summit Rd,98927,48.32817,-121.71867,RES,False,False,FDR-034,547.7,active
2026-09-27T19:35:25.270736+00:00,CUST-02236,MTR-02236,5835 Harbor Way,98350,47.69084,-121.57171,RES,False,False,FDR-034,796.7,active
2026-09-27T19:35:25.270736+00:00,CUST-02237,MTR-02237,5411 Cedar St,98488,48.71648,-121.24218,RES,False,False,FDR-034,1059.0,active
2026-09-27T19:35:25.270736+00:00,CUST-02238,MTR-02238,6946 Pine Rd,98190,48.18367,-121.8248,COM,False,False,FDR-034,6820.5,active
2026-09-27T19:35:25.270736+00:00,CUST-02239,MTR-02239,1523 Alder Way,98850,45.91927,-121.66929,COM,False,False,FDR-034,8983.8,active
2026-09-27T19:35:25.270736+00:00,CUST-02240,MTR-02240,2947 Summit St,98526,47.79889,-121.15661,RES,False,False,FDR-034,533.4,active
2026-09-27T19:35:25.270736+00:00,CUST-02241,MTR-02241,7045 River Ave,98085,48.02073,-121.66951,RES,False,False,FDR-034,527.8,active
2026-09-27T19:35:25.270736+00:00,CUST-02242,MTR-02242,8194 Cedar Way,98343,48.04436,-121.91815,COM,False,False,FDR-034,4352.2,active
2026-09-27T19:35:25.270736+00:00,CUST-02243,MTR-02243,6961 Summit Ave,98692,48.15742,-121.55218,RES,False,False,FDR-034,1134.1,active
2026-09-27T19:35:25.270736+00:00,CUST-02244,MTR-02244,8793 Cedar Way,98514,47.93812,-121.86352,IND,False,False,FDR-034,56389.1,active
2026-09-27T19:35:25.270736+00:00,CUST-02245,MTR-02245,4978 Harbor St,98879,46.25031,-122.0173,RES,False,False,FDR-034,516.2,active
2026-09-27T19:35:25.270736+00:00,CUST-02246,MTR-02246,7334 Summit Rd,98189,47.80047,-122.07152,COM,False,False,FDR-034,5299.7,active
2026-09-27T19:35:25.270736+00:00,CUST-02247,MTR-02247,1493 River Ave,98662,46.39245,-121.49144,COM,False,False,FDR-034,6401.0,active
2026-09-27T19:35:25.270736+00:00,CUST-02248,MTR-02248,2668 Alder Rd,98495,46.54104,-121.10158,RES,False,False,FDR-034,467.6,active
2026-09-27T19:35:25.270736+00:00,CUST-02249,MTR-02249,2172 Summit Way,98828,45.25688,-122.02351,RES,False,False,FDR-034,867.6,active
2026-09-27T19:35:25.270736+00:00,CUST-02250,MTR-02250,977 Alder Rd,98234,45.78221,-122.06615,RES,False,False,FDR-034,741.9,active
2026-09-27T19:35:25.270736+00:00,CUST-02251,MTR-02251,3668 Alder Rd,98445,47.33733,-121.90458,IND,False,False,FDR-034,29501.8,active
2026-09-27T19:35:25.270736+00:00,CUST-02252,MTR-02252,4884 Harbor St,98382,46.49235,-121.52214,IND,False,False,FDR-034,34893.2,active
2026-09-27T19:35:25.270736+00:00,CUST-02253,MTR-02253,6281 Alder Ave,98573,46.34407,-122.18758,IND,False,False,FDR-034,49925.1,active
2026-09-27T19:35:25.270736+00:00,CUST-02254,MTR-02254,5280 River Rd,98463,45.96697,-121.07184,RES,False,False,FDR-034,910.4,active
2026-09-27T19:35:25.270736+00:00,CUST-02255,MTR-02255,6786 Alder Rd,98695,48.0048,-121.87336,IND,False,False,FDR-034,24257.2,active
2026-09-27T19:35:25.270736+00:00,CUST-02256,MTR-02256,1337 Pine Ave,98457,47.75954,-122.02457,RES,False,False,FDR-034,1031.0,active
2026-09-27T19:35:25.270736+00:00,CUST-02257,MTR-02257,2716 Pine St,98100,46.32886,-121.90758,RES,False,False,FDR-034,624.7,active
2026-09-27T19:35:25.270736+00:00,CUST-02258,MTR-02258,1358 Alder Rd,98535,46.50198,-121.91674,RES,False,False,FDR-034,425.2,active
2026-09-27T19:35:25.270736+00:00,CUST-02259,MTR-02259,1508 Alder Rd,98251,46.00015,-121.19068,RES,False,False,FDR-034,590.0,active
2026-09-27T19:35:25.270736+00:00,CUST-02260,MTR-02260,856 Cedar St,98362,47.89671,-121.48899,COM,True,False,FDR-034,5402.6,active
2026-09-27T19:35:25.270736+00:00,CUST-02261,MTR-02261,4055 Harbor Way,98892,45.559,-122.13958,RES,False,False,FDR-034,779.1,active
2026-09-27T19:35:25.270736+00:00,CUST-02262,MTR-02262,6183 Cedar St,98903,47.11928,-121.47201,IND,False,False,FDR-034,15288.9,active
2026-09-27T19:35:25.270736+00:00,CUST-02263,MTR-02263,7843 Pine Rd,98352,46.15339,-121.4289,IND,False,False,FDR-034,33914.2,active
2026-09-27T19:35:25.270736+00:00,CUST-02264,MTR-02264,2005 Alder Rd,98768,45.86983,-121.68666,RES,False,False,FDR-034,462.6,active
2026-09-27T19:35:25.270736+00:00,CUST-02265,MTR-02265,7319 River Ave,98962,46.47575,-122.07214,RES,False,False,FDR-034,993.7,active
2026-09-27T19:35:25.270736+00:00,CUST-02266,MTR-02266,862 Pine Ave,98222,46.85156,-121.96528,RES,False,False,FDR-035,1076.9,active
2026-09-27T19:35:25.270736+00:00,CUST-02267,MTR-02267,6346 Pine Rd,98434,48.63931,-121.39934,COM,False,False,FDR-035,4113.5,active
2026-09-27T19:35:25.270736+00:00,CUST-02268,MTR-02268,4985 Pine St,98383,48.62514,-122.06746,RES,True,False,FDR-035,1044.4,active
2026-09-27T19:35:25.270736+00:00,CUST-02269,MTR-02269,4391 Summit St,98861,47.36348,-121.01158,RES,False,False,FDR-035,989.7,active
2026-09-27T19:35:25.270736+00:00,CUST-02270,MTR-02270,6283 River Ave,98003,48.71705,-121.735,RES,False,False,FDR-035,808.4,active
2026-09-27T19:35:25.270736+00:00,CUST-02271,MTR-02271,1390 Harbor Ave,98764,47.65848,-121.09536,RES,False,False,FDR-035,582.3,active
2026-09-27T19:35:25.270736+00:00,CUST-02272,MTR-02272,5503 River Ave,98286,48.61294,-122.06366,RES,False,False,FDR-035,915.1,active
2026-09-27T19:35:25.270736+00:00,CUST-02273,MTR-02273,2890 Pine Ave,98287,46.55763,-121.07603,RES,False,False,FDR-035,516.1,active
2026-09-27T19:35:25.270736+00:00,CUST-02274,MTR-02274,975 Summit Way,98693,45.51502,-122.06294,RES,False,False,FDR-035,957.2,active
2026-09-27T19:35:25.270736+00:00,CUST-02275,MTR-02275,9629 River Rd,98639,48.21144,-121.57523,RES,False,False,FDR-035,601.6,active
2026-09-27T19:35:25.270736+00:00,CUST-02276,MTR-02276,5600 Summit Way,98529,48.3257,-122.07225,COM,False,False,FDR-035,3954.1,active
2026-09-27T19:35:25.270736+00:00,CUST-02277,MTR-02277,3561 Alder Way,98416,47.58647,-121.00612,COM,False,False,FDR-035,2065.9,active
2026-09-27T19:35:25.270736+00:00,CUST-02278,MTR-02278,5873 Summit Ave,98762,45.92042,-122.08706,IND,False,False,FDR-035,31493.6,active
2026-09-27T19:35:25.270736+00:00,CUST-02279,MTR-02279,1552 River Ave,98538,47.34806,-121.46944,IND,False,False,FDR-035,37820.2,active
2026-09-27T19:35:25.270736+00:00,CUST-02280,MTR-02280,875 Cedar Ave,98658,47.29074,-121.4977,IND,False,False,FDR-035,22501.0,active
2026-09-27T19:35:25.270736+00:00,CUST-02281,MTR-02281,1982 Summit Ave,98821,45.4767,-121.01067,IND,False,True,FDR-035,46302.3,active
2026-09-27T19:35:25.270736+00:00,CUST-02282,MTR-02282,9576 Cedar St,98317,48.08839,-121.90951,COM,False,False,FDR-035,8026.9,active
2026-09-27T19:35:25.270736+00:00,CUST-02283,MTR-02283,5554 River Ave,98349,46.9144,-122.00399,COM,False,False,FDR-035,4071.0,active
2026-09-27T19:35:25.270736+00:00,CUST-02284,MTR-02284,2609 Summit Way,98750,48.32327,-121.3839,COM,False,False,FDR-035,5837.1,active
2026-09-27T19:35:25.270736+00:00,CUST-02285,MTR-02285,1242 River Ave,98330,48.47879,-121.26737,RES,False,False,FDR-035,1113.6,active
2026-09-27T19:35:25.270736+00:00,CUST-02286,MTR-02286,6997 Pine St,98838,47.86059,-121.02225,COM,False,False,FDR-035,3778.4,active
2026-09-27T19:35:25.270736+00:00,CUST-02287,MTR-02287,4378 Harbor Way,98100,46.66094,-122.15521,COM,False,False,FDR-035,4766.2,active
2026-09-27T19:35:25.270736+00:00,CUST-02288,MTR-02288,4070 Cedar Rd,98612,46.10608,-121.91949,IND,False,False,FDR-035,17372.5,active
2026-09-27T19:35:25.270736+00:00,CUST-02289,MTR-02289,6036 River Rd,98138,47.99061,-121.45389,RES,False,False,FDR-035,920.5,active
2026-09-27T19:35:25.270736+00:00,CUST-02290,MTR-02290,8020 Alder Ave,98336,47.22465,-121.30089,COM,False,False,FDR-035,3230.9,active
2026-09-27T19:35:25.270736+00:00,CUST-02291,MTR-02291,7808 Pine Rd,98463,46.70673,-121.59013,COM,False,False,FDR-035,3443.4,active
2026-09-27T19:35:25.270736+00:00,CUST-02292,MTR-02292,5107 Pine Ave,98661,46.92376,-121.92836,RES,False,False,FDR-035,635.0,active
2026-09-27T19:35:25.270736+00:00,CUST-02293,MTR-02293,1104 Summit Ave,98189,45.53861,-121.45992,RES,False,False,FDR-035,1103.6,active
2026-09-27T19:35:25.270736+00:00,CUST-02294,MTR-02294,4498 Pine Way,98779,48.44643,-122.08703,COM,False,False,FDR-035,6541.7,active
2026-09-27T19:35:25.270736+00:00,CUST-02295,MTR-02295,6126 Cedar Way,98449,47.60985,-121.39822,COM,False,False,FDR-035,3956.6,active
2026-09-27T19:35:25.270736+00:00,CUST-02296,MTR-02296,6924 Harbor St,98627,45.5271,-121.39803,RES,False,False,FDR-035,811.8,active
2026-09-27T19:35:25.270736+00:00,CUST-02297,MTR-02297,7758 Cedar Way,98318,46.98197,-121.96911,IND,False,False,FDR-035,55376.5,active
2026-09-27T19:35:25.270736+00:00,CUST-02298,MTR-02298,3034 Summit St,98683,46.36924,-122.08799,IND,False,False,FDR-035,55918.4,active
2026-09-27T19:35:25.270736+00:00,CUST-02299,MTR-02299,2974 Cedar Ave,98247,45.91868,-121.74,IND,False,False,FDR-035,41005.8,active
2026-09-27T19:35:25.270736+00:00,CUST-02300,MTR-02300,5784 Pine Ave,98550,47.29911,-121.07615,RES,False,False,FDR-035,738.7,active
2026-09-27T19:35:25.270736+00:00,CUST-02301,MTR-02301,366 River Ave,98802,48.20515,-121.44986,RES,False,False,FDR-035,833.4,active
2026-09-27T19:35:25.270736+00:00,CUST-02302,MTR-02302,3177 Harbor Rd,98195,47.47133,-122.02144,IND,False,False,FDR-035,22995.4,active
2026-09-27T19:35:25.270736+00:00,CUST-02303,MTR-02303,8731 Summit Rd,98924,47.13967,-121.92391,RES,False,False,FDR-035,590.5,active
2026-09-27T19:35:25.270736+00:00,CUST-02304,MTR-02304,9308 Pine Rd,98966,46.76477,-121.22995,COM,False,False,FDR-035,3230.1,active
2026-09-27T19:35:25.270736+00:00,CUST-02305,MTR-02305,5791 Pine Way,98623,46.43669,-121.66028,COM,False,False,FDR-035,7748.3,active
2026-09-27T19:35:25.270736+00:00,CUST-02306,MTR-02306,7013 Harbor Way,98214,48.2367,-121.16125,RES,False,False,FDR-035,599.0,active
2026-09-27T19:35:25.270736+00:00,CUST-02307,MTR-02307,3399 Cedar St,98780,46.89317,-121.80624,RES,False,False,FDR-035,606.9,active
2026-09-27T19:35:25.270736+00:00,CUST-02308,MTR-02308,6685 Alder Rd,98528,45.69095,-121.58961,COM,False,False,FDR-035,8541.9,active
2026-09-27T19:35:25.270736+00:00,CUST-02309,MTR-02309,464 Summit St,98087,47.40065,-121.89014,RES,False,False,FDR-035,413.1,active
2026-09-27T19:35:25.270736+00:00,CUST-02310,MTR-02310,7440 Cedar Way,98401,45.49533,-122.16842,IND,False,False,FDR-035,26731.9,active
2026-09-27T19:35:25.270736+00:00,CUST-02311,MTR-02311,427 Alder St,98393,47.82042,-122.19994,RES,False,False,FDR-035,671.0,active
2026-09-27T19:35:25.270736+00:00,CUST-02312,MTR-02312,6128 River Rd,98589,48.39255,-121.38029,RES,False,False,FDR-035,563.5,active
2026-09-27T19:35:25.270736+00:00,CUST-02313,MTR-02313,6800 Summit Ave,98496,48.7719,-121.86611,COM,False,False,FDR-035,2116.5,active
2026-09-27T19:35:25.270736+00:00,CUST-02314,MTR-02314,7827 Alder Ave,98921,47.76296,-121.11856,RES,False,False,FDR-035,1121.0,active
2026-09-27T19:35:25.270736+00:00,CUST-02315,MTR-02315,4043 River Way,98892,48.65228,-121.18662,RES,False,False,FDR-035,664.4,active
2026-09-27T19:35:25.270736+00:00,CUST-02316,MTR-02316,6838 Pine Way,98586,45.82075,-121.74833,COM,False,False,FDR-035,5599.1,active
2026-09-27T19:35:25.270736+00:00,CUST-02317,MTR-02317,410 Alder St,98022,47.21344,-122.13788,RES,False,False,FDR-035,708.3,active
2026-09-27T19:35:25.270736+00:00,CUST-02318,MTR-02318,3514 Cedar Way,98658,46.78139,-121.50627,IND,False,False,FDR-035,51293.1,active
2026-09-27T19:35:25.270736+00:00,CUST-02319,MTR-02319,899 Pine Rd,98335,48.32562,-121.35026,COM,False,False,FDR-035,5669.3,active
2026-09-27T19:35:25.270736+00:00,CUST-02320,MTR-02320,4329 Summit Rd,98765,47.89049,-121.94124,RES,False,False,FDR-035,643.2,active
2026-09-27T19:35:25.270736+00:00,CUST-02321,MTR-02321,7008 Cedar Rd,98731,47.13398,-121.39088,COM,False,False,FDR-035,3556.5,active
2026-09-27T19:35:25.270736+00:00,CUST-02322,MTR-02322,7652 Summit Rd,98177,48.37806,-121.19416,IND,False,False,FDR-035,53987.4,active
2026-09-27T19:35:25.270736+00:00,CUST-02323,MTR-02323,9181 River Rd,98833,46.08201,-121.7291,COM,False,False,FDR-035,6876.3,active
2026-09-27T19:35:25.270736+00:00,CUST-02324,MTR-02324,4773 River Way,98141,47.98418,-121.7508,RES,False,False,FDR-035,618.1,active
2026-09-27T19:35:25.270736+00:00,CUST-02325,MTR-02325,4032 Summit Rd,98476,47.89966,-121.25535,COM,False,False,FDR-035,8084.5,active
2026-09-27T19:35:25.270736+00:00,CUST-02326,MTR-02326,1419 Harbor Rd,98359,46.1545,-122.01964,RES,False,False,FDR-035,1166.6,active
2026-09-27T19:35:25.270736+00:00,CUST-02327,MTR-02327,1053 Cedar St,98584,47.91577,-121.28016,RES,False,False,FDR-035,921.4,active
2026-09-27T19:35:25.270736+00:00,CUST-02328,MTR-02328,4415 Harbor Ave,98537,46.67255,-121.72189,IND,False,False,FDR-035,48518.9,active
2026-09-27T19:35:25.270736+00:00,CUST-02329,MTR-02329,6843 Summit St,98646,46.51565,-121.78965,IND,False,False,FDR-035,45457.5,active
2026-09-27T19:35:25.270736+00:00,CUST-02330,MTR-02330,1389 Cedar St,98753,45.24852,-121.05043,COM,False,False,FDR-035,2202.3,active
2026-09-27T19:35:25.270736+00:00,CUST-02331,MTR-02331,9895 River Rd,98853,47.91247,-121.76599,RES,False,False,FDR-035,737.1,active
2026-09-27T19:35:25.270736+00:00,CUST-02332,MTR-02332,4633 Summit Rd,98078,45.56649,-121.13592,RES,False,False,FDR-035,801.9,active
2026-09-27T19:35:25.270736+00:00,CUST-02333,MTR-02333,100 Harbor Rd,98750,46.73018,-122.08839,RES,False,False,FDR-035,914.3,active
2026-09-27T19:35:25.270736+00:00,CUST-02334,MTR-02334,6209 Alder Ave,98377,48.2906,-121.19933,COM,False,False,FDR-035,3030.8,active
2026-09-27T19:35:25.270736+00:00,CUST-02335,MTR-02335,3912 Alder Ave,98003,46.54974,-121.5679,RES,False,False,FDR-035,895.1,active
2026-09-27T19:35:25.270736+00:00,CUST-02336,MTR-02336,4064 River Rd,98178,46.98697,-121.11008,COM,False,False,FDR-036,4208.8,active
2026-09-27T19:35:25.270736+00:00,CUST-02337,MTR-02337,5138 Summit Ave,98218,45.44204,-121.1492,RES,False,False,FDR-036,825.5,active
2026-09-27T19:35:25.270736+00:00,CUST-02338,MTR-02338,5055 Pine St,98192,46.83362,-121.31122,COM,False,False,FDR-036,3828.1,active
2026-09-27T19:35:25.270736+00:00,CUST-02339,MTR-02339,8366 Summit Ave,98858,45.26007,-121.12337,RES,False,False,FDR-036,1099.0,active
2026-09-27T19:35:25.270736+00:00,CUST-02340,MTR-02340,8241 Summit Way,98097,47.89179,-121.36038,RES,False,False,FDR-036,1087.5,active
2026-09-27T19:35:25.270736+00:00,CUST-02341,MTR-02341,3304 Harbor Rd,98790,46.51929,-121.59342,RES,False,False,FDR-036,550.3,active
2026-09-27T19:35:25.270736+00:00,CUST-02342,MTR-02342,2048 Summit Way,98351,45.95613,-121.4536,RES,False,False,FDR-036,821.8,active
2026-09-27T19:35:25.270736+00:00,CUST-02343,MTR-02343,2898 River Rd,98338,47.27841,-121.83569,COM,False,False,FDR-036,7555.6,active
2026-09-27T19:35:25.270736+00:00,CUST-02344,MTR-02344,8915 Pine St,98601,48.7028,-122.06728,RES,False,False,FDR-036,768.6,active
2026-09-27T19:35:25.270736+00:00,CUST-02345,MTR-02345,3312 River St,98838,47.25898,-121.54272,RES,False,False,FDR-036,973.2,active
2026-09-27T19:35:25.270736+00:00,CUST-02346,MTR-02346,6161 River Rd,98762,45.65769,-121.47196,RES,False,False,FDR-036,1053.1,active
2026-09-27T19:35:25.270736+00:00,CUST-02347,MTR-02347,2635 Summit Ave,98302,45.38728,-121.49485,IND,False,False,FDR-036,38175.5,active
2026-09-27T19:35:25.270736+00:00,CUST-02348,MTR-02348,3307 Cedar St,98328,46.64568,-121.96403,RES,False,False,FDR-036,467.1,active
2026-09-27T19:35:25.270736+00:00,CUST-02349,MTR-02349,877 River Rd,98369,46.30632,-122.18768,RES,False,False,FDR-036,752.8,active
2026-09-27T19:35:25.270736+00:00,CUST-02350,MTR-02350,5104 Harbor Way,98122,46.3263,-121.65206,COM,False,False,FDR-036,6955.4,active
2026-09-27T19:35:25.270736+00:00,CUST-02351,MTR-02351,4472 Harbor Ave,98056,47.35149,-122.08206,IND,False,False,FDR-036,55717.8,active
2026-09-27T19:35:25.270736+00:00,CUST-02352,MTR-02352,6365 Alder Rd,98706,47.42525,-121.31951,RES,False,False,FDR-036,482.4,active
2026-09-27T19:35:25.270736+00:00,CUST-02353,MTR-02353,4196 Pine St,98414,47.91352,-121.19176,COM,False,False,FDR-036,5685.1,active
2026-09-27T19:35:25.270736+00:00,CUST-02354,MTR-02354,6688 Pine Rd,98855,48.5302,-122.01767,COM,False,False,FDR-036,7673.9,active
2026-09-27T19:35:25.270736+00:00,CUST-02355,MTR-02355,1514 Alder St,98011,45.72564,-121.56511,COM,False,False,FDR-036,5476.0,active
2026-09-27T19:35:25.270736+00:00,CUST-02356,MTR-02356,2273 River Rd,98050,48.07875,-121.43998,RES,False,False,FDR-036,1149.6,active
2026-09-27T19:35:25.270736+00:00,CUST-02357,MTR-02357,8182 Alder Ave,98260,45.36786,-121.42553,COM,False,False,FDR-036,7917.0,active
2026-09-27T19:35:25.270736+00:00,CUST-02358,MTR-02358,832 Harbor St,98723,45.63955,-121.46793,IND,False,False,FDR-036,55543.5,active
2026-09-27T19:35:25.270736+00:00,CUST-02359,MTR-02359,3080 Harbor St,98428,46.63796,-121.23278,RES,False,False,FDR-036,435.1,active
2026-09-27T19:35:25.270736+00:00,CUST-02360,MTR-02360,5688 Cedar St,98263,46.91758,-121.65861,IND,False,False,FDR-036,42314.4,active
2026-09-27T19:35:25.270736+00:00,CUST-02361,MTR-02361,677 Cedar Rd,98337,47.82324,-121.59393,IND,False,False,FDR-036,26681.3,active
2026-09-27T19:35:25.270736+00:00,CUST-02362,MTR-02362,6340 Harbor Rd,98713,45.68433,-121.58221,COM,False,False,FDR-036,5560.6,active
2026-09-27T19:35:25.270736+00:00,CUST-02363,MTR-02363,2361 River St,98905,45.94161,-121.4092,COM,False,False,FDR-036,6530.1,active
2026-09-27T19:35:25.270736+00:00,CUST-02364,MTR-02364,4639 Alder Rd,98924,48.32529,-121.53278,RES,False,False,FDR-036,407.3,active
2026-09-27T19:35:25.270736+00:00,CUST-02365,MTR-02365,8636 River Way,98747,45.97155,-122.17999,RES,False,False,FDR-036,663.4,active
2026-09-27T19:35:25.270736+00:00,CUST-02366,MTR-02366,9330 Alder St,98980,47.25034,-121.83035,RES,False,False,FDR-036,871.3,active
2026-09-27T19:35:25.270736+00:00,CUST-02367,MTR-02367,3623 Alder St,98839,47.21886,-121.49377,RES,False,False,FDR-036,1106.2,active
2026-09-27T19:35:25.270736+00:00,CUST-02368,MTR-02368,8571 Summit Rd,98854,47.56703,-121.72739,COM,False,False,FDR-036,5896.2,active
2026-09-27T19:35:25.270736+00:00,CUST-02369,MTR-02369,3140 Pine Ave,98734,45.7373,-121.1309,IND,False,False,FDR-036,44809.2,active
2026-09-27T19:35:25.270736+00:00,CUST-02370,MTR-02370,8455 River Way,98437,45.59882,-121.938,COM,False,False,FDR-036,3467.7,active
2026-09-27T19:35:25.270736+00:00,CUST-02371,MTR-02371,6640 Harbor Way,98820,48.19449,-121.61805,COM,False,False,FDR-036,5466.5,active
2026-09-27T19:35:25.270736+00:00,CUST-02372,MTR-02372,3885 Harbor Ave,98083,47.84264,-121.51056,COM,False,False,FDR-036,5324.6,active
2026-09-27T19:35:25.270736+00:00,CUST-02373,MTR-02373,8104 Harbor Rd,98988,48.03425,-121.8043,RES,False,False,FDR-036,902.8,active
2026-09-27T19:35:25.270736+00:00,CUST-02374,MTR-02374,2663 Summit Rd,98330,47.74071,-121.85064,RES,False,False,FDR-036,821.3,active
2026-09-27T19:35:25.270736+00:00,CUST-02375,MTR-02375,6756 Harbor Way,98073,45.62414,-121.45948,IND,False,False,FDR-036,25080.9,active
2026-09-27T19:35:25.270736+00:00,CUST-02376,MTR-02376,230 Cedar Ave,98359,46.31845,-122.06609,IND,False,False,FDR-036,34204.6,active
2026-09-27T19:35:25.270736+00:00,CUST-02377,MTR-02377,5462 River Rd,98667,48.20625,-121.7248,COM,False,False,FDR-036,2263.5,active
2026-09-27T19:35:25.270736+00:00,CUST-02378,MTR-02378,9933 Pine Rd,98390,45.7205,-121.57081,COM,False,False,FDR-036,7543.2,active
2026-09-27T19:35:25.270736+00:00,CUST-02379,MTR-02379,8392 Cedar Way,98008,47.07164,-121.89515,RES,False,False,FDR-036,923.9,active
2026-09-27T19:35:25.270736+00:00,CUST-02380,MTR-02380,4065 Harbor Rd,98409,47.19278,-122.11361,IND,False,False,FDR-036,34738.5,active
2026-09-27T19:35:25.270736+00:00,CUST-02381,MTR-02381,6538 Cedar Rd,98496,46.37467,-121.87292,COM,False,False,FDR-036,4415.4,active
2026-09-27T19:35:25.270736+00:00,CUST-02382,MTR-02382,3478 Summit Way,98639,48.76603,-121.44041,IND,False,False,FDR-036,43310.7,active
2026-09-27T19:35:25.270736+00:00,CUST-02383,MTR-02383,2615 River Way,98755,45.75137,-121.56314,COM,False,False,FDR-036,4861.4,active
2026-09-27T19:35:25.270736+00:00,CUST-02384,MTR-02384,3663 River Ave,98881,48.37247,-121.7711,RES,False,False,FDR-036,656.8,active
2026-09-27T19:35:25.270736+00:00,CUST-02385,MTR-02385,4356 Pine Way,98407,48.34911,-121.54117,RES,False,False,FDR-036,471.5,active
2026-09-27T19:35:25.270736+00:00,CUST-02386,MTR-02386,7972 Harbor St,98682,47.8942,-122.19697,RES,False,False,FDR-036,848.9,active
2026-09-27T19:35:25.270736+00:00,CUST-02387,MTR-02387,2609 River Way,98306,48.57737,-121.47142,IND,False,False,FDR-036,31664.6,active
2026-09-27T19:35:25.270736+00:00,CUST-02388,MTR-02388,3013 River Ave,98529,45.79476,-121.95279,RES,False,False,FDR-036,480.2,active
2026-09-27T19:35:25.270736+00:00,CUST-02389,MTR-02389,701 Summit St,98370,46.91313,-121.67203,IND,False,False,FDR-036,29365.8,active
2026-09-27T19:35:25.270736+00:00,CUST-02390,MTR-02390,7176 River Rd,98673,47.53511,-121.34996,RES,False,False,FDR-036,910.9,active
2026-09-27T19:35:25.270736+00:00,CUST-02391,MTR-02391,980 Summit Rd,98969,48.08253,-121.99033,RES,False,False,FDR-036,512.7,active
2026-09-27T19:35:25.270736+00:00,CUST-02392,MTR-02392,882 Cedar St,98972,46.44479,-121.76807,COM,False,False,FDR-036,2874.9,active
2026-09-27T19:35:25.270736+00:00,CUST-02393,MTR-02393,4399 Alder Rd,98136,48.29171,-121.2802,RES,False,False,FDR-036,891.6,active
2026-09-27T19:35:25.270736+00:00,CUST-02394,MTR-02394,8092 Harbor St,98402,48.66293,-121.79588,RES,False,False,FDR-036,603.6,active
2026-09-27T19:35:25.270736+00:00,CUST-02395,MTR-02395,6108 Harbor Way,98565,46.88333,-121.45651,COM,False,False,FDR-036,3664.5,active
2026-09-27T19:35:25.270736+00:00,CUST-02396,MTR-02396,8092 Harbor St,98669,47.29546,-121.03844,RES,False,False,FDR-036,675.2,active
2026-09-27T19:35:25.270736+00:00,CUST-02397,MTR-02397,3268 Summit Ave,98244,48.43253,-121.56292,RES,False,False,FDR-036,1127.3,active
2026-09-27T19:35:25.270736+00:00,CUST-02398,MTR-02398,6660 River Rd,98648,48.66439,-121.83766,RES,False,False,FDR-036,401.5,active
2026-09-27T19:35:25.270736+00:00,CUST-02399,MTR-02399,4865 Cedar Way,98730,46.97372,-121.49216,COM,False,False,FDR-036,7646.5,active
2026-09-27T19:35:25.270736+00:00,CUST-02400,MTR-02400,707 Cedar Rd,98026,47.06553,-121.9399,RES,False,False,FDR-036,1151.1,active
