meter_id,feeder_id,substation_id,region_id,feeder_capacity_mva,substation_voltage_kv,rate_class,critical_facility
MTR-00001,FDR-001,SUB-01,REG-COASTAL,33.3,115.0,RES,False
MTR-00002,FDR-001,SUB-01,REG-COASTAL,33.3,115.0,COM,False
MTR-00003,FDR-001,SUB-01,REG-COASTAL,33.3,115.0,RES,False
MTR-00004,FDR-001,SUB-01,REG-COASTAL,33.3,115.0,COM,False
MTR-00005,FDR-001,SUB-01,REG-COASTAL,33.3,115.0,COM,False
MTR-00006,FDR-001,SUB-01,REG-COASTAL,33.3,115.0,RES,False
MTR-00007,FDR-001,SUB-01,REG-COASTAL,33.3,115.0,COM,False
MTR-00008,FDR-001,SUB-01,REG-COASTAL,33.3,115.0,IND,False
MTR-00009,FDR-001,SUB-01,REG-COASTAL,33.3,115.0,IND,False
MTR-00010,FDR-001,SUB-01,REG-COASTAL,33.3,115.0,IND,False
MTR-00011,FDR-001,SUB-01,REG-COASTAL,33.3,115.0,COM,False
MTR-00012,FDR-001,SUB-01,REG-COASTAL,33.3,115.0,COM,False
MTR-00013,FDR-001,SUB-01,REG-COASTAL,33.3,115.0,COM,False
MTR-00014,FDR-001,SUB-01,REG-COASTAL,33.3,115.0,RES,False
MTR-00015,FDR-001,SUB-01,REG-COASTAL,33.3,115.0,RES,True
MTR-00016,FDR-001,SUB-01,REG-COASTAL,33.3,115.0,IND,True
MTR-00017,FDR-001,SUB-01,REG-COASTAL,33.3,115.0,RES,False
MTR-00018,FDR-001,SUB-01,REG-COASTAL,33.3,115.0,COM,False
MTR-00019,FDR-001,SUB-01,REG-COASTAL,33.3,115.0,COM,False
MTR-00020,FDR-001,SUB-01,REG-COASTAL,33.3,115.0,COM,False
MTR-00021,FDR-001,SUB-01,REG-COASTAL,33.3,115.0,RES,False
MTR-00022,FDR-001,SUB-01,REG-COASTAL,33.3,115.0,RES,False
MTR-00023,FDR-001,SUB-01,REG-COASTAL,33.3,115.0,RES,False
MTR-00024,FDR-001,SUB-01,REG-COASTAL,33.3,115.0,IND,False
MTR-00025,FDR-001,SUB-01,REG-COASTAL,33.3,115.0,RES,False
MTR-00026,FDR-001,SUB-01,REG-COASTAL,33.3,115.0,RES,False
MTR-00027,FDR-001,SUB-01,REG-COASTAL,33.3,115.0,COM,False
MTR-00028,FDR-001,SUB-01,REG-COASTAL,33.3,115.0,RES,False
MTR-00029,FDR-001,SUB-01,REG-COASTAL,33.3,115.0,IND,False
MTR-00030,FDR-001,SUB-01,REG-COASTAL,33.3,115.0,RES,False
MTR-00031,FDR-001,SUB-01,REG-COASTAL,33.3,115.0,COM,False
MTR-00032,FDR-001,SUB-01,REG-COASTAL,33.3,115.0,RES,False
MTR-00033,FDR-001,SUB-01,REG-COASTAL,33.3,115.0,COM,False
MTR-00034,FDR-001,SUB-01,REG-COASTAL,33.3,115.0,RES,False
MTR-00035,FDR-001,SUB-01,REG-COASTAL,33.3,115.0,RES,False
MTR-00036,FDR-001,SUB-01,REG-COASTAL,33.3,115.0,COM,False
MTR-00037,FDR-001,SUB-01,REG-COASTAL,33.3,115.0,RES,False
MTR-00038,FDR-001,SUB-01,REG-COASTAL,33.3,115.0,RES,False
MTR-00039,FDR-001,SUB-01,REG-COASTAL,33.3,115.0,RES,False
MTR-00040,FDR-001,SUB-01,REG-COASTAL,33.3,115.0,RES,False
MTR-00041,FDR-001,SUB-01,REG-COASTAL,33.3,115.0,IND,False
MTR-00042,FDR-001,SUB-01,REG-COASTAL,33.3,115.0,IND,False
MTR-00043,FDR-001,SUB-01,REG-COASTAL,33.3,115.0,IND,False
MTR-00044,FDR-001,SUB-01,REG-COASTAL,33.3,115.0,COM,False
MTR-00045,FDR-001,SUB-01,REG-COASTAL,33.3,115.0,RES,False
MTR-00046,FDR-001,SUB-01,REG-COASTAL,33.3,115.0,RES,False
MTR-00047,FDR-001,SUB-01,REG-COASTAL,33.3,115.0,RES,False
MTR-00048,FDR-001,SUB-01,REG-COASTAL,33.3,115.0,RES,False
MTR-00049,FDR-001,SUB-01,REG-COASTAL,33.3,115.0,COM,False
MTR-00050,FDR-001,SUB-01,REG-COASTAL,33.3,115.0,RES,False
MTR-00051,FDR-001,SUB-01,REG-COASTAL,33.3,115.0,COM,False
MTR-00052,FDR-001,SUB-01,REG-COASTAL,33.3,115.0,RES,False
MTR-00053,FDR-001,SUB-01,REG-COASTAL,33.3,115.0,RES,False
MTR-00054,FDR-001,SUB-01,REG-COASTAL,33.3,115.0,RES,False
MTR-00055,FDR-001,SUB-01,REG-COASTAL,33.3,115.0,COM,False
MTR-00056,FDR-001,SUB-01,REG-COASTAL,33.3,115.0,RES,False
MTR-00057,FDR-001,SUB-01,REG-COASTAL,33.3,115.0,IND,False
MTR-00058,FDR-001,SUB-01,REG-COASTAL,33.3,115.0,RES,False
MTR-00059,FDR-001,SUB-01,REG-COASTAL,33.3,115.0,RES,False
MTR-00060,FDR-001,SUB-01,REG-COASTAL,33.3,115.0,RES,False
MTR-00061,FDR-001,SUB-01,REG-COASTAL,33.3,115.0,COM,False
MTR-00062,FDR-001,SUB-01,REG-COASTAL,33.3,115.0,COM,False
MTR-00063,FDR-001,SUB-01,REG-COASTAL,33.3,115.0,RES,False
MTR-00064,FDR-001,SUB-01,REG-COASTAL,33.3,115.0,COM,False
MTR-00065,FDR-001,SUB-01,REG-COASTAL,33.3,115.0,RES,False
MTR-00066,FDR-002,SUB-01,REG-COASTAL,19.5,115.0,COM,False
MTR-00067,FDR-002,SUB-01,REG-COASTAL,19.5,115.0,RES,False
MTR-00068,FDR-002,SUB-01,REG-COASTAL,19.5,115.0,RES,False
MTR-00069,FDR-002,SUB-01,REG-COASTAL,19.5,115.0,COM,False
MTR-00070,FDR-002,SUB-01,REG-COASTAL,19.5,115.0,RES,False
MTR-00071,FDR-002,SUB-01,REG-COASTAL,19.5,115.0,RES,False
MTR-00072,FDR-002,SUB-01,REG-COASTAL,19.5,115.0,COM,False
MTR-00073,FDR-002,SUB-01,REG-COASTAL,19.5,115.0,COM,False
MTR-00074,FDR-002,SUB-01,REG-COASTAL,19.5,115.0,COM,False
MTR-00075,FDR-002,SUB-01,REG-COASTAL,19.5,115.0,RES,False
MTR-00076,FDR-002,SUB-01,REG-COASTAL,19.5,115.0,RES,False
MTR-00077,FDR-002,SUB-01,REG-COASTAL,19.5,115.0,RES,False
MTR-00078,FDR-002,SUB-01,REG-COASTAL,19.5,115.0,COM,False
MTR-00079,FDR-002,SUB-01,REG-COASTAL,19.5,115.0,RES,False
MTR-00080,FDR-002,SUB-01,REG-COASTAL,19.5,115.0,IND,False
MTR-00081,FDR-002,SUB-01,REG-COASTAL,19.5,115.0,RES,False
MTR-00082,FDR-002,SUB-01,REG-COASTAL,19.5,115.0,COM,False
MTR-00083,FDR-002,SUB-01,REG-COASTAL,19.5,115.0,RES,False
MTR-00084,FDR-002,SUB-01,REG-COASTAL,19.5,115.0,RES,False
MTR-00085,FDR-002,SUB-01,REG-COASTAL,19.5,115.0,RES,False
MTR-00086,FDR-002,SUB-01,REG-COASTAL,19.5,115.0,RES,False
MTR-00087,FDR-002,SUB-01,REG-COASTAL,19.5,115.0,COM,True
MTR-00088,FDR-002,SUB-01,REG-COASTAL,19.5,115.0,RES,False
MTR-00089,FDR-002,SUB-01,REG-COASTAL,19.5,115.0,COM,False
MTR-00090,FDR-002,SUB-01,REG-COASTAL,19.5,115.0,COM,False
MTR-00091,FDR-002,SUB-01,REG-COASTAL,19.5,115.0,IND,False
MTR-00092,FDR-002,SUB-01,REG-COASTAL,19.5,115.0,COM,False
MTR-00093,FDR-002,SUB-01,REG-COASTAL,19.5,115.0,RES,False
MTR-00094,FDR-002,SUB-01,REG-COASTAL,19.5,115.0,RES,False
MTR-00095,FDR-002,SUB-01,REG-COASTAL,19.5,115.0,RES,False
MTR-00096,FDR-002,SUB-01,REG-COASTAL,19.5,115.0,RES,False
MTR-00097,FDR-002,SUB-01,REG-COASTAL,19.5,115.0,RES,False
MTR-00098,FDR-002,SUB-01,REG-COASTAL,19.5,115.0,COM,False
MTR-00099,FDR-002,SUB-01,REG-COASTAL,19.5,115.0,RES,False
MTR-00100,FDR-002,SUB-01,REG-COASTAL,19.5,115.0,RES,False
MTR-00101,FDR-002,SUB-01,REG-COASTAL,19.5,115.0,RES,False
MTR-00102,FDR-002,SUB-01,REG-COASTAL,19.5,115.0,RES,False
MTR-00103,FDR-002,SUB-01,REG-COASTAL,19.5,115.0,RES,False
MTR-00104,FDR-002,SUB-01,REG-COASTAL,19.5,115.0,RES,False
MTR-00105,FDR-002,SUB-01,REG-COASTAL,19.5,115.0,RES,False
MTR-00106,FDR-002,SUB-01,REG-COASTAL,19.5,115.0,RES,False
MTR-00107,FDR-002,SUB-01,REG-COASTAL,19.5,115.0,COM,False
MTR-00108,FDR-002,SUB-01,REG-COASTAL,19.5,115.0,COM,False
MTR-00109,FDR-002,SUB-01,REG-COASTAL,19.5,115.0,COM,False
MTR-00110,FDR-002,SUB-01,REG-COASTAL,19.5,115.0,COM,False
MTR-00111,FDR-002,SUB-01,REG-COASTAL,19.5,115.0,RES,False
MTR-00112,FDR-002,SUB-01,REG-COASTAL,19.5,115.0,IND,False
MTR-00113,FDR-002,SUB-01,REG-COASTAL,19.5,115.0,RES,False
MTR-00114,FDR-002,SUB-01,REG-COASTAL,19.5,115.0,COM,True
MTR-00115,FDR-002,SUB-01,REG-COASTAL,19.5,115.0,COM,False
MTR-00116,FDR-002,SUB-01,REG-COASTAL,19.5,115.0,RES,False
MTR-00117,FDR-002,SUB-01,REG-COASTAL,19.5,115.0,RES,False
MTR-00118,FDR-002,SUB-01,REG-COASTAL,19.5,115.0,RES,False
MTR-00119,FDR-002,SUB-01,REG-COASTAL,19.5,115.0,COM,False
MTR-00120,FDR-002,SUB-01,REG-COASTAL,19.5,115.0,RES,False
MTR-00121,FDR-002,SUB-01,REG-COASTAL,19.5,115.0,RES,False
MTR-00122,FDR-002,SUB-01,REG-COASTAL,19.5,115.0,RES,False
MTR-00123,FDR-002,SUB-01,REG-COASTAL,19.5,115.0,RES,False
MTR-00124,FDR-002,SUB-01,REG-COASTAL,19.5,115.0,RES,False
MTR-00125,FDR-002,SUB-01,REG-COASTAL,19.5,115.0,RES,False
MTR-00126,FDR-002,SUB-01,REG-COASTAL,19.5,115.0,RES,False
MTR-00127,FDR-002,SUB-01,REG-COASTAL,19.5,115.0,COM,False
MTR-00128,FDR-002,SUB-01,REG-COASTAL,19.5,115.0,RES,False
MTR-00129,FDR-002,SUB-01,REG-COASTAL,19.5,115.0,IND,False
MTR-00130,FDR-002,SUB-01,REG-COASTAL,19.5,115.0,COM,False
MTR-00131,FDR-003,SUB-01,REG-COASTAL,30.9,115.0,RES,False
MTR-00132,FDR-003,SUB-01,REG-COASTAL,30.9,115.0,COM,False
MTR-00133,FDR-003,SUB-01,REG-COASTAL,30.9,115.0,RES,True
MTR-00134,FDR-003,SUB-01,REG-COASTAL,30.9,115.0,RES,False
MTR-00135,FDR-003,SUB-01,REG-COASTAL,30.9,115.0,RES,False
MTR-00136,FDR-003,SUB-01,REG-COASTAL,30.9,115.0,RES,False
MTR-00137,FDR-003,SUB-01,REG-COASTAL,30.9,115.0,COM,False
MTR-00138,FDR-003,SUB-01,REG-COASTAL,30.9,115.0,RES,False
MTR-00139,FDR-003,SUB-01,REG-COASTAL,30.9,115.0,RES,False
MTR-00140,FDR-003,SUB-01,REG-COASTAL,30.9,115.0,IND,False
MTR-00141,FDR-003,SUB-01,REG-COASTAL,30.9,115.0,COM,False
MTR-00142,FDR-003,SUB-01,REG-COASTAL,30.9,115.0,RES,False
MTR-00143,FDR-003,SUB-01,REG-COASTAL,30.9,115.0,IND,False
MTR-00144,FDR-003,SUB-01,REG-COASTAL,30.9,115.0,RES,False
MTR-00145,FDR-003,SUB-01,REG-COASTAL,30.9,115.0,RES,False
MTR-00146,FDR-003,SUB-01,REG-COASTAL,30.9,115.0,RES,False
MTR-00147,FDR-003,SUB-01,REG-COASTAL,30.9,115.0,COM,False
MTR-00148,FDR-003,SUB-01,REG-COASTAL,30.9,115.0,RES,False
MTR-00149,FDR-003,SUB-01,REG-COASTAL,30.9,115.0,COM,False
MTR-00150,FDR-003,SUB-01,REG-COASTAL,30.9,115.0,RES,False
MTR-00151,FDR-003,SUB-01,REG-COASTAL,30.9,115.0,RES,False
MTR-00152,FDR-003,SUB-01,REG-COASTAL,30.9,115.0,RES,False
MTR-00153,FDR-003,SUB-01,REG-COASTAL,30.9,115.0,RES,False
MTR-00154,FDR-003,SUB-01,REG-COASTAL,30.9,115.0,RES,False
MTR-00155,FDR-003,SUB-01,REG-COASTAL,30.9,115.0,IND,False
MTR-00156,FDR-003,SUB-01,REG-COASTAL,30.9,115.0,RES,False
MTR-00157,FDR-003,SUB-01,REG-COASTAL,30.9,115.0,COM,False
MTR-00158,FDR-003,SUB-01,REG-COASTAL,30.9,115.0,RES,False
MTR-00159,FDR-003,SUB-01,REG-COASTAL,30.9,115.0,RES,False
MTR-00160,FDR-003,SUB-01,REG-COASTAL,30.9,115.0,COM,True
MTR-00161,FDR-003,SUB-01,REG-COASTAL,30.9,115.0,RES,False
MTR-00162,FDR-003,SUB-01,REG-COASTAL,30.9,115.0,IND,False
MTR-00163,FDR-003,SUB-01,REG-COASTAL,30.9,115.0,IND,False
MTR-00164,FDR-003,SUB-01,REG-COASTAL,30.9,115.0,RES,False
MTR-00165,FDR-003,SUB-01,REG-COASTAL,30.9,115.0,RES,False
MTR-00166,FDR-003,SUB-01,REG-COASTAL,30.9,115.0,RES,False
MTR-00167,FDR-003,SUB-01,REG-COASTAL,30.9,115.0,RES,False
MTR-00168,FDR-003,SUB-01,REG-COASTAL,30.9,115.0,RES,True
MTR-00169,FDR-003,SUB-01,REG-COASTAL,30.9,115.0,RES,False
MTR-00170,FDR-003,SUB-01,REG-COASTAL,30.9,115.0,RES,False
MTR-00171,FDR-003,SUB-01,REG-COASTAL,30.9,115.0,RES,False
MTR-00172,FDR-003,SUB-01,REG-COASTAL,30.9,115.0,RES,False
MTR-00173,FDR-003,SUB-01,REG-COASTAL,30.9,115.0,COM,False
MTR-00174,FDR-003,SUB-01,REG-COASTAL,30.9,115.0,COM,False
MTR-00175,FDR-003,SUB-01,REG-COASTAL,30.9,115.0,RES,False
MTR-00176,FDR-003,SUB-01,REG-COASTAL,30.9,115.0,IND,False
MTR-00177,FDR-003,SUB-01,REG-COASTAL,30.9,115.0,IND,False
MTR-00178,FDR-003,SUB-01,REG-COASTAL,30.9,115.0,RES,False
MTR-00179,FDR-003,SUB-01,REG-COASTAL,30.9,115.0,RES,False
MTR-00180,FDR-003,SUB-01,REG-COASTAL,30.9,115.0,COM,False
MTR-00181,FDR-003,SUB-01,REG-COASTAL,30.9,115.0,COM,False
MTR-00182,FDR-003,SUB-01,REG-COASTAL,30.9,115.0,RES,False
MTR-00183,FDR-003,SUB-01,REG-COASTAL,30.9,115.0,RES,False
MTR-00184,FDR-003,SUB-01,REG-COASTAL,30.9,115.0,RES,False
MTR-00185,FDR-003,SUB-01,REG-COASTAL,30.9,115.0,RES,False
MTR-00186,FDR-003,SUB-01,REG-COASTAL,30.9,115.0,RES,False
MTR-00187,FDR-003,SUB-01,REG-COASTAL,30.9,115.0,COM,False
MTR-00188,FDR-003,SUB-01,REG-COASTAL,30.9,115.0,RES,False
MTR-00189,FDR-003,SUB-01,REG-COASTAL,30.9,115.0,COM,False
MTR-00190,FDR-003,SUB-01,REG-COASTAL,30.9,115.0,IND,False
MTR-00191,FDR-003,SUB-01,REG-COASTAL,30.9,115.0,COM,False
MTR-00192,FDR-003,SUB-01,REG-COASTAL,30.9,115.0,COM,False
MTR-00193,FDR-003,SUB-01,REG-COASTAL,30.9,115.0,COM,False
MTR-00194,FDR-003,SUB-01,REG-COASTAL,30.9,115.0,RES,False
MTR-00195,FDR-003,SUB-01,REG-COASTAL,30.9,115.0,COM,True
MTR-00196,FDR-003,SUB-01,REG-COASTAL,30.9,115.0,RES,False
MTR-00197,FDR-003,SUB-01,REG-COASTAL,30.9,115.0,RES,False
MTR-00198,FDR-003,SUB-01,REG-COASTAL,30.9,115.0,COM,False
MTR-00199,FDR-003,SUB-01,REG-COASTAL,30.9,115.0,RES,False
MTR-00200,FDR-003,SUB-01,REG-COASTAL,30.9,115.0,RES,False
MTR-00201,FDR-004,SUB-02,REG-COASTAL,33.6,115.0,RES,False
MTR-00202,FDR-004,SUB-02,REG-COASTAL,33.6,115.0,RES,False
MTR-00203,FDR-004,SUB-02,REG-COASTAL,33.6,115.0,RES,False
MTR-00204,FDR-004,SUB-02,REG-COASTAL,33.6,115.0,COM,False
MTR-00205,FDR-004,SUB-02,REG-COASTAL,33.6,115.0,COM,False
MTR-00206,FDR-004,SUB-02,REG-COASTAL,33.6,115.0,COM,False
MTR-00207,FDR-004,SUB-02,REG-COASTAL,33.6,115.0,COM,False
MTR-00208,FDR-004,SUB-02,REG-COASTAL,33.6,115.0,IND,False
MTR-00209,FDR-004,SUB-02,REG-COASTAL,33.6,115.0,RES,False
MTR-00210,FDR-004,SUB-02,REG-COASTAL,33.6,115.0,RES,False
MTR-00211,FDR-004,SUB-02,REG-COASTAL,33.6,115.0,RES,False
MTR-00212,FDR-004,SUB-02,REG-COASTAL,33.6,115.0,IND,False
MTR-00213,FDR-004,SUB-02,REG-COASTAL,33.6,115.0,IND,True
MTR-00214,FDR-004,SUB-02,REG-COASTAL,33.6,115.0,RES,False
MTR-00215,FDR-004,SUB-02,REG-COASTAL,33.6,115.0,COM,False
MTR-00216,FDR-004,SUB-02,REG-COASTAL,33.6,115.0,RES,False
MTR-00217,FDR-004,SUB-02,REG-COASTAL,33.6,115.0,RES,False
MTR-00218,FDR-004,SUB-02,REG-COASTAL,33.6,115.0,RES,False
MTR-00219,FDR-004,SUB-02,REG-COASTAL,33.6,115.0,RES,False
MTR-00220,FDR-004,SUB-02,REG-COASTAL,33.6,115.0,RES,False
MTR-00221,FDR-004,SUB-02,REG-COASTAL,33.6,115.0,IND,False
MTR-00222,FDR-004,SUB-02,REG-COASTAL,33.6,115.0,RES,False
MTR-00223,FDR-004,SUB-02,REG-COASTAL,33.6,115.0,RES,False
MTR-00224,FDR-004,SUB-02,REG-COASTAL,33.6,115.0,RES,False
MTR-00225,FDR-004,SUB-02,REG-COASTAL,33.6,115.0,COM,False
MTR-00226,FDR-004,SUB-02,REG-COASTAL,33.6,115.0,RES,False
MTR-00227,FDR-004,SUB-02,REG-COASTAL,33.6,115.0,RES,False
MTR-00228,FDR-004,SUB-02,REG-COASTAL,33.6,115.0,RES,False
MTR-00229,FDR-004,SUB-02,REG-COASTAL,33.6,115.0,COM,False
MTR-00230,FDR-004,SUB-02,REG-COASTAL,33.6,115.0,RES,False
MTR-00231,FDR-004,SUB-02,REG-COASTAL,33.6,115.0,IND,False
MTR-00232,FDR-004,SUB-02,REG-COASTAL,33.6,115.0,RES,False
MTR-00233,FDR-004,SUB-02,REG-COASTAL,33.6,115.0,RES,True
MTR-00234,FDR-004,SUB-02,REG-COASTAL,33.6,115.0,COM,False
MTR-00235,FDR-004,SUB-02,REG-COASTAL,33.6,115.0,RES,False
MTR-00236,FDR-004,SUB-02,REG-COASTAL,33.6,115.0,COM,False
MTR-00237,FDR-004,SUB-02,REG-COASTAL,33.6,115.0,COM,False
MTR-00238,FDR-004,SUB-02,REG-COASTAL,33.6,115.0,RES,False
MTR-00239,FDR-004,SUB-02,REG-COASTAL,33.6,115.0,RES,False
MTR-00240,FDR-004,SUB-02,REG-COASTAL,33.6,115.0,IND,False
MTR-00241,FDR-004,SUB-02,REG-COASTAL,33.6,115.0,RES,False
MTR-00242,FDR-004,SUB-02,REG-COASTAL,33.6,115.0,RES,False
MTR-00243,FDR-004,SUB-02,REG-COASTAL,33.6,115.0,RES,False
MTR-00244,FDR-004,SUB-02,REG-COASTAL,33.6,115.0,RES,False
MTR-00245,FDR-004,SUB-02,REG-COASTAL,33.6,115.0,COM,False
MTR-00246,FDR-004,SUB-02,REG-COASTAL,33.6,115.0,IND,False
MTR-00247,FDR-004,SUB-02,REG-COASTAL,33.6,115.0,COM,False
MTR-00248,FDR-004,SUB-02,REG-COASTAL,33.6,115.0,IND,False
MTR-00249,FDR-004,SUB-02,REG-COASTAL,33.6,115.0,COM,False
MTR-00250,FDR-004,SUB-02,REG-COASTAL,33.6,115.0,IND,True
MTR-00251,FDR-004,SUB-02,REG-COASTAL,33.6,115.0,RES,False
MTR-00252,FDR-004,SUB-02,REG-COASTAL,33.6,115.0,RES,False
MTR-00253,FDR-004,SUB-02,REG-COASTAL,33.6,115.0,RES,False
MTR-00254,FDR-004,SUB-02,REG-COASTAL,33.6,115.0,COM,False
MTR-00255,FDR-004,SUB-02,REG-COASTAL,33.6,115.0,COM,False
MTR-00256,FDR-004,SUB-02,REG-COASTAL,33.6,115.0,RES,False
MTR-00257,FDR-004,SUB-02,REG-COASTAL,33.6,115.0,RES,False
MTR-00258,FDR-004,SUB-02,REG-COASTAL,33.6,115.0,IND,False
MTR-00259,FDR-004,SUB-02,REG-COASTAL,33.6,115.0,COM,False
MTR-00260,FDR-004,SUB-02,REG-COASTAL,33.6,115.0,COM,False
MTR-00261,FDR-004,SUB-02,REG-COASTAL,33.6,115.0,COM,False
MTR-00262,FDR-004,SUB-02,REG-COASTAL,33.6,115.0,COM,False
MTR-00263,FDR-004,SUB-02,REG-COASTAL,33.6,115.0,IND,False
MTR-00264,FDR-004,SUB-02,REG-COASTAL,33.6,115.0,RES,False
MTR-00265,FDR-004,SUB-02,REG-COASTAL,33.6,115.0,COM,False
MTR-00266,FDR-005,SUB-02,REG-COASTAL,31.3,115.0,COM,False
MTR-00267,FDR-005,SUB-02,REG-COASTAL,31.3,115.0,IND,False
MTR-00268,FDR-005,SUB-02,REG-COASTAL,31.3,115.0,RES,False
MTR-00269,FDR-005,SUB-02,REG-COASTAL,31.3,115.0,COM,False
MTR-00270,FDR-005,SUB-02,REG-COASTAL,31.3,115.0,IND,False
MTR-00271,FDR-005,SUB-02,REG-COASTAL,31.3,115.0,RES,False
MTR-00272,FDR-005,SUB-02,REG-COASTAL,31.3,115.0,RES,False
MTR-00273,FDR-005,SUB-02,REG-COASTAL,31.3,115.0,COM,False
MTR-00274,FDR-005,SUB-02,REG-COASTAL,31.3,115.0,COM,False
MTR-00275,FDR-005,SUB-02,REG-COASTAL,31.3,115.0,COM,False
MTR-00276,FDR-005,SUB-02,REG-COASTAL,31.3,115.0,RES,False
MTR-00277,FDR-005,SUB-02,REG-COASTAL,31.3,115.0,IND,False
MTR-00278,FDR-005,SUB-02,REG-COASTAL,31.3,115.0,COM,False
MTR-00279,FDR-005,SUB-02,REG-COASTAL,31.3,115.0,RES,False
MTR-00280,FDR-005,SUB-02,REG-COASTAL,31.3,115.0,RES,False
MTR-00281,FDR-005,SUB-02,REG-COASTAL,31.3,115.0,IND,False
MTR-00282,FDR-005,SUB-02,REG-COASTAL,31.3,115.0,IND,False
MTR-00283,FDR-005,SUB-02,REG-COASTAL,31.3,115.0,RES,False
MTR-00284,FDR-005,SUB-02,REG-COASTAL,31.3,115.0,RES,False
MTR-00285,FDR-005,SUB-02,REG-COASTAL,31.3,115.0,RES,False
MTR-00286,FDR-005,SUB-02,REG-COASTAL,31.3,115.0,COM,False
MTR-00287,FDR-005,SUB-02,REG-COASTAL,31.3,115.0,IND,False
MTR-00288,FDR-005,SUB-02,REG-COASTAL,31.3,115.0,IND,False
MTR-00289,FDR-005,SUB-02,REG-COASTAL,31.3,115.0,RES,False
MTR-00290,FDR-005,SUB-02,REG-COASTAL,31.3,115.0,COM,False
MTR-00291,FDR-005,SUB-02,REG-COASTAL,31.3,115.0,RES,False
MTR-00292,FDR-005,SUB-02,REG-COASTAL,31.3,115.0,RES,False
MTR-00293,FDR-005,SUB-02,REG-COASTAL,31.3,115.0,IND,False
MTR-00294,FDR-005,SUB-02,REG-COASTAL,31.3,115.0,RES,True
MTR-00295,FDR-005,SUB-02,REG-COASTAL,31.3,115.0,IND,False
MTR-00296,FDR-005,SUB-02,REG-COASTAL,31.3,115.0,RES,False
MTR-00297,FDR-005,SUB-02,REG-COASTAL,31.3,115.0,RES,False
MTR-00298,FDR-005,SUB-02,REG-COASTAL,31.3,115.0,RES,False
MTR-00299,FDR-005,SUB-02,REG-COASTAL,31.3,115.0,RES,False
MTR-00300,FDR-005,SUB-02,REG-COASTAL,31.3,115.0,IND,False
MTR-00301,FDR-005,SUB-02,REG-COASTAL,31.3,115.0,COM,False
MTR-00302,FDR-005,SUB-02,REG-COASTAL,31.3,115.0,COM,False
MTR-00303,FDR-005,SUB-02,REG-COASTAL,31.3,115.0,COM,False
MTR-00304,FDR-005,SUB-02,REG-COASTAL,31.3,115.0,COM,False
MTR-00305,FDR-005,SUB-02,REG-COASTAL,31.3,115.0,COM,False
MTR-00306,FDR-005,SUB-02,REG-COASTAL,31.3,115.0,COM,False
MTR-00307,FDR-005,SUB-02,REG-COASTAL,31.3,115.0,IND,False
MTR-00308,FDR-005,SUB-02,REG-COASTAL,31.3,115.0,IND,False
MTR-00309,FDR-005,SUB-02,REG-COASTAL,31.3,115.0,RES,False
MTR-00310,FDR-005,SUB-02,REG-COASTAL,31.3,115.0,COM,False
MTR-00311,FDR-005,SUB-02,REG-COASTAL,31.3,115.0,COM,False
MTR-00312,FDR-005,SUB-02,REG-COASTAL,31.3,115.0,RES,False
MTR-00313,FDR-005,SUB-02,REG-COASTAL,31.3,115.0,IND,False
MTR-00314,FDR-005,SUB-02,REG-COASTAL,31.3,115.0,COM,False
MTR-00315,FDR-005,SUB-02,REG-COASTAL,31.3,115.0,RES,False
MTR-00316,FDR-005,SUB-02,REG-COASTAL,31.3,115.0,RES,False
MTR-00317,FDR-005,SUB-02,REG-COASTAL,31.3,115.0,COM,False
MTR-00318,FDR-005,SUB-02,REG-COASTAL,31.3,115.0,RES,False
MTR-00319,FDR-005,SUB-02,REG-COASTAL,31.3,115.0,RES,False
MTR-00320,FDR-005,SUB-02,REG-COASTAL,31.3,115.0,RES,False
MTR-00321,FDR-005,SUB-02,REG-COASTAL,31.3,115.0,COM,False
MTR-00322,FDR-005,SUB-02,REG-COASTAL,31.3,115.0,RES,False
MTR-00323,FDR-005,SUB-02,REG-COASTAL,31.3,115.0,COM,False
MTR-00324,FDR-005,SUB-02,REG-COASTAL,31.3,115.0,RES,False
MTR-00325,FDR-005,SUB-02,REG-COASTAL,31.3,115.0,RES,False
MTR-00326,FDR-005,SUB-02,REG-COASTAL,31.3,115.0,COM,False
MTR-00327,FDR-005,SUB-02,REG-COASTAL,31.3,115.0,RES,False
MTR-00328,FDR-005,SUB-02,REG-COASTAL,31.3,115.0,RES,False
MTR-00329,FDR-005,SUB-02,REG-COASTAL,31.3,115.0,RES,False
MTR-00330,FDR-005,SUB-02,REG-COASTAL,31.3,115.0,COM,False
MTR-00331,FDR-005,SUB-02,REG-COASTAL,31.3,115.0,COM,False
MTR-00332,FDR-005,SUB-02,REG-COASTAL,31.3,115.0,COM,False
MTR-00333,FDR-005,SUB-02,REG-COASTAL,31.3,115.0,RES,False
MTR-00334,FDR-005,SUB-02,REG-COASTAL,31.3,115.0,IND,False
MTR-00335,FDR-005,SUB-02,REG-COASTAL,31.3,115.0,IND,False
MTR-00336,FDR-006,SUB-02,REG-COASTAL,27.2,115.0,RES,False
MTR-00337,FDR-006,SUB-02,REG-COASTAL,27.2,115.0,RES,False
MTR-00338,FDR-006,SUB-02,REG-COASTAL,27.2,115.0,RES,False
MTR-00339,FDR-006,SUB-02,REG-COASTAL,27.2,115.0,RES,False
MTR-00340,FDR-006,SUB-02,REG-COASTAL,27.2,115.0,RES,False
MTR-00341,FDR-006,SUB-02,REG-COASTAL,27.2,115.0,COM,False
MTR-00342,FDR-006,SUB-02,REG-COASTAL,27.2,115.0,IND,False
MTR-00343,FDR-006,SUB-02,REG-COASTAL,27.2,115.0,RES,False
MTR-00344,FDR-006,SUB-02,REG-COASTAL,27.2,115.0,RES,False
MTR-00345,FDR-006,SUB-02,REG-COASTAL,27.2,115.0,RES,False
MTR-00346,FDR-006,SUB-02,REG-COASTAL,27.2,115.0,RES,False
MTR-00347,FDR-006,SUB-02,REG-COASTAL,27.2,115.0,RES,False
MTR-00348,FDR-006,SUB-02,REG-COASTAL,27.2,115.0,IND,False
MTR-00349,FDR-006,SUB-02,REG-COASTAL,27.2,115.0,COM,False
MTR-00350,FDR-006,SUB-02,REG-COASTAL,27.2,115.0,IND,False
MTR-00351,FDR-006,SUB-02,REG-COASTAL,27.2,115.0,RES,False
MTR-00352,FDR-006,SUB-02,REG-COASTAL,27.2,115.0,IND,False
MTR-00353,FDR-006,SUB-02,REG-COASTAL,27.2,115.0,COM,False
MTR-00354,FDR-006,SUB-02,REG-COASTAL,27.2,115.0,RES,False
MTR-00355,FDR-006,SUB-02,REG-COASTAL,27.2,115.0,COM,False
MTR-00356,FDR-006,SUB-02,REG-COASTAL,27.2,115.0,COM,False
MTR-00357,FDR-006,SUB-02,REG-COASTAL,27.2,115.0,COM,False
MTR-00358,FDR-006,SUB-02,REG-COASTAL,27.2,115.0,RES,False
MTR-00359,FDR-006,SUB-02,REG-COASTAL,27.2,115.0,RES,False
MTR-00360,FDR-006,SUB-02,REG-COASTAL,27.2,115.0,COM,False
MTR-00361,FDR-006,SUB-02,REG-COASTAL,27.2,115.0,RES,False
MTR-00362,FDR-006,SUB-02,REG-COASTAL,27.2,115.0,RES,False
MTR-00363,FDR-006,SUB-02,REG-COASTAL,27.2,115.0,RES,False
MTR-00364,FDR-006,SUB-02,REG-COASTAL,27.2,115.0,COM,False
MTR-00365,FDR-006,SUB-02,REG-COASTAL,27.2,115.0,RES,False
MTR-00366,FDR-006,SUB-02,REG-COASTAL,27.2,115.0,RES,False
MTR-00367,FDR-006,SUB-02,REG-COASTAL,27.2,115.0,RES,False
MTR-00368,FDR-006,SUB-02,REG-COASTAL,27.2,115.0,RES,False
MTR-00369,FDR-006,SUB-02,REG-COASTAL,27.2,115.0,COM,False
MTR-00370,FDR-006,SUB-02,REG-COASTAL,27.2,115.0,RES,False
MTR-00371,FDR-006,SUB-02,REG-COASTAL,27.2,115.0,COM,False
MTR-00372,FDR-006,SUB-02,REG-COASTAL,27.2,115.0,RES,False
MTR-00373,FDR-006,SUB-02,REG-COASTAL,27.2,115.0,RES,False
MTR-00374,FDR-006,SUB-02,REG-COASTAL,27.2,115.0,COM,False
MTR-00375,FDR-006,SUB-02,REG-COASTAL,27.2,115.0,COM,False
MTR-00376,FDR-006,SUB-02,REG-COASTAL,27.2,115.0,RES,False
MTR-00377,FDR-006,SUB-02,REG-COASTAL,27.2,115.0,IND,False
MTR-00378,FDR-006,SUB-02,REG-COASTAL,27.2,115.0,COM,False
MTR-00379,FDR-006,SUB-02,REG-COASTAL,27.2,115.0,COM,False
MTR-00380,FDR-006,SUB-02,REG-COASTAL,27.2,115.0,RES,False
MTR-00381,FDR-006,SUB-02,REG-COASTAL,27.2,115.0,RES,False
MTR-00382,FDR-006,SUB-02,REG-COASTAL,27.2,115.0,COM,False
MTR-00383,FDR-006,SUB-02,REG-COASTAL,27.2,115.0,COM,False
MTR-00384,FDR-006,SUB-02,REG-COASTAL,27.2,115.0,RES,False
MTR-00385,FDR-006,SUB-02,REG-COASTAL,27.2,115.0,IND,False
MTR-00386,FDR-006,SUB-02,REG-COASTAL,27.2,115.0,RES,False
MTR-00387,FDR-006,SUB-02,REG-COASTAL,27.2,115.0,COM,False
MTR-00388,FDR-006,SUB-02,REG-COASTAL,27.2,115.0,COM,False
MTR-00389,FDR-006,SUB-02,REG-COASTAL,27.2,115.0,RES,False
MTR-00390,FDR-006,SUB-02,REG-COASTAL,27.2,115.0,IND,False
MTR-00391,FDR-006,SUB-02,REG-COASTAL,27.2,115.0,RES,False
MTR-00392,FDR-006,SUB-02,REG-COASTAL,27.2,115.0,RES,False
MTR-00393,FDR-006,SUB-02,REG-COASTAL,27.2,115.0,RES,False
MTR-00394,FDR-006,SUB-02,REG-COASTAL,27.2,115.0,COM,False
MTR-00395,FDR-006,SUB-02,REG-COASTAL,27.2,115.0,IND,False
MTR-00396,FDR-006,SUB-02,REG-COASTAL,27.2,115.0,RES,False
MTR-00397,FDR-006,SUB-02,REG-COASTAL,27.2,115.0,RES,False
MTR-00398,FDR-006,SUB-02,REG-COASTAL,27.2,115.0,COM,False
MTR-00399,FDR-006,SUB-02,REG-COASTAL,27.2,115.0,RES,False
MTR-00400,FDR-006,SUB-02,REG-COASTAL,27.2,115.0,RES,False
MTR-00401,FDR-007,SUB-03,REG-COASTAL,21.6,115.0,RES,False
MTR-00402,FDR-007,SUB-03,REG-COASTAL,21.6,115.0,COM,False
MTR-00403,FDR-007,SUB-03,REG-COASTAL,21.6,115.0,COM,False
MTR-00404,FDR-007,SUB-03,REG-COASTAL,21.6,115.0,IND,False
MTR-00405,FDR-007,SUB-03,REG-COASTAL,21.6,115.0,RES,False
MTR-00406,FDR-007,SUB-03,REG-COASTAL,21.6,115.0,RES,False
MTR-00407,FDR-007,SUB-03,REG-COASTAL,21.6,115.0,COM,False
MTR-00408,FDR-007,SUB-03,REG-COASTAL,21.6,115.0,RES,False
MTR-00409,FDR-007,SUB-03,REG-COASTAL,21.6,115.0,COM,False
MTR-00410,FDR-007,SUB-03,REG-COASTAL,21.6,115.0,COM,False
MTR-00411,FDR-007,SUB-03,REG-COASTAL,21.6,115.0,COM,False
MTR-00412,FDR-007,SUB-03,REG-COASTAL,21.6,115.0,RES,False
MTR-00413,FDR-007,SUB-03,REG-COASTAL,21.6,115.0,RES,False
MTR-00414,FDR-007,SUB-03,REG-COASTAL,21.6,115.0,RES,False
MTR-00415,FDR-007,SUB-03,REG-COASTAL,21.6,115.0,COM,False
MTR-00416,FDR-007,SUB-03,REG-COASTAL,21.6,115.0,COM,False
MTR-00417,FDR-007,SUB-03,REG-COASTAL,21.6,115.0,RES,False
MTR-00418,FDR-007,SUB-03,REG-COASTAL,21.6,115.0,COM,False
MTR-00419,FDR-007,SUB-03,REG-COASTAL,21.6,115.0,RES,False
MTR-00420,FDR-007,SUB-03,REG-COASTAL,21.6,115.0,IND,False
MTR-00421,FDR-007,SUB-03,REG-COASTAL,21.6,115.0,IND,False
MTR-00422,FDR-007,SUB-03,REG-COASTAL,21.6,115.0,IND,False
MTR-00423,FDR-007,SUB-03,REG-COASTAL,21.6,115.0,RES,False
MTR-00424,FDR-007,SUB-03,REG-COASTAL,21.6,115.0,RES,False
MTR-00425,FDR-007,SUB-03,REG-COASTAL,21.6,115.0,RES,False
MTR-00426,FDR-007,SUB-03,REG-COASTAL,21.6,115.0,IND,False
MTR-00427,FDR-007,SUB-03,REG-COASTAL,21.6,115.0,COM,False
MTR-00428,FDR-007,SUB-03,REG-COASTAL,21.6,115.0,COM,False
MTR-00429,FDR-007,SUB-03,REG-COASTAL,21.6,115.0,COM,False
MTR-00430,FDR-007,SUB-03,REG-COASTAL,21.6,115.0,RES,False
MTR-00431,FDR-007,SUB-03,REG-COASTAL,21.6,115.0,RES,False
MTR-00432,FDR-007,SUB-03,REG-COASTAL,21.6,115.0,RES,False
MTR-00433,FDR-007,SUB-03,REG-COASTAL,21.6,115.0,COM,False
MTR-00434,FDR-007,SUB-03,REG-COASTAL,21.6,115.0,IND,False
MTR-00435,FDR-007,SUB-03,REG-COASTAL,21.6,115.0,RES,False
MTR-00436,FDR-007,SUB-03,REG-COASTAL,21.6,115.0,RES,False
MTR-00437,FDR-007,SUB-03,REG-COASTAL,21.6,115.0,RES,False
MTR-00438,FDR-007,SUB-03,REG-COASTAL,21.6,115.0,RES,False
MTR-00439,FDR-007,SUB-03,REG-COASTAL,21.6,115.0,RES,False
MTR-00440,FDR-007,SUB-03,REG-COASTAL,21.6,115.0,COM,False
MTR-00441,FDR-007,SUB-03,REG-COASTAL,21.6,115.0,RES,False
MTR-00442,FDR-007,SUB-03,REG-COASTAL,21.6,115.0,RES,False
MTR-00443,FDR-007,SUB-03,REG-COASTAL,21.6,115.0,IND,False
MTR-00444,FDR-007,SUB-03,REG-COASTAL,21.6,115.0,RES,False
MTR-00445,FDR-007,SUB-03,REG-COASTAL,21.6,115.0,RES,False
MTR-00446,FDR-007,SUB-03,REG-COASTAL,21.6,115.0,COM,False
MTR-00447,FDR-007,SUB-03,REG-COASTAL,21.6,115.0,RES,False
MTR-00448,FDR-007,SUB-03,REG-COASTAL,21.6,115.0,COM,False
MTR-00449,FDR-007,SUB-03,REG-COASTAL,21.6,115.0,COM,False
MTR-00450,FDR-007,SUB-03,REG-COASTAL,21.6,115.0,COM,False
MTR-00451,FDR-007,SUB-03,REG-COASTAL,21.6,115.0,COM,True
MTR-00452,FDR-007,SUB-03,REG-COASTAL,21.6,115.0,COM,False
MTR-00453,FDR-007,SUB-03,REG-COASTAL,21.6,115.0,RES,False
MTR-00454,FDR-007,SUB-03,REG-COASTAL,21.6,115.0,COM,False
MTR-00455,FDR-007,SUB-03,REG-COASTAL,21.6,115.0,IND,False
MTR-00456,FDR-007,SUB-03,REG-COASTAL,21.6,115.0,RES,False
MTR-00457,FDR-007,SUB-03,REG-COASTAL,21.6,115.0,RES,False
MTR-00458,FDR-007,SUB-03,REG-COASTAL,21.6,115.0,COM,False
MTR-00459,FDR-007,SUB-03,REG-COASTAL,21.6,115.0,RES,False
MTR-00460,FDR-007,SUB-03,REG-COASTAL,21.6,115.0,COM,False
MTR-00461,FDR-007,SUB-03,REG-COASTAL,21.6,115.0,COM,False
MTR-00462,FDR-007,SUB-03,REG-COASTAL,21.6,115.0,COM,False
MTR-00463,FDR-007,SUB-03,REG-COASTAL,21.6,115.0,COM,False
MTR-00464,FDR-007,SUB-03,REG-COASTAL,21.6,115.0,RES,False
MTR-00465,FDR-007,SUB-03,REG-COASTAL,21.6,115.0,RES,False
MTR-00466,FDR-008,SUB-03,REG-COASTAL,21.7,115.0,RES,False
MTR-00467,FDR-008,SUB-03,REG-COASTAL,21.7,115.0,RES,False
MTR-00468,FDR-008,SUB-03,REG-COASTAL,21.7,115.0,COM,False
MTR-00469,FDR-008,SUB-03,REG-COASTAL,21.7,115.0,RES,False
MTR-00470,FDR-008,SUB-03,REG-COASTAL,21.7,115.0,RES,False
MTR-00471,FDR-008,SUB-03,REG-COASTAL,21.7,115.0,RES,False
MTR-00472,FDR-008,SUB-03,REG-COASTAL,21.7,115.0,RES,False
MTR-00473,FDR-008,SUB-03,REG-COASTAL,21.7,115.0,RES,False
MTR-00474,FDR-008,SUB-03,REG-COASTAL,21.7,115.0,RES,False
MTR-00475,FDR-008,SUB-03,REG-COASTAL,21.7,115.0,RES,False
MTR-00476,FDR-008,SUB-03,REG-COASTAL,21.7,115.0,RES,False
MTR-00477,FDR-008,SUB-03,REG-COASTAL,21.7,115.0,COM,False
MTR-00478,FDR-008,SUB-03,REG-COASTAL,21.7,115.0,COM,False
MTR-00479,FDR-008,SUB-03,REG-COASTAL,21.7,115.0,COM,False
MTR-00480,FDR-008,SUB-03,REG-COASTAL,21.7,115.0,RES,False
MTR-00481,FDR-008,SUB-03,REG-COASTAL,21.7,115.0,RES,False
MTR-00482,FDR-008,SUB-03,REG-COASTAL,21.7,115.0,RES,False
MTR-00483,FDR-008,SUB-03,REG-COASTAL,21.7,115.0,IND,False
MTR-00484,FDR-008,SUB-03,REG-COASTAL,21.7,115.0,IND,False
MTR-00485,FDR-008,SUB-03,REG-COASTAL,21.7,115.0,RES,False
MTR-00486,FDR-008,SUB-03,REG-COASTAL,21.7,115.0,RES,False
MTR-00487,FDR-008,SUB-03,REG-COASTAL,21.7,115.0,RES,False
MTR-00488,FDR-008,SUB-03,REG-COASTAL,21.7,115.0,RES,True
MTR-00489,FDR-008,SUB-03,REG-COASTAL,21.7,115.0,IND,False
MTR-00490,FDR-008,SUB-03,REG-COASTAL,21.7,115.0,RES,False
MTR-00491,FDR-008,SUB-03,REG-COASTAL,21.7,115.0,COM,False
MTR-00492,FDR-008,SUB-03,REG-COASTAL,21.7,115.0,COM,False
MTR-00493,FDR-008,SUB-03,REG-COASTAL,21.7,115.0,RES,False
MTR-00494,FDR-008,SUB-03,REG-COASTAL,21.7,115.0,RES,False
MTR-00495,FDR-008,SUB-03,REG-COASTAL,21.7,115.0,RES,False
MTR-00496,FDR-008,SUB-03,REG-COASTAL,21.7,115.0,RES,False
MTR-00497,FDR-008,SUB-03,REG-COASTAL,21.7,115.0,COM,False
MTR-00498,FDR-008,SUB-03,REG-COASTAL,21.7,115.0,RES,False
MTR-00499,FDR-008,SUB-03,REG-COASTAL,21.7,115.0,RES,False
MTR-00500,FDR-008,SUB-03,REG-COASTAL,21.7,115.0,RES,False
MTR-00501,FDR-008,SUB-03,REG-COASTAL,21.7,115.0,COM,False
MTR-00502,FDR-008,SUB-03,REG-COASTAL,21.7,115.0,COM,False
MTR-00503,FDR-008,SUB-03,REG-COASTAL,21.7,115.0,RES,False
MTR-00504,FDR-008,SUB-03,REG-COASTAL,21.7,115.0,RES,False
MTR-00505,FDR-008,SUB-03,REG-COASTAL,21.7,115.0,RES,False
MTR-00506,FDR-008,SUB-03,REG-COASTAL,21.7,115.0,RES,False
MTR-00507,FDR-008,SUB-03,REG-COASTAL,21.7,115.0,RES,False
MTR-00508,FDR-008,SUB-03,REG-COASTAL,21.7,115.0,COM,False
MTR-00509,FDR-008,SUB-03,REG-COASTAL,21.7,115.0,IND,False
MTR-00510,FDR-008,SUB-03,REG-COASTAL,21.7,115.0,RES,False
MTR-00511,FDR-008,SUB-03,REG-COASTAL,21.7,115.0,COM,False
MTR-00512,FDR-008,SUB-03,REG-COASTAL,21.7,115.0,RES,False
MTR-00513,FDR-008,SUB-03,REG-COASTAL,21.7,115.0,COM,False
MTR-00514,FDR-008,SUB-03,REG-COASTAL,21.7,115.0,RES,False
MTR-00515,FDR-008,SUB-03,REG-COASTAL,21.7,115.0,COM,False
MTR-00516,FDR-008,SUB-03,REG-COASTAL,21.7,115.0,RES,False
MTR-00517,FDR-008,SUB-03,REG-COASTAL,21.7,115.0,RES,False
MTR-00518,FDR-008,SUB-03,REG-COASTAL,21.7,115.0,IND,False
MTR-00519,FDR-008,SUB-03,REG-COASTAL,21.7,115.0,COM,False
MTR-00520,FDR-008,SUB-03,REG-COASTAL,21.7,115.0,RES,False
MTR-00521,FDR-008,SUB-03,REG-COASTAL,21.7,115.0,RES,False
MTR-00522,FDR-008,SUB-03,REG-COASTAL,21.7,115.0,RES,False
MTR-00523,FDR-008,SUB-03,REG-COASTAL,21.7,115.0,COM,False
MTR-00524,FDR-008,SUB-03,REG-COASTAL,21.7,115.0,RES,False
MTR-00525,FDR-008,SUB-03,REG-COASTAL,21.7,115.0,RES,False
MTR-00526,FDR-008,SUB-03,REG-COASTAL,21.7,115.0,RES,False
MTR-00527,FDR-008,SUB-03,REG-COASTAL,21.7,115.0,RES,False
MTR-00528,FDR-008,SUB-03,REG-COASTAL,21.7,115.0,COM,False
MTR-00529,FDR-008,SUB-03,REG-COASTAL,21.7,115.0,COM,False
MTR-00530,FDR-008,SUB-03,REG-COASTAL,21.7,115.0,RES,False
MTR-00531,FDR-008,SUB-03,REG-COASTAL,21.7,115.0,RES,False
MTR-00532,FDR-008,SUB-03,REG-COASTAL,21.7,115.0,IND,False
MTR-00533,FDR-008,SUB-03,REG-COASTAL,21.7,115.0,COM,False
MTR-00534,FDR-008,SUB-03,REG-COASTAL,21.7,115.0,RES,False
MTR-00535,FDR-008,SUB-03,REG-COASTAL,21.7,115.0,RES,False
MTR-00536,FDR-009,SUB-03,REG-COASTAL,28.2,115.0,IND,False
MTR-00537,FDR-009,SUB-03,REG-COASTAL,28.2,115.0,RES,False
MTR-00538,FDR-009,SUB-03,REG-COASTAL,28.2,115.0,IND,False
MTR-00539,FDR-009,SUB-03,REG-COASTAL,28.2,115.0,RES,False
MTR-00540,FDR-009,SUB-03,REG-COASTAL,28.2,115.0,RES,False
MTR-00541,FDR-009,SUB-03,REG-COASTAL,28.2,115.0,COM,False
MTR-00542,FDR-009,SUB-03,REG-COASTAL,28.2,115.0,RES,False
MTR-00543,FDR-009,SUB-03,REG-COASTAL,28.2,115.0,RES,False
MTR-00544,FDR-009,SUB-03,REG-COASTAL,28.2,115.0,IND,False
MTR-00545,FDR-009,SUB-03,REG-COASTAL,28.2,115.0,RES,False
MTR-00546,FDR-009,SUB-03,REG-COASTAL,28.2,115.0,COM,False
MTR-00547,FDR-009,SUB-03,REG-COASTAL,28.2,115.0,RES,False
MTR-00548,FDR-009,SUB-03,REG-COASTAL,28.2,115.0,IND,False
MTR-00549,FDR-009,SUB-03,REG-COASTAL,28.2,115.0,RES,False
MTR-00550,FDR-009,SUB-03,REG-COASTAL,28.2,115.0,RES,False
MTR-00551,FDR-009,SUB-03,REG-COASTAL,28.2,115.0,COM,False
MTR-00552,FDR-009,SUB-03,REG-COASTAL,28.2,115.0,RES,False
MTR-00553,FDR-009,SUB-03,REG-COASTAL,28.2,115.0,RES,False
MTR-00554,FDR-009,SUB-03,REG-COASTAL,28.2,115.0,COM,False
MTR-00555,FDR-009,SUB-03,REG-COASTAL,28.2,115.0,IND,False
MTR-00556,FDR-009,SUB-03,REG-COASTAL,28.2,115.0,RES,False
MTR-00557,FDR-009,SUB-03,REG-COASTAL,28.2,115.0,RES,False
MTR-00558,FDR-009,SUB-03,REG-COASTAL,28.2,115.0,COM,False
MTR-00559,FDR-009,SUB-03,REG-COASTAL,28.2,115.0,COM,False
MTR-00560,FDR-009,SUB-03,REG-COASTAL,28.2,115.0,IND,False
MTR-00561,FDR-009,SUB-03,REG-COASTAL,28.2,115.0,RES,False
MTR-00562,FDR-009,SUB-03,REG-COASTAL,28.2,115.0,RES,False
MTR-00563,FDR-009,SUB-03,REG-COASTAL,28.2,115.0,IND,False
MTR-00564,FDR-009,SUB-03,REG-COASTAL,28.2,115.0,RES,False
MTR-00565,FDR-009,SUB-03,REG-COASTAL,28.2,115.0,RES,False
MTR-00566,FDR-009,SUB-03,REG-COASTAL,28.2,115.0,IND,False
MTR-00567,FDR-009,SUB-03,REG-COASTAL,28.2,115.0,COM,False
MTR-00568,FDR-009,SUB-03,REG-COASTAL,28.2,115.0,RES,False
MTR-00569,FDR-009,SUB-03,REG-COASTAL,28.2,115.0,COM,False
MTR-00570,FDR-009,SUB-03,REG-COASTAL,28.2,115.0,RES,False
MTR-00571,FDR-009,SUB-03,REG-COASTAL,28.2,115.0,RES,False
MTR-00572,FDR-009,SUB-03,REG-COASTAL,28.2,115.0,RES,False
MTR-00573,FDR-009,SUB-03,REG-COASTAL,28.2,115.0,RES,False
MTR-00574,FDR-009,SUB-03,REG-COASTAL,28.2,115.0,COM,False
MTR-00575,FDR-009,SUB-03,REG-COASTAL,28.2,115.0,COM,False
MTR-00576,FDR-009,SUB-03,REG-COASTAL,28.2,115.0,RES,False
MTR-00577,FDR-009,SUB-03,REG-COASTAL,28.2,115.0,RES,False
MTR-00578,FDR-009,SUB-03,REG-COASTAL,28.2,115.0,IND,False
MTR-00579,FDR-009,SUB-03,REG-COASTAL,28.2,115.0,RES,False
MTR-00580,FDR-009,SUB-03,REG-COASTAL,28.2,115.0,RES,False
MTR-00581,FDR-009,SUB-03,REG-COASTAL,28.2,115.0,RES,False
MTR-00582,FDR-009,SUB-03,REG-COASTAL,28.2,115.0,RES,False
MTR-00583,FDR-009,SUB-03,REG-COASTAL,28.2,115.0,RES,False
MTR-00584,FDR-009,SUB-03,REG-COASTAL,28.2,115.0,COM,True
MTR-00585,FDR-009,SUB-03,REG-COASTAL,28.2,115.0,RES,False
MTR-00586,FDR-009,SUB-03,REG-COASTAL,28.2,115.0,IND,False
MTR-00587,FDR-009,SUB-03,REG-COASTAL,28.2,115.0,IND,False
MTR-00588,FDR-009,SUB-03,REG-COASTAL,28.2,115.0,RES,False
MTR-00589,FDR-009,SUB-03,REG-COASTAL,28.2,115.0,RES,False
MTR-00590,FDR-009,SUB-03,REG-COASTAL,28.2,115.0,RES,False
MTR-00591,FDR-009,SUB-03,REG-COASTAL,28.2,115.0,RES,False
MTR-00592,FDR-009,SUB-03,REG-COASTAL,28.2,115.0,COM,False
MTR-00593,FDR-009,SUB-03,REG-COASTAL,28.2,115.0,COM,False
MTR-00594,FDR-009,SUB-03,REG-COASTAL,28.2,115.0,COM,False
MTR-00595,FDR-009,SUB-03,REG-COASTAL,28.2,115.0,COM,False
MTR-00596,FDR-009,SUB-03,REG-COASTAL,28.2,115.0,IND,False
MTR-00597,FDR-009,SUB-03,REG-COASTAL,28.2,115.0,IND,False
MTR-00598,FDR-009,SUB-03,REG-COASTAL,28.2,115.0,RES,False
MTR-00599,FDR-009,SUB-03,REG-COASTAL,28.2,115.0,RES,False
MTR-00600,FDR-009,SUB-03,REG-COASTAL,28.2,115.0,COM,False
MTR-00601,FDR-010,SUB-04,REG-COASTAL,21.4,115.0,COM,False
MTR-00602,FDR-010,SUB-04,REG-COASTAL,21.4,115.0,COM,False
MTR-00603,FDR-010,SUB-04,REG-COASTAL,21.4,115.0,COM,False
MTR-00604,FDR-010,SUB-04,REG-COASTAL,21.4,115.0,COM,False
MTR-00605,FDR-010,SUB-04,REG-COASTAL,21.4,115.0,RES,False
MTR-00606,FDR-010,SUB-04,REG-COASTAL,21.4,115.0,COM,False
MTR-00607,FDR-010,SUB-04,REG-COASTAL,21.4,115.0,COM,False
MTR-00608,FDR-010,SUB-04,REG-COASTAL,21.4,115.0,IND,False
MTR-00609,FDR-010,SUB-04,REG-COASTAL,21.4,115.0,RES,False
MTR-00610,FDR-010,SUB-04,REG-COASTAL,21.4,115.0,IND,False
MTR-00611,FDR-010,SUB-04,REG-COASTAL,21.4,115.0,IND,False
MTR-00612,FDR-010,SUB-04,REG-COASTAL,21.4,115.0,COM,False
MTR-00613,FDR-010,SUB-04,REG-COASTAL,21.4,115.0,RES,True
MTR-00614,FDR-010,SUB-04,REG-COASTAL,21.4,115.0,RES,False
MTR-00615,FDR-010,SUB-04,REG-COASTAL,21.4,115.0,RES,False
MTR-00616,FDR-010,SUB-04,REG-COASTAL,21.4,115.0,RES,False
MTR-00617,FDR-010,SUB-04,REG-COASTAL,21.4,115.0,COM,True
MTR-00618,FDR-010,SUB-04,REG-COASTAL,21.4,115.0,RES,False
MTR-00619,FDR-010,SUB-04,REG-COASTAL,21.4,115.0,IND,False
MTR-00620,FDR-010,SUB-04,REG-COASTAL,21.4,115.0,RES,False
MTR-00621,FDR-010,SUB-04,REG-COASTAL,21.4,115.0,RES,False
MTR-00622,FDR-010,SUB-04,REG-COASTAL,21.4,115.0,RES,False
MTR-00623,FDR-010,SUB-04,REG-COASTAL,21.4,115.0,COM,False
MTR-00624,FDR-010,SUB-04,REG-COASTAL,21.4,115.0,RES,False
MTR-00625,FDR-010,SUB-04,REG-COASTAL,21.4,115.0,RES,False
MTR-00626,FDR-010,SUB-04,REG-COASTAL,21.4,115.0,IND,False
MTR-00627,FDR-010,SUB-04,REG-COASTAL,21.4,115.0,RES,False
MTR-00628,FDR-010,SUB-04,REG-COASTAL,21.4,115.0,COM,False
MTR-00629,FDR-010,SUB-04,REG-COASTAL,21.4,115.0,IND,False
MTR-00630,FDR-010,SUB-04,REG-COASTAL,21.4,115.0,RES,False
MTR-00631,FDR-010,SUB-04,REG-COASTAL,21.4,115.0,RES,False
MTR-00632,FDR-010,SUB-04,REG-COASTAL,21.4,115.0,RES,False
MTR-00633,FDR-010,SUB-04,REG-COASTAL,21.4,115.0,COM,False
MTR-00634,FDR-010,SUB-04,REG-COASTAL,21.4,115.0,RES,False
MTR-00635,FDR-010,SUB-04,REG-COASTAL,21.4,115.0,COM,False
MTR-00636,FDR-010,SUB-04,REG-COASTAL,21.4,115.0,IND,False
MTR-00637,FDR-010,SUB-04,REG-COASTAL,21.4,115.0,IND,False
MTR-00638,FDR-010,SUB-04,REG-COASTAL,21.4,115.0,RES,False
MTR-00639,FDR-010,SUB-04,REG-COASTAL,21.4,115.0,COM,False
MTR-00640,FDR-010,SUB-04,REG-COASTAL,21.4,115.0,RES,True
MTR-00641,FDR-010,SUB-04,REG-COASTAL,21.4,115.0,COM,False
MTR-00642,FDR-010,SUB-04,REG-COASTAL,21.4,115.0,RES,False
MTR-00643,FDR-010,SUB-04,REG-COASTAL,21.4,115.0,RES,False
MTR-00644,FDR-010,SUB-04,REG-COASTAL,21.4,115.0,RES,False
MTR-00645,FDR-010,SUB-04,REG-COASTAL,21.4,115.0,COM,False
MTR-00646,FDR-010,SUB-04,REG-COASTAL,21.4,115.0,COM,False
MTR-00647,FDR-010,SUB-04,REG-COASTAL,21.4,115.0,RES,False
MTR-00648,FDR-010,SUB-04,REG-COASTAL,21.4,115.0,RES,False
MTR-00649,FDR-010,SUB-04,REG-COASTAL,21.4,115.0,RES,False
MTR-00650,FDR-010,SUB-04,REG-COASTAL,21.4,115.0,RES,False
MTR-00651,FDR-010,SUB-04,REG-COASTAL,21.4,115.0,RES,False
MTR-00652,FDR-010,SUB-04,REG-COASTAL,21.4,115.0,COM,False
MTR-00653,FDR-010,SUB-04,REG-COASTAL,21.4,115.0,RES,False
MTR-00654,FDR-010,SUB-04,REG-COASTAL,21.4,115.0,RES,True
MTR-00655,FDR-010,SUB-04,REG-COASTAL,21.4,115.0,RES,False
MTR-00656,FDR-010,SUB-04,REG-COASTAL,21.4,115.0,RES,False
MTR-00657,FDR-010,SUB-04,REG-COASTAL,21.4,115.0,RES,False
MTR-00658,FDR-010,SUB-04,REG-COASTAL,21.4,115.0,COM,False
MTR-00659,FDR-010,SUB-04,REG-COASTAL,21.4,115.0,RES,False
MTR-00660,FDR-010,SUB-04,REG-COASTAL,21.4,115.0,IND,False
MTR-00661,FDR-010,SUB-04,REG-COASTAL,21.4,115.0,RES,False
MTR-00662,FDR-010,SUB-04,REG-COASTAL,21.4,115.0,RES,False
MTR-00663,FDR-010,SUB-04,REG-COASTAL,21.4,115.0,IND,False
MTR-00664,FDR-010,SUB-04,REG-COASTAL,21.4,115.0,RES,False
MTR-00665,FDR-010,SUB-04,REG-COASTAL,21.4,115.0,RES,False
MTR-00666,FDR-011,SUB-04,REG-COASTAL,28.4,115.0,RES,False
MTR-00667,FDR-011,SUB-04,REG-COASTAL,28.4,115.0,COM,False
MTR-00668,FDR-011,SUB-04,REG-COASTAL,28.4,115.0,RES,False
MTR-00669,FDR-011,SUB-04,REG-COASTAL,28.4,115.0,IND,False
MTR-00670,FDR-011,SUB-04,REG-COASTAL,28.4,115.0,IND,False
MTR-00671,FDR-011,SUB-04,REG-COASTAL,28.4,115.0,RES,False
MTR-00672,FDR-011,SUB-04,REG-COASTAL,28.4,115.0,COM,False
MTR-00673,FDR-011,SUB-04,REG-COASTAL,28.4,115.0,RES,False
MTR-00674,FDR-011,SUB-04,REG-COASTAL,28.4,115.0,RES,False
MTR-00675,FDR-011,SUB-04,REG-COASTAL,28.4,115.0,RES,False
MTR-00676,FDR-011,SUB-04,REG-COASTAL,28.4,115.0,RES,False
MTR-00677,FDR-011,SUB-04,REG-COASTAL,28.4,115.0,COM,False
MTR-00678,FDR-011,SUB-04,REG-COASTAL,28.4,115.0,RES,False
MTR-00679,FDR-011,SUB-04,REG-COASTAL,28.4,115.0,RES,False
MTR-00680,FDR-011,SUB-04,REG-COASTAL,28.4,115.0,IND,False
MTR-00681,FDR-011,SUB-04,REG-COASTAL,28.4,115.0,RES,False
MTR-00682,FDR-011,SUB-04,REG-COASTAL,28.4,115.0,RES,False
MTR-00683,FDR-011,SUB-04,REG-COASTAL,28.4,115.0,RES,False
MTR-00684,FDR-011,SUB-04,REG-COASTAL,28.4,115.0,COM,False
MTR-00685,FDR-011,SUB-04,REG-COASTAL,28.4,115.0,COM,False
MTR-00686,FDR-011,SUB-04,REG-COASTAL,28.4,115.0,IND,False
MTR-00687,FDR-011,SUB-04,REG-COASTAL,28.4,115.0,RES,False
MTR-00688,FDR-011,SUB-04,REG-COASTAL,28.4,115.0,RES,False
MTR-00689,FDR-011,SUB-04,REG-COASTAL,28.4,115.0,RES,False
MTR-00690,FDR-011,SUB-04,REG-COASTAL,28.4,115.0,COM,False
MTR-00691,FDR-011,SUB-04,REG-COASTAL,28.4,115.0,RES,False
MTR-00692,FDR-011,SUB-04,REG-COASTAL,28.4,115.0,RES,False
MTR-00693,FDR-011,SUB-04,REG-COASTAL,28.4,115.0,RES,False
MTR-00694,FDR-011,SUB-04,REG-COASTAL,28.4,115.0,RES,False
MTR-00695,FDR-011,SUB-04,REG-COASTAL,28.4,115.0,RES,False
MTR-00696,FDR-011,SUB-04,REG-COASTAL,28.4,115.0,RES,False
MTR-00697,FDR-011,SUB-04,REG-COASTAL,28.4,115.0,RES,False
MTR-00698,FDR-011,SUB-04,REG-COASTAL,28.4,115.0,IND,False
MTR-00699,FDR-011,SUB-04,REG-COASTAL,28.4,115.0,RES,False
MTR-00700,FDR-011,SUB-04,REG-COASTAL,28.4,115.0,IND,False
MTR-00701,FDR-011,SUB-04,REG-COASTAL,28.4,115.0,COM,False
MTR-00702,FDR-011,SUB-04,REG-COASTAL,28.4,115.0,COM,False
MTR-00703,FDR-011,SUB-04,REG-COASTAL,28.4,115.0,RES,False
MTR-00704,FDR-011,SUB-04,REG-COASTAL,28.4,115.0,RES,False
MTR-00705,FDR-011,SUB-04,REG-COASTAL,28.4,115.0,IND,False
MTR-00706,FDR-011,SUB-04,REG-COASTAL,28.4,115.0,COM,False
MTR-00707,FDR-011,SUB-04,REG-COASTAL,28.4,115.0,RES,False
MTR-00708,FDR-011,SUB-04,REG-COASTAL,28.4,115.0,COM,False
MTR-00709,FDR-011,SUB-04,REG-COASTAL,28.4,115.0,RES,False
MTR-00710,FDR-011,SUB-04,REG-COASTAL,28.4,115.0,COM,False
MTR-00711,FDR-011,SUB-04,REG-COASTAL,28.4,115.0,RES,False
MTR-00712,FDR-011,SUB-04,REG-COASTAL,28.4,115.0,COM,False
MTR-00713,FDR-011,SUB-04,REG-COASTAL,28.4,115.0,RES,False
MTR-00714,FDR-011,SUB-04,REG-COASTAL,28.4,115.0,COM,False
MTR-00715,FDR-011,SUB-04,REG-COASTAL,28.4,115.0,IND,False
MTR-00716,FDR-011,SUB-04,REG-COASTAL,28.4,115.0,COM,False
MTR-00717,FDR-011,SUB-04,REG-COASTAL,28.4,115.0,IND,True
MTR-00718,FDR-011,SUB-04,REG-COASTAL,28.4,115.0,RES,False
MTR-00719,FDR-011,SUB-04,REG-COASTAL,28.4,115.0,RES,False
MTR-00720,FDR-011,SUB-04,REG-COASTAL,28.4,115.0,COM,False
MTR-00721,FDR-011,SUB-04,REG-COASTAL,28.4,115.0,RES,False
MTR-00722,FDR-011,SUB-04,REG-COASTAL,28.4,115.0,IND,False
MTR-00723,FDR-011,SUB-04,REG-COASTAL,28.4,115.0,IND,False
MTR-00724,FDR-011,SUB-04,REG-COASTAL,28.4,115.0,RES,False
MTR-00725,FDR-011,SUB-04,REG-COASTAL,28.4,115.0,COM,False
MTR-00726,FDR-011,SUB-04,REG-COASTAL,28.4,115.0,RES,False
MTR-00727,FDR-011,SUB-04,REG-COASTAL,28.4,115.0,RES,False
MTR-00728,FDR-011,SUB-04,REG-COASTAL,28.4,115.0,IND,False
MTR-00729,FDR-011,SUB-04,REG-COASTAL,28.4,115.0,COM,False
MTR-00730,FDR-011,SUB-04,REG-COASTAL,28.4,115.0,RES,False
MTR-00731,FDR-012,SUB-04,REG-COASTAL,29.7,115.0,COM,False
MTR-00732,FDR-012,SUB-04,REG-COASTAL,29.7,115.0,IND,False
MTR-00733,FDR-012,SUB-04,REG-COASTAL,29.7,115.0,IND,False
MTR-00734,FDR-012,SUB-04,REG-COASTAL,29.7,115.0,COM,False
MTR-00735,FDR-012,SUB-04,REG-COASTAL,29.7,115.0,COM,False
MTR-00736,FDR-012,SUB-04,REG-COASTAL,29.7,115.0,IND,False
MTR-00737,FDR-012,SUB-04,REG-COASTAL,29.7,115.0,COM,False
MTR-00738,FDR-012,SUB-04,REG-COASTAL,29.7,115.0,COM,False
MTR-00739,FDR-012,SUB-04,REG-COASTAL,29.7,115.0,RES,False
MTR-00740,FDR-012,SUB-04,REG-COASTAL,29.7,115.0,COM,False
MTR-00741,FDR-012,SUB-04,REG-COASTAL,29.7,115.0,IND,False
MTR-00742,FDR-012,SUB-04,REG-COASTAL,29.7,115.0,IND,False
MTR-00743,FDR-012,SUB-04,REG-COASTAL,29.7,115.0,COM,False
MTR-00744,FDR-012,SUB-04,REG-COASTAL,29.7,115.0,COM,True
MTR-00745,FDR-012,SUB-04,REG-COASTAL,29.7,115.0,RES,False
MTR-00746,FDR-012,SUB-04,REG-COASTAL,29.7,115.0,RES,False
MTR-00747,FDR-012,SUB-04,REG-COASTAL,29.7,115.0,RES,False
MTR-00748,FDR-012,SUB-04,REG-COASTAL,29.7,115.0,COM,False
MTR-00749,FDR-012,SUB-04,REG-COASTAL,29.7,115.0,COM,False
MTR-00750,FDR-012,SUB-04,REG-COASTAL,29.7,115.0,IND,False
MTR-00751,FDR-012,SUB-04,REG-COASTAL,29.7,115.0,IND,False
MTR-00752,FDR-012,SUB-04,REG-COASTAL,29.7,115.0,IND,False
MTR-00753,FDR-012,SUB-04,REG-COASTAL,29.7,115.0,RES,False
MTR-00754,FDR-012,SUB-04,REG-COASTAL,29.7,115.0,COM,False
MTR-00755,FDR-012,SUB-04,REG-COASTAL,29.7,115.0,COM,False
MTR-00756,FDR-012,SUB-04,REG-COASTAL,29.7,115.0,COM,False
MTR-00757,FDR-012,SUB-04,REG-COASTAL,29.7,115.0,COM,False
MTR-00758,FDR-012,SUB-04,REG-COASTAL,29.7,115.0,COM,False
MTR-00759,FDR-012,SUB-04,REG-COASTAL,29.7,115.0,RES,False
MTR-00760,FDR-012,SUB-04,REG-COASTAL,29.7,115.0,COM,False
MTR-00761,FDR-012,SUB-04,REG-COASTAL,29.7,115.0,COM,False
MTR-00762,FDR-012,SUB-04,REG-COASTAL,29.7,115.0,RES,True
MTR-00763,FDR-012,SUB-04,REG-COASTAL,29.7,115.0,RES,False
MTR-00764,FDR-012,SUB-04,REG-COASTAL,29.7,115.0,RES,False
MTR-00765,FDR-012,SUB-04,REG-COASTAL,29.7,115.0,RES,False
MTR-00766,FDR-012,SUB-04,REG-COASTAL,29.7,115.0,COM,False
MTR-00767,FDR-012,SUB-04,REG-COASTAL,29.7,115.0,RES,False
MTR-00768,FDR-012,SUB-04,REG-COASTAL,29.7,115.0,RES,False
MTR-00769,FDR-012,SUB-04,REG-COASTAL,29.7,115.0,IND,False
MTR-00770,FDR-012,SUB-04,REG-COASTAL,29.7,115.0,RES,False
MTR-00771,FDR-012,SUB-04,REG-COASTAL,29.7,115.0,RES,False
MTR-00772,FDR-012,SUB-04,REG-COASTAL,29.7,115.0,RES,False
MTR-00773,FDR-012,SUB-04,REG-COASTAL,29.7,115.0,COM,False
MTR-00774,FDR-012,SUB-04,REG-COASTAL,29.7,115.0,COM,False
MTR-00775,FDR-012,SUB-04,REG-COASTAL,29.7,115.0,COM,False
MTR-00776,FDR-012,SUB-04,REG-COASTAL,29.7,115.0,COM,False
MTR-00777,FDR-012,SUB-04,REG-COASTAL,29.7,115.0,COM,False
MTR-00778,FDR-012,SUB-04,REG-COASTAL,29.7,115.0,RES,False
MTR-00779,FDR-012,SUB-04,REG-COASTAL,29.7,115.0,IND,False
MTR-00780,FDR-012,SUB-04,REG-COASTAL,29.7,115.0,IND,False
MTR-00781,FDR-012,SUB-04,REG-COASTAL,29.7,115.0,COM,False
MTR-00782,FDR-012,SUB-04,REG-COASTAL,29.7,115.0,COM,False
MTR-00783,FDR-012,SUB-04,REG-COASTAL,29.7,115.0,RES,False
MTR-00784,FDR-012,SUB-04,REG-COASTAL,29.7,115.0,COM,False
MTR-00785,FDR-012,SUB-04,REG-COASTAL,29.7,115.0,COM,False
MTR-00786,FDR-012,SUB-04,REG-COASTAL,29.7,115.0,COM,False
MTR-00787,FDR-012,SUB-04,REG-COASTAL,29.7,115.0,RES,False
MTR-00788,FDR-012,SUB-04,REG-COASTAL,29.7,115.0,IND,True
MTR-00789,FDR-012,SUB-04,REG-COASTAL,29.7,115.0,IND,False
MTR-00790,FDR-012,SUB-04,REG-COASTAL,29.7,115.0,RES,False
MTR-00791,FDR-012,SUB-04,REG-COASTAL,29.7,115.0,RES,False
MTR-00792,FDR-012,SUB-04,REG-COASTAL,29.7,115.0,RES,False
MTR-00793,FDR-012,SUB-04,REG-COASTAL,29.7,115.0,RES,False
MTR-00794,FDR-012,SUB-04,REG-COASTAL,29.7,115.0,RES,False
MTR-00795,FDR-012,SUB-04,REG-COASTAL,29.7,115.0,RES,False
MTR-00796,FDR-012,SUB-04,REG-COASTAL,29.7,115.0,RES,False
MTR-00797,FDR-012,SUB-04,REG-COASTAL,29.7,115.0,RES,False
MTR-00798,FDR-012,SUB-04,REG-COASTAL,29.7,115.0,RES,False
MTR-00799,FDR-012,SUB-04,REG-COASTAL,29.7,115.0,IND,False
MTR-00800,FDR-012,SUB-04,REG-COASTAL,29.7,115.0,COM,False
MTR-00801,FDR-013,SUB-05,REG-METRO,33.8,115.0,RES,False
MTR-00802,FDR-013,SUB-05,REG-METRO,33.8,115.0,COM,False
MTR-00803,FDR-013,SUB-05,REG-METRO,33.8,115.0,IND,False
MTR-00804,FDR-013,SUB-05,REG-METRO,33.8,115.0,RES,False
MTR-00805,FDR-013,SUB-05,REG-METRO,33.8,115.0,IND,False
MTR-00806,FDR-013,SUB-05,REG-METRO,33.8,115.0,RES,False
MTR-00807,FDR-013,SUB-05,REG-METRO,33.8,115.0,RES,False
MTR-00808,FDR-013,SUB-05,REG-METRO,33.8,115.0,IND,False
MTR-00809,FDR-013,SUB-05,REG-METRO,33.8,115.0,RES,False
MTR-00810,FDR-013,SUB-05,REG-METRO,33.8,115.0,COM,False
MTR-00811,FDR-013,SUB-05,REG-METRO,33.8,115.0,COM,False
MTR-00812,FDR-013,SUB-05,REG-METRO,33.8,115.0,COM,False
MTR-00813,FDR-013,SUB-05,REG-METRO,33.8,115.0,IND,True
MTR-00814,FDR-013,SUB-05,REG-METRO,33.8,115.0,RES,False
MTR-00815,FDR-013,SUB-05,REG-METRO,33.8,115.0,RES,False
MTR-00816,FDR-013,SUB-05,REG-METRO,33.8,115.0,IND,False
MTR-00817,FDR-013,SUB-05,REG-METRO,33.8,115.0,IND,False
MTR-00818,FDR-013,SUB-05,REG-METRO,33.8,115.0,RES,False
MTR-00819,FDR-013,SUB-05,REG-METRO,33.8,115.0,RES,False
MTR-00820,FDR-013,SUB-05,REG-METRO,33.8,115.0,RES,False
MTR-00821,FDR-013,SUB-05,REG-METRO,33.8,115.0,RES,False
MTR-00822,FDR-013,SUB-05,REG-METRO,33.8,115.0,COM,False
MTR-00823,FDR-013,SUB-05,REG-METRO,33.8,115.0,RES,False
MTR-00824,FDR-013,SUB-05,REG-METRO,33.8,115.0,IND,False
MTR-00825,FDR-013,SUB-05,REG-METRO,33.8,115.0,RES,False
MTR-00826,FDR-013,SUB-05,REG-METRO,33.8,115.0,COM,False
MTR-00827,FDR-013,SUB-05,REG-METRO,33.8,115.0,COM,False
MTR-00828,FDR-013,SUB-05,REG-METRO,33.8,115.0,RES,False
MTR-00829,FDR-013,SUB-05,REG-METRO,33.8,115.0,RES,False
MTR-00830,FDR-013,SUB-05,REG-METRO,33.8,115.0,COM,False
MTR-00831,FDR-013,SUB-05,REG-METRO,33.8,115.0,RES,False
MTR-00832,FDR-013,SUB-05,REG-METRO,33.8,115.0,IND,False
MTR-00833,FDR-013,SUB-05,REG-METRO,33.8,115.0,RES,True
MTR-00834,FDR-013,SUB-05,REG-METRO,33.8,115.0,RES,False
MTR-00835,FDR-013,SUB-05,REG-METRO,33.8,115.0,COM,False
MTR-00836,FDR-013,SUB-05,REG-METRO,33.8,115.0,COM,False
MTR-00837,FDR-013,SUB-05,REG-METRO,33.8,115.0,COM,False
MTR-00838,FDR-013,SUB-05,REG-METRO,33.8,115.0,RES,False
MTR-00839,FDR-013,SUB-05,REG-METRO,33.8,115.0,RES,False
MTR-00840,FDR-013,SUB-05,REG-METRO,33.8,115.0,RES,False
MTR-00841,FDR-013,SUB-05,REG-METRO,33.8,115.0,COM,False
MTR-00842,FDR-013,SUB-05,REG-METRO,33.8,115.0,RES,False
MTR-00843,FDR-013,SUB-05,REG-METRO,33.8,115.0,RES,False
MTR-00844,FDR-013,SUB-05,REG-METRO,33.8,115.0,RES,False
MTR-00845,FDR-013,SUB-05,REG-METRO,33.8,115.0,RES,False
MTR-00846,FDR-013,SUB-05,REG-METRO,33.8,115.0,RES,False
MTR-00847,FDR-013,SUB-05,REG-METRO,33.8,115.0,RES,False
MTR-00848,FDR-013,SUB-05,REG-METRO,33.8,115.0,RES,False
MTR-00849,FDR-013,SUB-05,REG-METRO,33.8,115.0,COM,True
MTR-00850,FDR-013,SUB-05,REG-METRO,33.8,115.0,RES,False
MTR-00851,FDR-013,SUB-05,REG-METRO,33.8,115.0,IND,False
MTR-00852,FDR-013,SUB-05,REG-METRO,33.8,115.0,RES,False
MTR-00853,FDR-013,SUB-05,REG-METRO,33.8,115.0,COM,False
MTR-00854,FDR-013,SUB-05,REG-METRO,33.8,115.0,RES,False
MTR-00855,FDR-013,SUB-05,REG-METRO,33.8,115.0,RES,False
MTR-00856,FDR-013,SUB-05,REG-METRO,33.8,115.0,COM,False
MTR-00857,FDR-013,SUB-05,REG-METRO,33.8,115.0,COM,False
MTR-00858,FDR-013,SUB-05,REG-METRO,33.8,115.0,RES,False
MTR-00859,FDR-013,SUB-05,REG-METRO,33.8,115.0,IND,False
MTR-00860,FDR-013,SUB-05,REG-METRO,33.8,115.0,RES,True
MTR-00861,FDR-013,SUB-05,REG-METRO,33.8,115.0,RES,False
MTR-00862,FDR-013,SUB-05,REG-METRO,33.8,115.0,RES,False
MTR-00863,FDR-013,SUB-05,REG-METRO,33.8,115.0,RES,False
MTR-00864,FDR-013,SUB-05,REG-METRO,33.8,115.0,RES,False
MTR-00865,FDR-013,SUB-05,REG-METRO,33.8,115.0,RES,False
MTR-00866,FDR-014,SUB-05,REG-METRO,29.0,115.0,RES,False
MTR-00867,FDR-014,SUB-05,REG-METRO,29.0,115.0,IND,False
MTR-00868,FDR-014,SUB-05,REG-METRO,29.0,115.0,COM,False
MTR-00869,FDR-014,SUB-05,REG-METRO,29.0,115.0,RES,False
MTR-00870,FDR-014,SUB-05,REG-METRO,29.0,115.0,RES,False
MTR-00871,FDR-014,SUB-05,REG-METRO,29.0,115.0,RES,False
MTR-00872,FDR-014,SUB-05,REG-METRO,29.0,115.0,RES,False
MTR-00873,FDR-014,SUB-05,REG-METRO,29.0,115.0,COM,False
MTR-00874,FDR-014,SUB-05,REG-METRO,29.0,115.0,RES,False
MTR-00875,FDR-014,SUB-05,REG-METRO,29.0,115.0,COM,False
MTR-00876,FDR-014,SUB-05,REG-METRO,29.0,115.0,IND,False
MTR-00877,FDR-014,SUB-05,REG-METRO,29.0,115.0,RES,False
MTR-00878,FDR-014,SUB-05,REG-METRO,29.0,115.0,RES,False
MTR-00879,FDR-014,SUB-05,REG-METRO,29.0,115.0,RES,False
MTR-00880,FDR-014,SUB-05,REG-METRO,29.0,115.0,RES,False
MTR-00881,FDR-014,SUB-05,REG-METRO,29.0,115.0,IND,False
MTR-00882,FDR-014,SUB-05,REG-METRO,29.0,115.0,IND,False
MTR-00883,FDR-014,SUB-05,REG-METRO,29.0,115.0,RES,False
MTR-00884,FDR-014,SUB-05,REG-METRO,29.0,115.0,COM,False
MTR-00885,FDR-014,SUB-05,REG-METRO,29.0,115.0,RES,False
MTR-00886,FDR-014,SUB-05,REG-METRO,29.0,115.0,RES,False
MTR-00887,FDR-014,SUB-05,REG-METRO,29.0,115.0,RES,False
MTR-00888,FDR-014,SUB-05,REG-METRO,29.0,115.0,COM,False
MTR-00889,FDR-014,SUB-05,REG-METRO,29.0,115.0,COM,False
MTR-00890,FDR-014,SUB-05,REG-METRO,29.0,115.0,RES,False
MTR-00891,FDR-014,SUB-05,REG-METRO,29.0,115.0,RES,False
MTR-00892,FDR-014,SUB-05,REG-METRO,29.0,115.0,RES,False
MTR-00893,FDR-014,SUB-05,REG-METRO,29.0,115.0,RES,False
MTR-00894,FDR-014,SUB-05,REG-METRO,29.0,115.0,IND,False
MTR-00895,FDR-014,SUB-05,REG-METRO,29.0,115.0,RES,False
MTR-00896,FDR-014,SUB-05,REG-METRO,29.0,115.0,COM,False
MTR-00897,FDR-014,SUB-05,REG-METRO,29.0,115.0,RES,False
MTR-00898,FDR-014,SUB-05,REG-METRO,29.0,115.0,COM,False
MTR-00899,FDR-014,SUB-05,REG-METRO,29.0,115.0,IND,False
MTR-00900,FDR-014,SUB-05,REG-METRO,29.0,115.0,RES,False
MTR-00901,FDR-014,SUB-05,REG-METRO,29.0,115.0,RES,False
MTR-00902,FDR-014,SUB-05,REG-METRO,29.0,115.0,COM,False
MTR-00903,FDR-014,SUB-05,REG-METRO,29.0,115.0,IND,False
MTR-00904,FDR-014,SUB-05,REG-METRO,29.0,115.0,COM,False
MTR-00905,FDR-014,SUB-05,REG-METRO,29.0,115.0,RES,False
MTR-00906,FDR-014,SUB-05,REG-METRO,29.0,115.0,RES,False
MTR-00907,FDR-014,SUB-05,REG-METRO,29.0,115.0,COM,False
MTR-00908,FDR-014,SUB-05,REG-METRO,29.0,115.0,COM,False
MTR-00909,FDR-014,SUB-05,REG-METRO,29.0,115.0,COM,False
MTR-00910,FDR-014,SUB-05,REG-METRO,29.0,115.0,RES,False
MTR-00911,FDR-014,SUB-05,REG-METRO,29.0,115.0,RES,False
MTR-00912,FDR-014,SUB-05,REG-METRO,29.0,115.0,RES,False
MTR-00913,FDR-014,SUB-05,REG-METRO,29.0,115.0,RES,False
MTR-00914,FDR-014,SUB-05,REG-METRO,29.0,115.0,COM,False
MTR-00915,FDR-014,SUB-05,REG-METRO,29.0,115.0,COM,False
MTR-00916,FDR-014,SUB-05,REG-METRO,29.0,115.0,RES,False
MTR-00917,FDR-014,SUB-05,REG-METRO,29.0,115.0,RES,False
MTR-00918,FDR-014,SUB-05,REG-METRO,29.0,115.0,COM,False
MTR-00919,FDR-014,SUB-05,REG-METRO,29.0,115.0,COM,False
MTR-00920,FDR-014,SUB-05,REG-METRO,29.0,115.0,RES,False
MTR-00921,FDR-014,SUB-05,REG-METRO,29.0,115.0,RES,False
MTR-00922,FDR-014,SUB-05,REG-METRO,29.0,115.0,COM,False
MTR-00923,FDR-014,SUB-05,REG-METRO,29.0,115.0,RES,False
MTR-00924,FDR-014,SUB-05,REG-METRO,29.0,115.0,COM,False
MTR-00925,FDR-014,SUB-05,REG-METRO,29.0,115.0,RES,False
MTR-00926,FDR-014,SUB-05,REG-METRO,29.0,115.0,RES,False
MTR-00927,FDR-014,SUB-05,REG-METRO,29.0,115.0,RES,False
MTR-00928,FDR-014,SUB-05,REG-METRO,29.0,115.0,RES,False
MTR-00929,FDR-014,SUB-05,REG-METRO,29.0,115.0,COM,False
MTR-00930,FDR-014,SUB-05,REG-METRO,29.0,115.0,RES,False
MTR-00931,FDR-014,SUB-05,REG-METRO,29.0,115.0,RES,False
MTR-00932,FDR-014,SUB-05,REG-METRO,29.0,115.0,RES,False
MTR-00933,FDR-014,SUB-05,REG-METRO,29.0,115.0,IND,False
MTR-00934,FDR-014,SUB-05,REG-METRO,29.0,115.0,IND,False
MTR-00935,FDR-014,SUB-05,REG-METRO,29.0,115.0,COM,False
MTR-00936,FDR-015,SUB-05,REG-METRO,21.7,115.0,RES,False
MTR-00937,FDR-015,SUB-05,REG-METRO,21.7,115.0,RES,False
MTR-00938,FDR-015,SUB-05,REG-METRO,21.7,115.0,RES,False
MTR-00939,FDR-015,SUB-05,REG-METRO,21.7,115.0,COM,False
MTR-00940,FDR-015,SUB-05,REG-METRO,21.7,115.0,RES,False
MTR-00941,FDR-015,SUB-05,REG-METRO,21.7,115.0,COM,False
MTR-00942,FDR-015,SUB-05,REG-METRO,21.7,115.0,RES,False
MTR-00943,FDR-015,SUB-05,REG-METRO,21.7,115.0,RES,False
MTR-00944,FDR-015,SUB-05,REG-METRO,21.7,115.0,RES,False
MTR-00945,FDR-015,SUB-05,REG-METRO,21.7,115.0,COM,False
MTR-00946,FDR-015,SUB-05,REG-METRO,21.7,115.0,RES,False
MTR-00947,FDR-015,SUB-05,REG-METRO,21.7,115.0,COM,False
MTR-00948,FDR-015,SUB-05,REG-METRO,21.7,115.0,RES,False
MTR-00949,FDR-015,SUB-05,REG-METRO,21.7,115.0,IND,False
MTR-00950,FDR-015,SUB-05,REG-METRO,21.7,115.0,RES,False
MTR-00951,FDR-015,SUB-05,REG-METRO,21.7,115.0,RES,False
MTR-00952,FDR-015,SUB-05,REG-METRO,21.7,115.0,RES,False
MTR-00953,FDR-015,SUB-05,REG-METRO,21.7,115.0,RES,False
MTR-00954,FDR-015,SUB-05,REG-METRO,21.7,115.0,COM,False
MTR-00955,FDR-015,SUB-05,REG-METRO,21.7,115.0,COM,False
MTR-00956,FDR-015,SUB-05,REG-METRO,21.7,115.0,RES,False
MTR-00957,FDR-015,SUB-05,REG-METRO,21.7,115.0,IND,False
MTR-00958,FDR-015,SUB-05,REG-METRO,21.7,115.0,COM,False
MTR-00959,FDR-015,SUB-05,REG-METRO,21.7,115.0,RES,False
MTR-00960,FDR-015,SUB-05,REG-METRO,21.7,115.0,RES,False
MTR-00961,FDR-015,SUB-05,REG-METRO,21.7,115.0,RES,False
MTR-00962,FDR-015,SUB-05,REG-METRO,21.7,115.0,RES,False
MTR-00963,FDR-015,SUB-05,REG-METRO,21.7,115.0,RES,False
MTR-00964,FDR-015,SUB-05,REG-METRO,21.7,115.0,COM,False
MTR-00965,FDR-015,SUB-05,REG-METRO,21.7,115.0,RES,False
MTR-00966,FDR-015,SUB-05,REG-METRO,21.7,115.0,IND,False
MTR-00967,FDR-015,SUB-05,REG-METRO,21.7,115.0,RES,False
MTR-00968,FDR-015,SUB-05,REG-METRO,21.7,115.0,RES,False
MTR-00969,FDR-015,SUB-05,REG-METRO,21.7,115.0,RES,False
MTR-00970,FDR-015,SUB-05,REG-METRO,21.7,115.0,RES,False
MTR-00971,FDR-015,SUB-05,REG-METRO,21.7,115.0,COM,False
MTR-00972,FDR-015,SUB-05,REG-METRO,21.7,115.0,COM,False
MTR-00973,FDR-015,SUB-05,REG-METRO,21.7,115.0,RES,True
MTR-00974,FDR-015,SUB-05,REG-METRO,21.7,115.0,RES,False
MTR-00975,FDR-015,SUB-05,REG-METRO,21.7,115.0,RES,False
MTR-00976,FDR-015,SUB-05,REG-METRO,21.7,115.0,RES,False
MTR-00977,FDR-015,SUB-05,REG-METRO,21.7,115.0,COM,False
MTR-00978,FDR-015,SUB-05,REG-METRO,21.7,115.0,COM,False
MTR-00979,FDR-015,SUB-05,REG-METRO,21.7,115.0,RES,False
MTR-00980,FDR-015,SUB-05,REG-METRO,21.7,115.0,RES,False
MTR-00981,FDR-015,SUB-05,REG-METRO,21.7,115.0,IND,False
MTR-00982,FDR-015,SUB-05,REG-METRO,21.7,115.0,COM,False
MTR-00983,FDR-015,SUB-05,REG-METRO,21.7,115.0,COM,False
MTR-00984,FDR-015,SUB-05,REG-METRO,21.7,115.0,RES,False
MTR-00985,FDR-015,SUB-05,REG-METRO,21.7,115.0,RES,False
MTR-00986,FDR-015,SUB-05,REG-METRO,21.7,115.0,RES,False
MTR-00987,FDR-015,SUB-05,REG-METRO,21.7,115.0,RES,False
MTR-00988,FDR-015,SUB-05,REG-METRO,21.7,115.0,COM,False
MTR-00989,FDR-015,SUB-05,REG-METRO,21.7,115.0,COM,False
MTR-00990,FDR-015,SUB-05,REG-METRO,21.7,115.0,COM,False
MTR-00991,FDR-015,SUB-05,REG-METRO,21.7,115.0,COM,False
MTR-00992,FDR-015,SUB-05,REG-METRO,21.7,115.0,COM,False
MTR-00993,FDR-015,SUB-05,REG-METRO,21.7,115.0,RES,False
MTR-00994,FDR-015,SUB-05,REG-METRO,21.7,115.0,RES,False
MTR-00995,FDR-015,SUB-05,REG-METRO,21.7,115.0,COM,False
MTR-00996,FDR-015,SUB-05,REG-METRO,21.7,115.0,RES,False
MTR-00997,FDR-015,SUB-05,REG-METRO,21.7,115.0,RES,False
MTR-00998,FDR-015,SUB-05,REG-METRO,21.7,115.0,RES,False
MTR-00999,FDR-015,SUB-05,REG-METRO,21.7,115.0,RES,False
MTR-01000,FDR-015,SUB-05,REG-METRO,21.7,115.0,COM,False
MTR-01001,FDR-016,SUB-06,REG-METRO,22.3,115.0,RES,False
MTR-01002,FDR-016,SUB-06,REG-METRO,22.3,115.0,COM,False
MTR-01003,FDR-016,SUB-06,REG-METRO,22.3,115.0,COM,False
MTR-01004,FDR-016,SUB-06,REG-METRO,22.3,115.0,RES,False
MTR-01005,FDR-016,SUB-06,REG-METRO,22.3,115.0,COM,False
MTR-01006,FDR-016,SUB-06,REG-METRO,22.3,115.0,RES,False
MTR-01007,FDR-016,SUB-06,REG-METRO,22.3,115.0,RES,False
MTR-01008,FDR-016,SUB-06,REG-METRO,22.3,115.0,COM,False
MTR-01009,FDR-016,SUB-06,REG-METRO,22.3,115.0,RES,False
MTR-01010,FDR-016,SUB-06,REG-METRO,22.3,115.0,RES,False
MTR-01011,FDR-016,SUB-06,REG-METRO,22.3,115.0,COM,False
MTR-01012,FDR-016,SUB-06,REG-METRO,22.3,115.0,COM,False
MTR-01013,FDR-016,SUB-06,REG-METRO,22.3,115.0,RES,False
MTR-01014,FDR-016,SUB-06,REG-METRO,22.3,115.0,RES,False
MTR-01015,FDR-016,SUB-06,REG-METRO,22.3,115.0,COM,False
MTR-01016,FDR-016,SUB-06,REG-METRO,22.3,115.0,RES,False
MTR-01017,FDR-016,SUB-06,REG-METRO,22.3,115.0,RES,False
MTR-01018,FDR-016,SUB-06,REG-METRO,22.3,115.0,COM,False
MTR-01019,FDR-016,SUB-06,REG-METRO,22.3,115.0,IND,False
MTR-01020,FDR-016,SUB-06,REG-METRO,22.3,115.0,IND,False
MTR-01021,FDR-016,SUB-06,REG-METRO,22.3,115.0,RES,False
MTR-01022,FDR-016,SUB-06,REG-METRO,22.3,115.0,COM,False
MTR-01023,FDR-016,SUB-06,REG-METRO,22.3,115.0,RES,False
MTR-01024,FDR-016,SUB-06,REG-METRO,22.3,115.0,IND,False
MTR-01025,FDR-016,SUB-06,REG-METRO,22.3,115.0,COM,False
MTR-01026,FDR-016,SUB-06,REG-METRO,22.3,115.0,COM,False
MTR-01027,FDR-016,SUB-06,REG-METRO,22.3,115.0,COM,False
MTR-01028,FDR-016,SUB-06,REG-METRO,22.3,115.0,IND,False
MTR-01029,FDR-016,SUB-06,REG-METRO,22.3,115.0,IND,False
MTR-01030,FDR-016,SUB-06,REG-METRO,22.3,115.0,RES,False
MTR-01031,FDR-016,SUB-06,REG-METRO,22.3,115.0,RES,False
MTR-01032,FDR-016,SUB-06,REG-METRO,22.3,115.0,COM,False
MTR-01033,FDR-016,SUB-06,REG-METRO,22.3,115.0,RES,False
MTR-01034,FDR-016,SUB-06,REG-METRO,22.3,115.0,COM,False
MTR-01035,FDR-016,SUB-06,REG-METRO,22.3,115.0,COM,False
MTR-01036,FDR-016,SUB-06,REG-METRO,22.3,115.0,RES,False
MTR-01037,FDR-016,SUB-06,REG-METRO,22.3,115.0,COM,False
MTR-01038,FDR-016,SUB-06,REG-METRO,22.3,115.0,COM,False
MTR-01039,FDR-016,SUB-06,REG-METRO,22.3,115.0,RES,False
MTR-01040,FDR-016,SUB-06,REG-METRO,22.3,115.0,COM,False
MTR-01041,FDR-016,SUB-06,REG-METRO,22.3,115.0,RES,False
MTR-01042,FDR-016,SUB-06,REG-METRO,22.3,115.0,COM,False
MTR-01043,FDR-016,SUB-06,REG-METRO,22.3,115.0,COM,False
MTR-01044,FDR-016,SUB-06,REG-METRO,22.3,115.0,IND,False
MTR-01045,FDR-016,SUB-06,REG-METRO,22.3,115.0,IND,False
MTR-01046,FDR-016,SUB-06,REG-METRO,22.3,115.0,COM,False
MTR-01047,FDR-016,SUB-06,REG-METRO,22.3,115.0,COM,False
MTR-01048,FDR-016,SUB-06,REG-METRO,22.3,115.0,RES,False
MTR-01049,FDR-016,SUB-06,REG-METRO,22.3,115.0,RES,False
MTR-01050,FDR-016,SUB-06,REG-METRO,22.3,115.0,RES,False
MTR-01051,FDR-016,SUB-06,REG-METRO,22.3,115.0,RES,False
MTR-01052,FDR-016,SUB-06,REG-METRO,22.3,115.0,COM,False
MTR-01053,FDR-016,SUB-06,REG-METRO,22.3,115.0,IND,False
MTR-01054,FDR-016,SUB-06,REG-METRO,22.3,115.0,COM,False
MTR-01055,FDR-016,SUB-06,REG-METRO,22.3,115.0,RES,False
MTR-01056,FDR-016,SUB-06,REG-METRO,22.3,115.0,RES,False
MTR-01057,FDR-016,SUB-06,REG-METRO,22.3,115.0,COM,False
MTR-01058,FDR-016,SUB-06,REG-METRO,22.3,115.0,RES,False
MTR-01059,FDR-016,SUB-06,REG-METRO,22.3,115.0,COM,False
MTR-01060,FDR-016,SUB-06,REG-METRO,22.3,115.0,RES,True
MTR-01061,FDR-016,SUB-06,REG-METRO,22.3,115.0,RES,False
MTR-01062,FDR-016,SUB-06,REG-METRO,22.3,115.0,RES,False
MTR-01063,FDR-016,SUB-06,REG-METRO,22.3,115.0,RES,False
MTR-01064,FDR-016,SUB-06,REG-METRO,22.3,115.0,RES,False
MTR-01065,FDR-016,SUB-06,REG-METRO,22.3,115.0,RES,False
MTR-01066,FDR-017,SUB-06,REG-METRO,32.0,115.0,RES,False
MTR-01067,FDR-017,SUB-06,REG-METRO,32.0,115.0,IND,False
MTR-01068,FDR-017,SUB-06,REG-METRO,32.0,115.0,RES,False
MTR-01069,FDR-017,SUB-06,REG-METRO,32.0,115.0,COM,False
MTR-01070,FDR-017,SUB-06,REG-METRO,32.0,115.0,COM,False
MTR-01071,FDR-017,SUB-06,REG-METRO,32.0,115.0,COM,False
MTR-01072,FDR-017,SUB-06,REG-METRO,32.0,115.0,RES,False
MTR-01073,FDR-017,SUB-06,REG-METRO,32.0,115.0,RES,False
MTR-01074,FDR-017,SUB-06,REG-METRO,32.0,115.0,COM,False
MTR-01075,FDR-017,SUB-06,REG-METRO,32.0,115.0,RES,False
MTR-01076,FDR-017,SUB-06,REG-METRO,32.0,115.0,COM,False
MTR-01077,FDR-017,SUB-06,REG-METRO,32.0,115.0,COM,False
MTR-01078,FDR-017,SUB-06,REG-METRO,32.0,115.0,IND,False
MTR-01079,FDR-017,SUB-06,REG-METRO,32.0,115.0,RES,False
MTR-01080,FDR-017,SUB-06,REG-METRO,32.0,115.0,IND,False
MTR-01081,FDR-017,SUB-06,REG-METRO,32.0,115.0,COM,False
MTR-01082,FDR-017,SUB-06,REG-METRO,32.0,115.0,RES,False
MTR-01083,FDR-017,SUB-06,REG-METRO,32.0,115.0,COM,False
MTR-01084,FDR-017,SUB-06,REG-METRO,32.0,115.0,RES,False
MTR-01085,FDR-017,SUB-06,REG-METRO,32.0,115.0,RES,False
MTR-01086,FDR-017,SUB-06,REG-METRO,32.0,115.0,COM,False
MTR-01087,FDR-017,SUB-06,REG-METRO,32.0,115.0,IND,False
MTR-01088,FDR-017,SUB-06,REG-METRO,32.0,115.0,COM,False
MTR-01089,FDR-017,SUB-06,REG-METRO,32.0,115.0,COM,False
MTR-01090,FDR-017,SUB-06,REG-METRO,32.0,115.0,IND,False
MTR-01091,FDR-017,SUB-06,REG-METRO,32.0,115.0,COM,False
MTR-01092,FDR-017,SUB-06,REG-METRO,32.0,115.0,IND,False
MTR-01093,FDR-017,SUB-06,REG-METRO,32.0,115.0,COM,False
MTR-01094,FDR-017,SUB-06,REG-METRO,32.0,115.0,COM,False
MTR-01095,FDR-017,SUB-06,REG-METRO,32.0,115.0,COM,False
MTR-01096,FDR-017,SUB-06,REG-METRO,32.0,115.0,RES,False
MTR-01097,FDR-017,SUB-06,REG-METRO,32.0,115.0,RES,False
MTR-01098,FDR-017,SUB-06,REG-METRO,32.0,115.0,RES,False
MTR-01099,FDR-017,SUB-06,REG-METRO,32.0,115.0,RES,False
MTR-01100,FDR-017,SUB-06,REG-METRO,32.0,115.0,COM,False
MTR-01101,FDR-017,SUB-06,REG-METRO,32.0,115.0,RES,False
MTR-01102,FDR-017,SUB-06,REG-METRO,32.0,115.0,COM,False
MTR-01103,FDR-017,SUB-06,REG-METRO,32.0,115.0,RES,False
MTR-01104,FDR-017,SUB-06,REG-METRO,32.0,115.0,IND,False
MTR-01105,FDR-017,SUB-06,REG-METRO,32.0,115.0,IND,False
MTR-01106,FDR-017,SUB-06,REG-METRO,32.0,115.0,RES,False
MTR-01107,FDR-017,SUB-06,REG-METRO,32.0,115.0,RES,False
MTR-01108,FDR-017,SUB-06,REG-METRO,32.0,115.0,IND,False
MTR-01109,FDR-017,SUB-06,REG-METRO,32.0,115.0,COM,False
MTR-01110,FDR-017,SUB-06,REG-METRO,32.0,115.0,RES,False
MTR-01111,FDR-017,SUB-06,REG-METRO,32.0,115.0,COM,False
MTR-01112,FDR-017,SUB-06,REG-METRO,32.0,115.0,IND,False
MTR-01113,FDR-017,SUB-06,REG-METRO,32.0,115.0,RES,False
MTR-01114,FDR-017,SUB-06,REG-METRO,32.0,115.0,RES,False
MTR-01115,FDR-017,SUB-06,REG-METRO,32.0,115.0,RES,False
MTR-01116,FDR-017,SUB-06,REG-METRO,32.0,115.0,RES,False
MTR-01117,FDR-017,SUB-06,REG-METRO,32.0,115.0,RES,False
MTR-01118,FDR-017,SUB-06,REG-METRO,32.0,115.0,RES,False
MTR-01119,FDR-017,SUB-06,REG-METRO,32.0,115.0,IND,False
MTR-01120,FDR-017,SUB-06,REG-METRO,32.0,115.0,RES,False
MTR-01121,FDR-017,SUB-06,REG-METRO,32.0,115.0,RES,False
MTR-01122,FDR-017,SUB-06,REG-METRO,32.0,115.0,RES,False
MTR-01123,FDR-017,SUB-06,REG-METRO,32.0,115.0,COM,False
MTR-01124,FDR-017,SUB-06,REG-METRO,32.0,115.0,RES,False
MTR-01125,FDR-017,SUB-06,REG-METRO,32.0,115.0,RES,False
MTR-01126,FDR-017,SUB-06,REG-METRO,32.0,115.0,RES,False
MTR-01127,FDR-017,SUB-06,REG-METRO,32.0,115.0,RES,False
MTR-01128,FDR-017,SUB-06,REG-METRO,32.0,115.0,COM,False
MTR-01129,FDR-017,SUB-06,REG-METRO,32.0,115.0,IND,False
MTR-01130,FDR-017,SUB-06,REG-METRO,32.0,115.0,COM,True
MTR-01131,FDR-018,SUB-06,REG-METRO,24.3,115.0,COM,False
MTR-01132,FDR-018,SUB-06,REG-METRO,24.3,115.0,RES,False
MTR-01133,FDR-018,SUB-06,REG-METRO,24.3,115.0,RES,False
MTR-01134,FDR-018,SUB-06,REG-METRO,24.3,115.0,RES,False
MTR-01135,FDR-018,SUB-06,REG-METRO,24.3,115.0,COM,False
MTR-01136,FDR-018,SUB-06,REG-METRO,24.3,115.0,RES,False
MTR-01137,FDR-018,SUB-06,REG-METRO,24.3,115.0,RES,False
MTR-01138,FDR-018,SUB-06,REG-METRO,24.3,115.0,RES,False
MTR-01139,FDR-018,SUB-06,REG-METRO,24.3,115.0,RES,True
MTR-01140,FDR-018,SUB-06,REG-METRO,24.3,115.0,COM,False
MTR-01141,FDR-018,SUB-06,REG-METRO,24.3,115.0,RES,False
MTR-01142,FDR-018,SUB-06,REG-METRO,24.3,115.0,RES,False
MTR-01143,FDR-018,SUB-06,REG-METRO,24.3,115.0,IND,False
MTR-01144,FDR-018,SUB-06,REG-METRO,24.3,115.0,COM,False
MTR-01145,FDR-018,SUB-06,REG-METRO,24.3,115.0,COM,False
MTR-01146,FDR-018,SUB-06,REG-METRO,24.3,115.0,RES,False
MTR-01147,FDR-018,SUB-06,REG-METRO,24.3,115.0,COM,False
MTR-01148,FDR-018,SUB-06,REG-METRO,24.3,115.0,RES,False
MTR-01149,FDR-018,SUB-06,REG-METRO,24.3,115.0,IND,False
MTR-01150,FDR-018,SUB-06,REG-METRO,24.3,115.0,RES,False
MTR-01151,FDR-018,SUB-06,REG-METRO,24.3,115.0,COM,False
MTR-01152,FDR-018,SUB-06,REG-METRO,24.3,115.0,RES,False
MTR-01153,FDR-018,SUB-06,REG-METRO,24.3,115.0,RES,False
MTR-01154,FDR-018,SUB-06,REG-METRO,24.3,115.0,RES,False
MTR-01155,FDR-018,SUB-06,REG-METRO,24.3,115.0,COM,False
MTR-01156,FDR-018,SUB-06,REG-METRO,24.3,115.0,RES,False
MTR-01157,FDR-018,SUB-06,REG-METRO,24.3,115.0,COM,False
MTR-01158,FDR-018,SUB-06,REG-METRO,24.3,115.0,COM,False
MTR-01159,FDR-018,SUB-06,REG-METRO,24.3,115.0,RES,False
MTR-01160,FDR-018,SUB-06,REG-METRO,24.3,115.0,IND,False
MTR-01161,FDR-018,SUB-06,REG-METRO,24.3,115.0,RES,False
MTR-01162,FDR-018,SUB-06,REG-METRO,24.3,115.0,RES,False
MTR-01163,FDR-018,SUB-06,REG-METRO,24.3,115.0,RES,False
MTR-01164,FDR-018,SUB-06,REG-METRO,24.3,115.0,COM,False
MTR-01165,FDR-018,SUB-06,REG-METRO,24.3,115.0,RES,False
MTR-01166,FDR-018,SUB-06,REG-METRO,24.3,115.0,COM,False
MTR-01167,FDR-018,SUB-06,REG-METRO,24.3,115.0,RES,False
MTR-01168,FDR-018,SUB-06,REG-METRO,24.3,115.0,COM,False
MTR-01169,FDR-018,SUB-06,REG-METRO,24.3,115.0,IND,False
MTR-01170,FDR-018,SUB-06,REG-METRO,24.3,115.0,RES,False
MTR-01171,FDR-018,SUB-06,REG-METRO,24.3,115.0,RES,False
MTR-01172,FDR-018,SUB-06,REG-METRO,24.3,115.0,RES,False
MTR-01173,FDR-018,SUB-06,REG-METRO,24.3,115.0,RES,False
MTR-01174,FDR-018,SUB-06,REG-METRO,24.3,115.0,RES,False
MTR-01175,FDR-018,SUB-06,REG-METRO,24.3,115.0,COM,False
MTR-01176,FDR-018,SUB-06,REG-METRO,24.3,115.0,RES,False
MTR-01177,FDR-018,SUB-06,REG-METRO,24.3,115.0,IND,False
MTR-01178,FDR-018,SUB-06,REG-METRO,24.3,115.0,IND,False
MTR-01179,FDR-018,SUB-06,REG-METRO,24.3,115.0,COM,False
MTR-01180,FDR-018,SUB-06,REG-METRO,24.3,115.0,RES,False
MTR-01181,FDR-018,SUB-06,REG-METRO,24.3,115.0,IND,False
MTR-01182,FDR-018,SUB-06,REG-METRO,24.3,115.0,RES,False
MTR-01183,FDR-018,SUB-06,REG-METRO,24.3,115.0,IND,False
MTR-01184,FDR-018,SUB-06,REG-METRO,24.3,115.0,COM,False
MTR-01185,FDR-018,SUB-06,REG-METRO,24.3,115.0,IND,False
MTR-01186,FDR-018,SUB-06,REG-METRO,24.3,115.0,COM,False
MTR-01187,FDR-018,SUB-06,REG-METRO,24.3,115.0,RES,False
MTR-01188,FDR-018,SUB-06,REG-METRO,24.3,115.0,RES,False
MTR-01189,FDR-018,SUB-06,REG-METRO,24.3,115.0,COM,False
MTR-01190,FDR-018,SUB-06,REG-METRO,24.3,115.0,RES,False
MTR-01191,FDR-018,SUB-06,REG-METRO,24.3,115.0,COM,False
MTR-01192,FDR-018,SUB-06,REG-METRO,24.3,115.0,COM,True
MTR-01193,FDR-018,SUB-06,REG-METRO,24.3,115.0,RES,False
MTR-01194,FDR-018,SUB-06,REG-METRO,24.3,115.0,RES,False
MTR-01195,FDR-018,SUB-06,REG-METRO,24.3,115.0,RES,False
MTR-01196,FDR-018,SUB-06,REG-METRO,24.3,115.0,RES,False
MTR-01197,FDR-018,SUB-06,REG-METRO,24.3,115.0,COM,False
MTR-01198,FDR-018,SUB-06,REG-METRO,24.3,115.0,RES,False
MTR-01199,FDR-018,SUB-06,REG-METRO,24.3,115.0,COM,False
MTR-01200,FDR-018,SUB-06,REG-METRO,24.3,115.0,RES,False
MTR-01201,FDR-019,SUB-07,REG-METRO,22.2,115.0,RES,False
MTR-01202,FDR-019,SUB-07,REG-METRO,22.2,115.0,IND,False
MTR-01203,FDR-019,SUB-07,REG-METRO,22.2,115.0,RES,False
MTR-01204,FDR-019,SUB-07,REG-METRO,22.2,115.0,COM,False
MTR-01205,FDR-019,SUB-07,REG-METRO,22.2,115.0,RES,False
MTR-01206,FDR-019,SUB-07,REG-METRO,22.2,115.0,RES,False
MTR-01207,FDR-019,SUB-07,REG-METRO,22.2,115.0,IND,False
MTR-01208,FDR-019,SUB-07,REG-METRO,22.2,115.0,IND,False
MTR-01209,FDR-019,SUB-07,REG-METRO,22.2,115.0,COM,False
MTR-01210,FDR-019,SUB-07,REG-METRO,22.2,115.0,RES,False
MTR-01211,FDR-019,SUB-07,REG-METRO,22.2,115.0,RES,False
MTR-01212,FDR-019,SUB-07,REG-METRO,22.2,115.0,RES,False
MTR-01213,FDR-019,SUB-07,REG-METRO,22.2,115.0,COM,False
MTR-01214,FDR-019,SUB-07,REG-METRO,22.2,115.0,RES,False
MTR-01215,FDR-019,SUB-07,REG-METRO,22.2,115.0,COM,False
MTR-01216,FDR-019,SUB-07,REG-METRO,22.2,115.0,RES,False
MTR-01217,FDR-019,SUB-07,REG-METRO,22.2,115.0,RES,False
MTR-01218,FDR-019,SUB-07,REG-METRO,22.2,115.0,COM,False
MTR-01219,FDR-019,SUB-07,REG-METRO,22.2,115.0,RES,False
MTR-01220,FDR-019,SUB-07,REG-METRO,22.2,115.0,RES,False
MTR-01221,FDR-019,SUB-07,REG-METRO,22.2,115.0,RES,False
MTR-01222,FDR-019,SUB-07,REG-METRO,22.2,115.0,COM,False
MTR-01223,FDR-019,SUB-07,REG-METRO,22.2,115.0,RES,False
MTR-01224,FDR-019,SUB-07,REG-METRO,22.2,115.0,RES,False
MTR-01225,FDR-019,SUB-07,REG-METRO,22.2,115.0,COM,False
MTR-01226,FDR-019,SUB-07,REG-METRO,22.2,115.0,COM,False
MTR-01227,FDR-019,SUB-07,REG-METRO,22.2,115.0,COM,False
MTR-01228,FDR-019,SUB-07,REG-METRO,22.2,115.0,RES,False
MTR-01229,FDR-019,SUB-07,REG-METRO,22.2,115.0,IND,False
MTR-01230,FDR-019,SUB-07,REG-METRO,22.2,115.0,IND,False
MTR-01231,FDR-019,SUB-07,REG-METRO,22.2,115.0,RES,False
MTR-01232,FDR-019,SUB-07,REG-METRO,22.2,115.0,IND,False
MTR-01233,FDR-019,SUB-07,REG-METRO,22.2,115.0,RES,False
MTR-01234,FDR-019,SUB-07,REG-METRO,22.2,115.0,RES,False
MTR-01235,FDR-019,SUB-07,REG-METRO,22.2,115.0,COM,False
MTR-01236,FDR-019,SUB-07,REG-METRO,22.2,115.0,IND,False
MTR-01237,FDR-019,SUB-07,REG-METRO,22.2,115.0,RES,False
MTR-01238,FDR-019,SUB-07,REG-METRO,22.2,115.0,RES,False
MTR-01239,FDR-019,SUB-07,REG-METRO,22.2,115.0,RES,False
MTR-01240,FDR-019,SUB-07,REG-METRO,22.2,115.0,IND,False
MTR-01241,FDR-019,SUB-07,REG-METRO,22.2,115.0,RES,False
MTR-01242,FDR-019,SUB-07,REG-METRO,22.2,115.0,RES,False
MTR-01243,FDR-019,SUB-07,REG-METRO,22.2,115.0,COM,False
MTR-01244,FDR-019,SUB-07,REG-METRO,22.2,115.0,RES,True
MTR-01245,FDR-019,SUB-07,REG-METRO,22.2,115.0,COM,False
MTR-01246,FDR-019,SUB-07,REG-METRO,22.2,115.0,IND,False
MTR-01247,FDR-019,SUB-07,REG-METRO,22.2,115.0,IND,False
MTR-01248,FDR-019,SUB-07,REG-METRO,22.2,115.0,RES,False
MTR-01249,FDR-019,SUB-07,REG-METRO,22.2,115.0,RES,False
MTR-01250,FDR-019,SUB-07,REG-METRO,22.2,115.0,RES,False
MTR-01251,FDR-019,SUB-07,REG-METRO,22.2,115.0,COM,False
MTR-01252,FDR-019,SUB-07,REG-METRO,22.2,115.0,RES,False
MTR-01253,FDR-019,SUB-07,REG-METRO,22.2,115.0,RES,False
MTR-01254,FDR-019,SUB-07,REG-METRO,22.2,115.0,RES,False
MTR-01255,FDR-019,SUB-07,REG-METRO,22.2,115.0,COM,False
MTR-01256,FDR-019,SUB-07,REG-METRO,22.2,115.0,RES,False
MTR-01257,FDR-019,SUB-07,REG-METRO,22.2,115.0,COM,False
MTR-01258,FDR-019,SUB-07,REG-METRO,22.2,115.0,RES,False
MTR-01259,FDR-019,SUB-07,REG-METRO,22.2,115.0,RES,False
MTR-01260,FDR-019,SUB-07,REG-METRO,22.2,115.0,IND,False
MTR-01261,FDR-019,SUB-07,REG-METRO,22.2,115.0,RES,False
MTR-01262,FDR-019,SUB-07,REG-METRO,22.2,115.0,COM,False
MTR-01263,FDR-019,SUB-07,REG-METRO,22.2,115.0,COM,False
MTR-01264,FDR-019,SUB-07,REG-METRO,22.2,115.0,RES,False
MTR-01265,FDR-019,SUB-07,REG-METRO,22.2,115.0,COM,False
MTR-01266,FDR-020,SUB-07,REG-METRO,22.2,115.0,COM,False
MTR-01267,FDR-020,SUB-07,REG-METRO,22.2,115.0,RES,False
MTR-01268,FDR-020,SUB-07,REG-METRO,22.2,115.0,IND,False
MTR-01269,FDR-020,SUB-07,REG-METRO,22.2,115.0,RES,False
MTR-01270,FDR-020,SUB-07,REG-METRO,22.2,115.0,RES,False
MTR-01271,FDR-020,SUB-07,REG-METRO,22.2,115.0,RES,False
MTR-01272,FDR-020,SUB-07,REG-METRO,22.2,115.0,RES,False
MTR-01273,FDR-020,SUB-07,REG-METRO,22.2,115.0,COM,False
MTR-01274,FDR-020,SUB-07,REG-METRO,22.2,115.0,RES,False
MTR-01275,FDR-020,SUB-07,REG-METRO,22.2,115.0,RES,False
MTR-01276,FDR-020,SUB-07,REG-METRO,22.2,115.0,IND,False
MTR-01277,FDR-020,SUB-07,REG-METRO,22.2,115.0,RES,False
MTR-01278,FDR-020,SUB-07,REG-METRO,22.2,115.0,RES,False
MTR-01279,FDR-020,SUB-07,REG-METRO,22.2,115.0,RES,False
MTR-01280,FDR-020,SUB-07,REG-METRO,22.2,115.0,COM,False
MTR-01281,FDR-020,SUB-07,REG-METRO,22.2,115.0,COM,False
MTR-01282,FDR-020,SUB-07,REG-METRO,22.2,115.0,RES,False
MTR-01283,FDR-020,SUB-07,REG-METRO,22.2,115.0,RES,False
MTR-01284,FDR-020,SUB-07,REG-METRO,22.2,115.0,RES,False
MTR-01285,FDR-020,SUB-07,REG-METRO,22.2,115.0,COM,False
MTR-01286,FDR-020,SUB-07,REG-METRO,22.2,115.0,IND,False
MTR-01287,FDR-020,SUB-07,REG-METRO,22.2,115.0,RES,False
MTR-01288,FDR-020,SUB-07,REG-METRO,22.2,115.0,RES,False
MTR-01289,FDR-020,SUB-07,REG-METRO,22.2,115.0,COM,False
MTR-01290,FDR-020,SUB-07,REG-METRO,22.2,115.0,IND,False
MTR-01291,FDR-020,SUB-07,REG-METRO,22.2,115.0,RES,False
MTR-01292,FDR-020,SUB-07,REG-METRO,22.2,115.0,RES,False
MTR-01293,FDR-020,SUB-07,REG-METRO,22.2,115.0,COM,False
MTR-01294,FDR-020,SUB-07,REG-METRO,22.2,115.0,RES,False
MTR-01295,FDR-020,SUB-07,REG-METRO,22.2,115.0,RES,False
MTR-01296,FDR-020,SUB-07,REG-METRO,22.2,115.0,COM,False
MTR-01297,FDR-020,SUB-07,REG-METRO,22.2,115.0,RES,False
MTR-01298,FDR-020,SUB-07,REG-METRO,22.2,115.0,RES,False
MTR-01299,FDR-020,SUB-07,REG-METRO,22.2,115.0,COM,False
MTR-01300,FDR-020,SUB-07,REG-METRO,22.2,115.0,IND,False
MTR-01301,FDR-020,SUB-07,REG-METRO,22.2,115.0,COM,False
MTR-01302,FDR-020,SUB-07,REG-METRO,22.2,115.0,RES,False
MTR-01303,FDR-020,SUB-07,REG-METRO,22.2,115.0,COM,False
MTR-01304,FDR-020,SUB-07,REG-METRO,22.2,115.0,RES,False
MTR-01305,FDR-020,SUB-07,REG-METRO,22.2,115.0,RES,False
MTR-01306,FDR-020,SUB-07,REG-METRO,22.2,115.0,RES,False
MTR-01307,FDR-020,SUB-07,REG-METRO,22.2,115.0,RES,False
MTR-01308,FDR-020,SUB-07,REG-METRO,22.2,115.0,COM,False
MTR-01309,FDR-020,SUB-07,REG-METRO,22.2,115.0,COM,False
MTR-01310,FDR-020,SUB-07,REG-METRO,22.2,115.0,RES,False
MTR-01311,FDR-020,SUB-07,REG-METRO,22.2,115.0,COM,False
MTR-01312,FDR-020,SUB-07,REG-METRO,22.2,115.0,COM,False
MTR-01313,FDR-020,SUB-07,REG-METRO,22.2,115.0,COM,False
MTR-01314,FDR-020,SUB-07,REG-METRO,22.2,115.0,RES,False
MTR-01315,FDR-020,SUB-07,REG-METRO,22.2,115.0,RES,False
MTR-01316,FDR-020,SUB-07,REG-METRO,22.2,115.0,RES,False
MTR-01317,FDR-020,SUB-07,REG-METRO,22.2,115.0,RES,False
MTR-01318,FDR-020,SUB-07,REG-METRO,22.2,115.0,COM,False
MTR-01319,FDR-020,SUB-07,REG-METRO,22.2,115.0,RES,False
MTR-01320,FDR-020,SUB-07,REG-METRO,22.2,115.0,RES,False
MTR-01321,FDR-020,SUB-07,REG-METRO,22.2,115.0,RES,False
MTR-01322,FDR-020,SUB-07,REG-METRO,22.2,115.0,RES,False
MTR-01323,FDR-020,SUB-07,REG-METRO,22.2,115.0,RES,False
MTR-01324,FDR-020,SUB-07,REG-METRO,22.2,115.0,RES,False
MTR-01325,FDR-020,SUB-07,REG-METRO,22.2,115.0,RES,False
MTR-01326,FDR-020,SUB-07,REG-METRO,22.2,115.0,RES,False
MTR-01327,FDR-020,SUB-07,REG-METRO,22.2,115.0,COM,False
MTR-01328,FDR-020,SUB-07,REG-METRO,22.2,115.0,COM,False
MTR-01329,FDR-020,SUB-07,REG-METRO,22.2,115.0,RES,False
MTR-01330,FDR-020,SUB-07,REG-METRO,22.2,115.0,RES,False
MTR-01331,FDR-020,SUB-07,REG-METRO,22.2,115.0,RES,False
MTR-01332,FDR-020,SUB-07,REG-METRO,22.2,115.0,COM,False
MTR-01333,FDR-020,SUB-07,REG-METRO,22.2,115.0,RES,False
MTR-01334,FDR-020,SUB-07,REG-METRO,22.2,115.0,COM,False
MTR-01335,FDR-020,SUB-07,REG-METRO,22.2,115.0,RES,False
MTR-01336,FDR-021,SUB-07,REG-METRO,24.4,115.0,RES,False
MTR-01337,FDR-021,SUB-07,REG-METRO,24.4,115.0,COM,False
MTR-01338,FDR-021,SUB-07,REG-METRO,24.4,115.0,COM,False
MTR-01339,FDR-021,SUB-07,REG-METRO,24.4,115.0,COM,False
MTR-01340,FDR-021,SUB-07,REG-METRO,24.4,115.0,COM,False
MTR-01341,FDR-021,SUB-07,REG-METRO,24.4,115.0,COM,False
MTR-01342,FDR-021,SUB-07,REG-METRO,24.4,115.0,RES,False
MTR-01343,FDR-021,SUB-07,REG-METRO,24.4,115.0,COM,False
MTR-01344,FDR-021,SUB-07,REG-METRO,24.4,115.0,IND,False
MTR-01345,FDR-021,SUB-07,REG-METRO,24.4,115.0,RES,False
MTR-01346,FDR-021,SUB-07,REG-METRO,24.4,115.0,IND,False
MTR-01347,FDR-021,SUB-07,REG-METRO,24.4,115.0,RES,False
MTR-01348,FDR-021,SUB-07,REG-METRO,24.4,115.0,RES,False
MTR-01349,FDR-021,SUB-07,REG-METRO,24.4,115.0,COM,False
MTR-01350,FDR-021,SUB-07,REG-METRO,24.4,115.0,RES,False
MTR-01351,FDR-021,SUB-07,REG-METRO,24.4,115.0,COM,False
MTR-01352,FDR-021,SUB-07,REG-METRO,24.4,115.0,COM,False
MTR-01353,FDR-021,SUB-07,REG-METRO,24.4,115.0,RES,False
MTR-01354,FDR-021,SUB-07,REG-METRO,24.4,115.0,IND,False
MTR-01355,FDR-021,SUB-07,REG-METRO,24.4,115.0,RES,False
MTR-01356,FDR-021,SUB-07,REG-METRO,24.4,115.0,RES,False
MTR-01357,FDR-021,SUB-07,REG-METRO,24.4,115.0,RES,False
MTR-01358,FDR-021,SUB-07,REG-METRO,24.4,115.0,RES,False
MTR-01359,FDR-021,SUB-07,REG-METRO,24.4,115.0,RES,False
MTR-01360,FDR-021,SUB-07,REG-METRO,24.4,115.0,IND,False
MTR-01361,FDR-021,SUB-07,REG-METRO,24.4,115.0,RES,False
MTR-01362,FDR-021,SUB-07,REG-METRO,24.4,115.0,COM,False
MTR-01363,FDR-021,SUB-07,REG-METRO,24.4,115.0,IND,False
MTR-01364,FDR-021,SUB-07,REG-METRO,24.4,115.0,COM,False
MTR-01365,FDR-021,SUB-07,REG-METRO,24.4,115.0,RES,False
MTR-01366,FDR-021,SUB-07,REG-METRO,24.4,115.0,IND,False
MTR-01367,FDR-021,SUB-07,REG-METRO,24.4,115.0,RES,False
MTR-01368,FDR-021,SUB-07,REG-METRO,24.4,115.0,COM,False
MTR-01369,FDR-021,SUB-07,REG-METRO,24.4,115.0,COM,False
MTR-01370,FDR-021,SUB-07,REG-METRO,24.4,115.0,COM,False
MTR-01371,FDR-021,SUB-07,REG-METRO,24.4,115.0,RES,False
MTR-01372,FDR-021,SUB-07,REG-METRO,24.4,115.0,RES,False
MTR-01373,FDR-021,SUB-07,REG-METRO,24.4,115.0,RES,False
MTR-01374,FDR-021,SUB-07,REG-METRO,24.4,115.0,RES,False
MTR-01375,FDR-021,SUB-07,REG-METRO,24.4,115.0,RES,False
MTR-01376,FDR-021,SUB-07,REG-METRO,24.4,115.0,COM,False
MTR-01377,FDR-021,SUB-07,REG-METRO,24.4,115.0,COM,False
MTR-01378,FDR-021,SUB-07,REG-METRO,24.4,115.0,RES,False
MTR-01379,FDR-021,SUB-07,REG-METRO,24.4,115.0,COM,False
MTR-01380,FDR-021,SUB-07,REG-METRO,24.4,115.0,COM,False
MTR-01381,FDR-021,SUB-07,REG-METRO,24.4,115.0,COM,False
MTR-01382,FDR-021,SUB-07,REG-METRO,24.4,115.0,COM,False
MTR-01383,FDR-021,SUB-07,REG-METRO,24.4,115.0,COM,False
MTR-01384,FDR-021,SUB-07,REG-METRO,24.4,115.0,RES,False
MTR-01385,FDR-021,SUB-07,REG-METRO,24.4,115.0,RES,False
MTR-01386,FDR-021,SUB-07,REG-METRO,24.4,115.0,RES,True
MTR-01387,FDR-021,SUB-07,REG-METRO,24.4,115.0,RES,False
MTR-01388,FDR-021,SUB-07,REG-METRO,24.4,115.0,COM,False
MTR-01389,FDR-021,SUB-07,REG-METRO,24.4,115.0,RES,False
MTR-01390,FDR-021,SUB-07,REG-METRO,24.4,115.0,RES,False
MTR-01391,FDR-021,SUB-07,REG-METRO,24.4,115.0,IND,False
MTR-01392,FDR-021,SUB-07,REG-METRO,24.4,115.0,RES,False
MTR-01393,FDR-021,SUB-07,REG-METRO,24.4,115.0,RES,False
MTR-01394,FDR-021,SUB-07,REG-METRO,24.4,115.0,COM,False
MTR-01395,FDR-021,SUB-07,REG-METRO,24.4,115.0,RES,False
MTR-01396,FDR-021,SUB-07,REG-METRO,24.4,115.0,RES,False
MTR-01397,FDR-021,SUB-07,REG-METRO,24.4,115.0,RES,False
MTR-01398,FDR-021,SUB-07,REG-METRO,24.4,115.0,RES,False
MTR-01399,FDR-021,SUB-07,REG-METRO,24.4,115.0,COM,False
MTR-01400,FDR-021,SUB-07,REG-METRO,24.4,115.0,RES,False
MTR-01401,FDR-022,SUB-08,REG-METRO,26.2,115.0,RES,False
MTR-01402,FDR-022,SUB-08,REG-METRO,26.2,115.0,COM,False
MTR-01403,FDR-022,SUB-08,REG-METRO,26.2,115.0,IND,False
MTR-01404,FDR-022,SUB-08,REG-METRO,26.2,115.0,COM,False
MTR-01405,FDR-022,SUB-08,REG-METRO,26.2,115.0,COM,False
MTR-01406,FDR-022,SUB-08,REG-METRO,26.2,115.0,COM,False
MTR-01407,FDR-022,SUB-08,REG-METRO,26.2,115.0,RES,False
MTR-01408,FDR-022,SUB-08,REG-METRO,26.2,115.0,RES,False
MTR-01409,FDR-022,SUB-08,REG-METRO,26.2,115.0,RES,False
MTR-01410,FDR-022,SUB-08,REG-METRO,26.2,115.0,RES,False
MTR-01411,FDR-022,SUB-08,REG-METRO,26.2,115.0,COM,False
MTR-01412,FDR-022,SUB-08,REG-METRO,26.2,115.0,COM,False
MTR-01413,FDR-022,SUB-08,REG-METRO,26.2,115.0,RES,False
MTR-01414,FDR-022,SUB-08,REG-METRO,26.2,115.0,COM,False
MTR-01415,FDR-022,SUB-08,REG-METRO,26.2,115.0,RES,False
MTR-01416,FDR-022,SUB-08,REG-METRO,26.2,115.0,COM,False
MTR-01417,FDR-022,SUB-08,REG-METRO,26.2,115.0,COM,False
MTR-01418,FDR-022,SUB-08,REG-METRO,26.2,115.0,RES,False
MTR-01419,FDR-022,SUB-08,REG-METRO,26.2,115.0,IND,False
MTR-01420,FDR-022,SUB-08,REG-METRO,26.2,115.0,RES,False
MTR-01421,FDR-022,SUB-08,REG-METRO,26.2,115.0,RES,False
MTR-01422,FDR-022,SUB-08,REG-METRO,26.2,115.0,IND,False
MTR-01423,FDR-022,SUB-08,REG-METRO,26.2,115.0,RES,False
MTR-01424,FDR-022,SUB-08,REG-METRO,26.2,115.0,RES,False
MTR-01425,FDR-022,SUB-08,REG-METRO,26.2,115.0,IND,False
MTR-01426,FDR-022,SUB-08,REG-METRO,26.2,115.0,COM,False
MTR-01427,FDR-022,SUB-08,REG-METRO,26.2,115.0,RES,False
MTR-01428,FDR-022,SUB-08,REG-METRO,26.2,115.0,COM,False
MTR-01429,FDR-022,SUB-08,REG-METRO,26.2,115.0,RES,False
MTR-01430,FDR-022,SUB-08,REG-METRO,26.2,115.0,COM,False
MTR-01431,FDR-022,SUB-08,REG-METRO,26.2,115.0,COM,False
MTR-01432,FDR-022,SUB-08,REG-METRO,26.2,115.0,RES,False
MTR-01433,FDR-022,SUB-08,REG-METRO,26.2,115.0,RES,False
MTR-01434,FDR-022,SUB-08,REG-METRO,26.2,115.0,RES,False
MTR-01435,FDR-022,SUB-08,REG-METRO,26.2,115.0,IND,False
MTR-01436,FDR-022,SUB-08,REG-METRO,26.2,115.0,COM,False
MTR-01437,FDR-022,SUB-08,REG-METRO,26.2,115.0,RES,False
MTR-01438,FDR-022,SUB-08,REG-METRO,26.2,115.0,COM,False
MTR-01439,FDR-022,SUB-08,REG-METRO,26.2,115.0,RES,False
MTR-01440,FDR-022,SUB-08,REG-METRO,26.2,115.0,RES,False
MTR-01441,FDR-022,SUB-08,REG-METRO,26.2,115.0,RES,False
MTR-01442,FDR-022,SUB-08,REG-METRO,26.2,115.0,IND,False
MTR-01443,FDR-022,SUB-08,REG-METRO,26.2,115.0,COM,False
MTR-01444,FDR-022,SUB-08,REG-METRO,26.2,115.0,RES,False
MTR-01445,FDR-022,SUB-08,REG-METRO,26.2,115.0,IND,False
MTR-01446,FDR-022,SUB-08,REG-METRO,26.2,115.0,COM,False
MTR-01447,FDR-022,SUB-08,REG-METRO,26.2,115.0,COM,False
MTR-01448,FDR-022,SUB-08,REG-METRO,26.2,115.0,RES,False
MTR-01449,FDR-022,SUB-08,REG-METRO,26.2,115.0,IND,False
MTR-01450,FDR-022,SUB-08,REG-METRO,26.2,115.0,COM,False
MTR-01451,FDR-022,SUB-08,REG-METRO,26.2,115.0,COM,False
MTR-01452,FDR-022,SUB-08,REG-METRO,26.2,115.0,COM,False
MTR-01453,FDR-022,SUB-08,REG-METRO,26.2,115.0,COM,False
MTR-01454,FDR-022,SUB-08,REG-METRO,26.2,115.0,RES,False
MTR-01455,FDR-022,SUB-08,REG-METRO,26.2,115.0,IND,False
MTR-01456,FDR-022,SUB-08,REG-METRO,26.2,115.0,RES,False
MTR-01457,FDR-022,SUB-08,REG-METRO,26.2,115.0,IND,False
MTR-01458,FDR-022,SUB-08,REG-METRO,26.2,115.0,RES,False
MTR-01459,FDR-022,SUB-08,REG-METRO,26.2,115.0,IND,False
MTR-01460,FDR-022,SUB-08,REG-METRO,26.2,115.0,RES,False
MTR-01461,FDR-022,SUB-08,REG-METRO,26.2,115.0,COM,False
MTR-01462,FDR-022,SUB-08,REG-METRO,26.2,115.0,COM,False
MTR-01463,FDR-022,SUB-08,REG-METRO,26.2,115.0,RES,False
MTR-01464,FDR-022,SUB-08,REG-METRO,26.2,115.0,RES,False
MTR-01465,FDR-022,SUB-08,REG-METRO,26.2,115.0,RES,False
MTR-01466,FDR-023,SUB-08,REG-METRO,19.8,115.0,COM,False
MTR-01467,FDR-023,SUB-08,REG-METRO,19.8,115.0,RES,False
MTR-01468,FDR-023,SUB-08,REG-METRO,19.8,115.0,COM,False
MTR-01469,FDR-023,SUB-08,REG-METRO,19.8,115.0,IND,False
MTR-01470,FDR-023,SUB-08,REG-METRO,19.8,115.0,IND,False
MTR-01471,FDR-023,SUB-08,REG-METRO,19.8,115.0,RES,False
MTR-01472,FDR-023,SUB-08,REG-METRO,19.8,115.0,RES,False
MTR-01473,FDR-023,SUB-08,REG-METRO,19.8,115.0,RES,False
MTR-01474,FDR-023,SUB-08,REG-METRO,19.8,115.0,RES,False
MTR-01475,FDR-023,SUB-08,REG-METRO,19.8,115.0,RES,False
MTR-01476,FDR-023,SUB-08,REG-METRO,19.8,115.0,COM,False
MTR-01477,FDR-023,SUB-08,REG-METRO,19.8,115.0,RES,False
MTR-01478,FDR-023,SUB-08,REG-METRO,19.8,115.0,RES,False
MTR-01479,FDR-023,SUB-08,REG-METRO,19.8,115.0,RES,False
MTR-01480,FDR-023,SUB-08,REG-METRO,19.8,115.0,IND,False
MTR-01481,FDR-023,SUB-08,REG-METRO,19.8,115.0,RES,False
MTR-01482,FDR-023,SUB-08,REG-METRO,19.8,115.0,IND,False
MTR-01483,FDR-023,SUB-08,REG-METRO,19.8,115.0,RES,False
MTR-01484,FDR-023,SUB-08,REG-METRO,19.8,115.0,COM,False
MTR-01485,FDR-023,SUB-08,REG-METRO,19.8,115.0,IND,False
MTR-01486,FDR-023,SUB-08,REG-METRO,19.8,115.0,COM,False
MTR-01487,FDR-023,SUB-08,REG-METRO,19.8,115.0,RES,False
MTR-01488,FDR-023,SUB-08,REG-METRO,19.8,115.0,RES,False
MTR-01489,FDR-023,SUB-08,REG-METRO,19.8,115.0,COM,False
MTR-01490,FDR-023,SUB-08,REG-METRO,19.8,115.0,RES,False
MTR-01491,FDR-023,SUB-08,REG-METRO,19.8,115.0,COM,False
MTR-01492,FDR-023,SUB-08,REG-METRO,19.8,115.0,RES,False
MTR-01493,FDR-023,SUB-08,REG-METRO,19.8,115.0,RES,False
MTR-01494,FDR-023,SUB-08,REG-METRO,19.8,115.0,IND,False
MTR-01495,FDR-023,SUB-08,REG-METRO,19.8,115.0,COM,False
MTR-01496,FDR-023,SUB-08,REG-METRO,19.8,115.0,RES,False
MTR-01497,FDR-023,SUB-08,REG-METRO,19.8,115.0,IND,False
MTR-01498,FDR-023,SUB-08,REG-METRO,19.8,115.0,COM,False
MTR-01499,FDR-023,SUB-08,REG-METRO,19.8,115.0,RES,False
MTR-01500,FDR-023,SUB-08,REG-METRO,19.8,115.0,COM,False
MTR-01501,FDR-023,SUB-08,REG-METRO,19.8,115.0,RES,False
MTR-01502,FDR-023,SUB-08,REG-METRO,19.8,115.0,RES,False
MTR-01503,FDR-023,SUB-08,REG-METRO,19.8,115.0,RES,False
MTR-01504,FDR-023,SUB-08,REG-METRO,19.8,115.0,RES,False
MTR-01505,FDR-023,SUB-08,REG-METRO,19.8,115.0,COM,False
MTR-01506,FDR-023,SUB-08,REG-METRO,19.8,115.0,IND,False
MTR-01507,FDR-023,SUB-08,REG-METRO,19.8,115.0,RES,False
MTR-01508,FDR-023,SUB-08,REG-METRO,19.8,115.0,RES,False
MTR-01509,FDR-023,SUB-08,REG-METRO,19.8,115.0,COM,False
MTR-01510,FDR-023,SUB-08,REG-METRO,19.8,115.0,COM,False
MTR-01511,FDR-023,SUB-08,REG-METRO,19.8,115.0,IND,False
MTR-01512,FDR-023,SUB-08,REG-METRO,19.8,115.0,COM,False
MTR-01513,FDR-023,SUB-08,REG-METRO,19.8,115.0,IND,False
MTR-01514,FDR-023,SUB-08,REG-METRO,19.8,115.0,RES,False
MTR-01515,FDR-023,SUB-08,REG-METRO,19.8,115.0,IND,False
MTR-01516,FDR-023,SUB-08,REG-METRO,19.8,115.0,COM,False
MTR-01517,FDR-023,SUB-08,REG-METRO,19.8,115.0,RES,False
MTR-01518,FDR-023,SUB-08,REG-METRO,19.8,115.0,COM,False
MTR-01519,FDR-023,SUB-08,REG-METRO,19.8,115.0,IND,False
MTR-01520,FDR-023,SUB-08,REG-METRO,19.8,115.0,RES,False
MTR-01521,FDR-023,SUB-08,REG-METRO,19.8,115.0,RES,False
MTR-01522,FDR-023,SUB-08,REG-METRO,19.8,115.0,IND,False
MTR-01523,FDR-023,SUB-08,REG-METRO,19.8,115.0,RES,False
MTR-01524,FDR-023,SUB-08,REG-METRO,19.8,115.0,RES,False
MTR-01525,FDR-023,SUB-08,REG-METRO,19.8,115.0,COM,False
MTR-01526,FDR-023,SUB-08,REG-METRO,19.8,115.0,COM,False
MTR-01527,FDR-023,SUB-08,REG-METRO,19.8,115.0,RES,False
MTR-01528,FDR-023,SUB-08,REG-METRO,19.8,115.0,RES,False
MTR-01529,FDR-023,SUB-08,REG-METRO,19.8,115.0,RES,False
MTR-01530,FDR-023,SUB-08,REG-METRO,19.8,115.0,COM,False
MTR-01531,FDR-023,SUB-08,REG-METRO,19.8,115.0,COM,False
MTR-01532,FDR-023,SUB-08,REG-METRO,19.8,115.0,RES,False
MTR-01533,FDR-023,SUB-08,REG-METRO,19.8,115.0,RES,False
MTR-01534,FDR-023,SUB-08,REG-METRO,19.8,115.0,RES,False
MTR-01535,FDR-023,SUB-08,REG-METRO,19.8,115.0,RES,True
MTR-01536,FDR-024,SUB-08,REG-METRO,24.8,115.0,COM,False
MTR-01537,FDR-024,SUB-08,REG-METRO,24.8,115.0,RES,False
MTR-01538,FDR-024,SUB-08,REG-METRO,24.8,115.0,IND,False
MTR-01539,FDR-024,SUB-08,REG-METRO,24.8,115.0,RES,False
MTR-01540,FDR-024,SUB-08,REG-METRO,24.8,115.0,RES,False
MTR-01541,FDR-024,SUB-08,REG-METRO,24.8,115.0,IND,False
MTR-01542,FDR-024,SUB-08,REG-METRO,24.8,115.0,RES,False
MTR-01543,FDR-024,SUB-08,REG-METRO,24.8,115.0,RES,False
MTR-01544,FDR-024,SUB-08,REG-METRO,24.8,115.0,RES,False
MTR-01545,FDR-024,SUB-08,REG-METRO,24.8,115.0,RES,False
MTR-01546,FDR-024,SUB-08,REG-METRO,24.8,115.0,RES,False
MTR-01547,FDR-024,SUB-08,REG-METRO,24.8,115.0,RES,False
MTR-01548,FDR-024,SUB-08,REG-METRO,24.8,115.0,COM,False
MTR-01549,FDR-024,SUB-08,REG-METRO,24.8,115.0,COM,False
MTR-01550,FDR-024,SUB-08,REG-METRO,24.8,115.0,COM,False
MTR-01551,FDR-024,SUB-08,REG-METRO,24.8,115.0,RES,False
MTR-01552,FDR-024,SUB-08,REG-METRO,24.8,115.0,RES,False
MTR-01553,FDR-024,SUB-08,REG-METRO,24.8,115.0,RES,False
MTR-01554,FDR-024,SUB-08,REG-METRO,24.8,115.0,IND,False
MTR-01555,FDR-024,SUB-08,REG-METRO,24.8,115.0,COM,False
MTR-01556,FDR-024,SUB-08,REG-METRO,24.8,115.0,COM,False
MTR-01557,FDR-024,SUB-08,REG-METRO,24.8,115.0,COM,False
MTR-01558,FDR-024,SUB-08,REG-METRO,24.8,115.0,RES,False
MTR-01559,FDR-024,SUB-08,REG-METRO,24.8,115.0,RES,False
MTR-01560,FDR-024,SUB-08,REG-METRO,24.8,115.0,COM,False
MTR-01561,FDR-024,SUB-08,REG-METRO,24.8,115.0,RES,False
MTR-01562,FDR-024,SUB-08,REG-METRO,24.8,115.0,RES,False
MTR-01563,FDR-024,SUB-08,REG-METRO,24.8,115.0,RES,False
MTR-01564,FDR-024,SUB-08,REG-METRO,24.8,115.0,RES,False
MTR-01565,FDR-024,SUB-08,REG-METRO,24.8,115.0,RES,False
MTR-01566,FDR-024,SUB-08,REG-METRO,24.8,115.0,RES,False
MTR-01567,FDR-024,SUB-08,REG-METRO,24.8,115.0,RES,False
MTR-01568,FDR-024,SUB-08,REG-METRO,24.8,115.0,RES,False
MTR-01569,FDR-024,SUB-08,REG-METRO,24.8,115.0,RES,False
MTR-01570,FDR-024,SUB-08,REG-METRO,24.8,115.0,COM,False
MTR-01571,FDR-024,SUB-08,REG-METRO,24.8,115.0,RES,False
MTR-01572,FDR-024,SUB-08,REG-METRO,24.8,115.0,COM,False
MTR-01573,FDR-024,SUB-08,REG-METRO,24.8,115.0,COM,False
MTR-01574,FDR-024,SUB-08,REG-METRO,24.8,115.0,RES,False
MTR-01575,FDR-024,SUB-08,REG-METRO,24.8,115.0,RES,False
MTR-01576,FDR-024,SUB-08,REG-METRO,24.8,115.0,IND,False
MTR-01577,FDR-024,SUB-08,REG-METRO,24.8,115.0,RES,False
MTR-01578,FDR-024,SUB-08,REG-METRO,24.8,115.0,RES,False
MTR-01579,FDR-024,SUB-08,REG-METRO,24.8,115.0,RES,False
MTR-01580,FDR-024,SUB-08,REG-METRO,24.8,115.0,IND,False
MTR-01581,FDR-024,SUB-08,REG-METRO,24.8,115.0,IND,False
MTR-01582,FDR-024,SUB-08,REG-METRO,24.8,115.0,IND,False
MTR-01583,FDR-024,SUB-08,REG-METRO,24.8,115.0,IND,False
MTR-01584,FDR-024,SUB-08,REG-METRO,24.8,115.0,COM,False
MTR-01585,FDR-024,SUB-08,REG-METRO,24.8,115.0,COM,False
MTR-01586,FDR-024,SUB-08,REG-METRO,24.8,115.0,RES,False
MTR-01587,FDR-024,SUB-08,REG-METRO,24.8,115.0,COM,False
MTR-01588,FDR-024,SUB-08,REG-METRO,24.8,115.0,IND,False
MTR-01589,FDR-024,SUB-08,REG-METRO,24.8,115.0,COM,False
MTR-01590,FDR-024,SUB-08,REG-METRO,24.8,115.0,IND,False
MTR-01591,FDR-024,SUB-08,REG-METRO,24.8,115.0,RES,False
MTR-01592,FDR-024,SUB-08,REG-METRO,24.8,115.0,RES,False
MTR-01593,FDR-024,SUB-08,REG-METRO,24.8,115.0,COM,False
MTR-01594,FDR-024,SUB-08,REG-METRO,24.8,115.0,RES,False
MTR-01595,FDR-024,SUB-08,REG-METRO,24.8,115.0,COM,False
MTR-01596,FDR-024,SUB-08,REG-METRO,24.8,115.0,RES,False
MTR-01597,FDR-024,SUB-08,REG-METRO,24.8,115.0,IND,False
MTR-01598,FDR-024,SUB-08,REG-METRO,24.8,115.0,COM,False
MTR-01599,FDR-024,SUB-08,REG-METRO,24.8,115.0,COM,False
MTR-01600,FDR-024,SUB-08,REG-METRO,24.8,115.0,RES,False
MTR-01601,FDR-025,SUB-09,REG-INLAND,33.9,115.0,RES,False
MTR-01602,FDR-025,SUB-09,REG-INLAND,33.9,115.0,RES,False
MTR-01603,FDR-025,SUB-09,REG-INLAND,33.9,115.0,IND,False
MTR-01604,FDR-025,SUB-09,REG-INLAND,33.9,115.0,COM,False
MTR-01605,FDR-025,SUB-09,REG-INLAND,33.9,115.0,IND,False
MTR-01606,FDR-025,SUB-09,REG-INLAND,33.9,115.0,RES,False
MTR-01607,FDR-025,SUB-09,REG-INLAND,33.9,115.0,RES,False
MTR-01608,FDR-025,SUB-09,REG-INLAND,33.9,115.0,COM,False
MTR-01609,FDR-025,SUB-09,REG-INLAND,33.9,115.0,RES,False
MTR-01610,FDR-025,SUB-09,REG-INLAND,33.9,115.0,IND,False
MTR-01611,FDR-025,SUB-09,REG-INLAND,33.9,115.0,IND,False
MTR-01612,FDR-025,SUB-09,REG-INLAND,33.9,115.0,RES,False
MTR-01613,FDR-025,SUB-09,REG-INLAND,33.9,115.0,RES,False
MTR-01614,FDR-025,SUB-09,REG-INLAND,33.9,115.0,RES,False
MTR-01615,FDR-025,SUB-09,REG-INLAND,33.9,115.0,COM,False
MTR-01616,FDR-025,SUB-09,REG-INLAND,33.9,115.0,RES,False
MTR-01617,FDR-025,SUB-09,REG-INLAND,33.9,115.0,COM,False
MTR-01618,FDR-025,SUB-09,REG-INLAND,33.9,115.0,COM,False
MTR-01619,FDR-025,SUB-09,REG-INLAND,33.9,115.0,RES,False
MTR-01620,FDR-025,SUB-09,REG-INLAND,33.9,115.0,COM,False
MTR-01621,FDR-025,SUB-09,REG-INLAND,33.9,115.0,RES,False
MTR-01622,FDR-025,SUB-09,REG-INLAND,33.9,115.0,RES,False
MTR-01623,FDR-025,SUB-09,REG-INLAND,33.9,115.0,COM,False
MTR-01624,FDR-025,SUB-09,REG-INLAND,33.9,115.0,COM,False
MTR-01625,FDR-025,SUB-09,REG-INLAND,33.9,115.0,COM,False
MTR-01626,FDR-025,SUB-09,REG-INLAND,33.9,115.0,RES,False
MTR-01627,FDR-025,SUB-09,REG-INLAND,33.9,115.0,COM,False
MTR-01628,FDR-025,SUB-09,REG-INLAND,33.9,115.0,RES,False
MTR-01629,FDR-025,SUB-09,REG-INLAND,33.9,115.0,IND,False
MTR-01630,FDR-025,SUB-09,REG-INLAND,33.9,115.0,RES,False
MTR-01631,FDR-025,SUB-09,REG-INLAND,33.9,115.0,RES,False
MTR-01632,FDR-025,SUB-09,REG-INLAND,33.9,115.0,RES,False
MTR-01633,FDR-025,SUB-09,REG-INLAND,33.9,115.0,IND,False
MTR-01634,FDR-025,SUB-09,REG-INLAND,33.9,115.0,RES,False
MTR-01635,FDR-025,SUB-09,REG-INLAND,33.9,115.0,RES,False
MTR-01636,FDR-025,SUB-09,REG-INLAND,33.9,115.0,RES,False
MTR-01637,FDR-025,SUB-09,REG-INLAND,33.9,115.0,RES,False
MTR-01638,FDR-025,SUB-09,REG-INLAND,33.9,115.0,RES,False
MTR-01639,FDR-025,SUB-09,REG-INLAND,33.9,115.0,RES,False
MTR-01640,FDR-025,SUB-09,REG-INLAND,33.9,115.0,COM,False
MTR-01641,FDR-025,SUB-09,REG-INLAND,33.9,115.0,RES,False
MTR-01642,FDR-025,SUB-09,REG-INLAND,33.9,115.0,RES,False
MTR-01643,FDR-025,SUB-09,REG-INLAND,33.9,115.0,RES,False
MTR-01644,FDR-025,SUB-09,REG-INLAND,33.9,115.0,RES,False
MTR-01645,FDR-025,SUB-09,REG-INLAND,33.9,115.0,COM,False
MTR-01646,FDR-025,SUB-09,REG-INLAND,33.9,115.0,COM,False
MTR-01647,FDR-025,SUB-09,REG-INLAND,33.9,115.0,RES,False
MTR-01648,FDR-025,SUB-09,REG-INLAND,33.9,115.0,COM,False
MTR-01649,FDR-025,SUB-09,REG-INLAND,33.9,115.0,COM,False
MTR-01650,FDR-025,SUB-09,REG-INLAND,33.9,115.0,RES,False
MTR-01651,FDR-025,SUB-09,REG-INLAND,33.9,115.0,RES,False
MTR-01652,FDR-025,SUB-09,REG-INLAND,33.9,115.0,COM,False
MTR-01653,FDR-025,SUB-09,REG-INLAND,33.9,115.0,COM,False
MTR-01654,FDR-025,SUB-09,REG-INLAND,33.9,115.0,RES,False
MTR-01655,FDR-025,SUB-09,REG-INLAND,33.9,115.0,RES,False
MTR-01656,FDR-025,SUB-09,REG-INLAND,33.9,115.0,RES,False
MTR-01657,FDR-025,SUB-09,REG-INLAND,33.9,115.0,RES,True
MTR-01658,FDR-025,SUB-09,REG-INLAND,33.9,115.0,RES,False
MTR-01659,FDR-025,SUB-09,REG-INLAND,33.9,115.0,RES,False
MTR-01660,FDR-025,SUB-09,REG-INLAND,33.9,115.0,RES,False
MTR-01661,FDR-025,SUB-09,REG-INLAND,33.9,115.0,RES,False
MTR-01662,FDR-025,SUB-09,REG-INLAND,33.9,115.0,RES,False
MTR-01663,FDR-025,SUB-09,REG-INLAND,33.9,115.0,COM,False
MTR-01664,FDR-025,SUB-09,REG-INLAND,33.9,115.0,IND,False
MTR-01665,FDR-025,SUB-09,REG-INLAND,33.9,115.0,RES,False
MTR-01666,FDR-025,SUB-09,REG-INLAND,33.9,115.0,RES,False
MTR-01667,FDR-025,SUB-09,REG-INLAND,33.9,115.0,RES,False
MTR-01668,FDR-025,SUB-09,REG-INLAND,33.9,115.0,RES,False
MTR-01669,FDR-025,SUB-09,REG-INLAND,33.9,115.0,COM,False
MTR-01670,FDR-025,SUB-09,REG-INLAND,33.9,115.0,COM,False
MTR-01671,FDR-026,SUB-09,REG-INLAND,31.8,115.0,RES,False
MTR-01672,FDR-026,SUB-09,REG-INLAND,31.8,115.0,RES,False
MTR-01673,FDR-026,SUB-09,REG-INLAND,31.8,115.0,IND,False
MTR-01674,FDR-026,SUB-09,REG-INLAND,31.8,115.0,RES,False
MTR-01675,FDR-026,SUB-09,REG-INLAND,31.8,115.0,RES,False
MTR-01676,FDR-026,SUB-09,REG-INLAND,31.8,115.0,RES,False
MTR-01677,FDR-026,SUB-09,REG-INLAND,31.8,115.0,RES,False
MTR-01678,FDR-026,SUB-09,REG-INLAND,31.8,115.0,IND,False
MTR-01679,FDR-026,SUB-09,REG-INLAND,31.8,115.0,RES,False
MTR-01680,FDR-026,SUB-09,REG-INLAND,31.8,115.0,RES,False
MTR-01681,FDR-026,SUB-09,REG-INLAND,31.8,115.0,COM,False
MTR-01682,FDR-026,SUB-09,REG-INLAND,31.8,115.0,IND,False
MTR-01683,FDR-026,SUB-09,REG-INLAND,31.8,115.0,RES,False
MTR-01684,FDR-026,SUB-09,REG-INLAND,31.8,115.0,COM,False
MTR-01685,FDR-026,SUB-09,REG-INLAND,31.8,115.0,RES,False
MTR-01686,FDR-026,SUB-09,REG-INLAND,31.8,115.0,IND,False
MTR-01687,FDR-026,SUB-09,REG-INLAND,31.8,115.0,RES,False
MTR-01688,FDR-026,SUB-09,REG-INLAND,31.8,115.0,IND,False
MTR-01689,FDR-026,SUB-09,REG-INLAND,31.8,115.0,RES,False
MTR-01690,FDR-026,SUB-09,REG-INLAND,31.8,115.0,IND,False
MTR-01691,FDR-026,SUB-09,REG-INLAND,31.8,115.0,RES,False
MTR-01692,FDR-026,SUB-09,REG-INLAND,31.8,115.0,COM,False
MTR-01693,FDR-026,SUB-09,REG-INLAND,31.8,115.0,COM,False
MTR-01694,FDR-026,SUB-09,REG-INLAND,31.8,115.0,COM,False
MTR-01695,FDR-026,SUB-09,REG-INLAND,31.8,115.0,RES,False
MTR-01696,FDR-026,SUB-09,REG-INLAND,31.8,115.0,COM,False
MTR-01697,FDR-026,SUB-09,REG-INLAND,31.8,115.0,COM,False
MTR-01698,FDR-026,SUB-09,REG-INLAND,31.8,115.0,COM,False
MTR-01699,FDR-026,SUB-09,REG-INLAND,31.8,115.0,IND,False
MTR-01700,FDR-026,SUB-09,REG-INLAND,31.8,115.0,RES,False
MTR-01701,FDR-026,SUB-09,REG-INLAND,31.8,115.0,COM,False
MTR-01702,FDR-026,SUB-09,REG-INLAND,31.8,115.0,IND,False
MTR-01703,FDR-026,SUB-09,REG-INLAND,31.8,115.0,RES,False
MTR-01704,FDR-026,SUB-09,REG-INLAND,31.8,115.0,RES,False
MTR-01705,FDR-026,SUB-09,REG-INLAND,31.8,115.0,RES,False
MTR-01706,FDR-026,SUB-09,REG-INLAND,31.8,115.0,IND,False
MTR-01707,FDR-026,SUB-09,REG-INLAND,31.8,115.0,RES,False
MTR-01708,FDR-026,SUB-09,REG-INLAND,31.8,115.0,COM,False
MTR-01709,FDR-026,SUB-09,REG-INLAND,31.8,115.0,IND,False
MTR-01710,FDR-026,SUB-09,REG-INLAND,31.8,115.0,RES,False
MTR-01711,FDR-026,SUB-09,REG-INLAND,31.8,115.0,RES,False
MTR-01712,FDR-026,SUB-09,REG-INLAND,31.8,115.0,RES,False
MTR-01713,FDR-026,SUB-09,REG-INLAND,31.8,115.0,RES,False
MTR-01714,FDR-026,SUB-09,REG-INLAND,31.8,115.0,RES,False
MTR-01715,FDR-026,SUB-09,REG-INLAND,31.8,115.0,COM,False
MTR-01716,FDR-026,SUB-09,REG-INLAND,31.8,115.0,RES,False
MTR-01717,FDR-026,SUB-09,REG-INLAND,31.8,115.0,RES,True
MTR-01718,FDR-026,SUB-09,REG-INLAND,31.8,115.0,COM,False
MTR-01719,FDR-026,SUB-09,REG-INLAND,31.8,115.0,RES,False
MTR-01720,FDR-026,SUB-09,REG-INLAND,31.8,115.0,RES,False
MTR-01721,FDR-026,SUB-09,REG-INLAND,31.8,115.0,RES,False
MTR-01722,FDR-026,SUB-09,REG-INLAND,31.8,115.0,RES,False
MTR-01723,FDR-026,SUB-09,REG-INLAND,31.8,115.0,RES,False
MTR-01724,FDR-026,SUB-09,REG-INLAND,31.8,115.0,IND,False
MTR-01725,FDR-026,SUB-09,REG-INLAND,31.8,115.0,COM,True
MTR-01726,FDR-026,SUB-09,REG-INLAND,31.8,115.0,RES,False
MTR-01727,FDR-026,SUB-09,REG-INLAND,31.8,115.0,RES,False
MTR-01728,FDR-026,SUB-09,REG-INLAND,31.8,115.0,RES,False
MTR-01729,FDR-026,SUB-09,REG-INLAND,31.8,115.0,RES,False
MTR-01730,FDR-026,SUB-09,REG-INLAND,31.8,115.0,RES,False
MTR-01731,FDR-026,SUB-09,REG-INLAND,31.8,115.0,COM,False
MTR-01732,FDR-026,SUB-09,REG-INLAND,31.8,115.0,RES,False
MTR-01733,FDR-026,SUB-09,REG-INLAND,31.8,115.0,RES,False
MTR-01734,FDR-026,SUB-09,REG-INLAND,31.8,115.0,COM,False
MTR-01735,FDR-026,SUB-09,REG-INLAND,31.8,115.0,RES,False
MTR-01736,FDR-027,SUB-09,REG-INLAND,28.9,115.0,RES,False
MTR-01737,FDR-027,SUB-09,REG-INLAND,28.9,115.0,RES,False
MTR-01738,FDR-027,SUB-09,REG-INLAND,28.9,115.0,RES,False
MTR-01739,FDR-027,SUB-09,REG-INLAND,28.9,115.0,RES,False
MTR-01740,FDR-027,SUB-09,REG-INLAND,28.9,115.0,RES,False
MTR-01741,FDR-027,SUB-09,REG-INLAND,28.9,115.0,RES,False
MTR-01742,FDR-027,SUB-09,REG-INLAND,28.9,115.0,IND,False
MTR-01743,FDR-027,SUB-09,REG-INLAND,28.9,115.0,COM,False
MTR-01744,FDR-027,SUB-09,REG-INLAND,28.9,115.0,COM,False
MTR-01745,FDR-027,SUB-09,REG-INLAND,28.9,115.0,RES,False
MTR-01746,FDR-027,SUB-09,REG-INLAND,28.9,115.0,IND,False
MTR-01747,FDR-027,SUB-09,REG-INLAND,28.9,115.0,RES,False
MTR-01748,FDR-027,SUB-09,REG-INLAND,28.9,115.0,IND,False
MTR-01749,FDR-027,SUB-09,REG-INLAND,28.9,115.0,RES,False
MTR-01750,FDR-027,SUB-09,REG-INLAND,28.9,115.0,COM,False
MTR-01751,FDR-027,SUB-09,REG-INLAND,28.9,115.0,COM,False
MTR-01752,FDR-027,SUB-09,REG-INLAND,28.9,115.0,COM,False
MTR-01753,FDR-027,SUB-09,REG-INLAND,28.9,115.0,RES,False
MTR-01754,FDR-027,SUB-09,REG-INLAND,28.9,115.0,IND,False
MTR-01755,FDR-027,SUB-09,REG-INLAND,28.9,115.0,COM,False
MTR-01756,FDR-027,SUB-09,REG-INLAND,28.9,115.0,COM,False
MTR-01757,FDR-027,SUB-09,REG-INLAND,28.9,115.0,RES,False
MTR-01758,FDR-027,SUB-09,REG-INLAND,28.9,115.0,RES,False
MTR-01759,FDR-027,SUB-09,REG-INLAND,28.9,115.0,RES,False
MTR-01760,FDR-027,SUB-09,REG-INLAND,28.9,115.0,COM,False
MTR-01761,FDR-027,SUB-09,REG-INLAND,28.9,115.0,RES,False
MTR-01762,FDR-027,SUB-09,REG-INLAND,28.9,115.0,RES,False
MTR-01763,FDR-027,SUB-09,REG-INLAND,28.9,115.0,RES,False
MTR-01764,FDR-027,SUB-09,REG-INLAND,28.9,115.0,COM,False
MTR-01765,FDR-027,SUB-09,REG-INLAND,28.9,115.0,IND,False
MTR-01766,FDR-027,SUB-09,REG-INLAND,28.9,115.0,IND,False
MTR-01767,FDR-027,SUB-09,REG-INLAND,28.9,115.0,COM,False
MTR-01768,FDR-027,SUB-09,REG-INLAND,28.9,115.0,RES,False
MTR-01769,FDR-027,SUB-09,REG-INLAND,28.9,115.0,RES,False
MTR-01770,FDR-027,SUB-09,REG-INLAND,28.9,115.0,COM,False
MTR-01771,FDR-027,SUB-09,REG-INLAND,28.9,115.0,COM,False
MTR-01772,FDR-027,SUB-09,REG-INLAND,28.9,115.0,IND,False
MTR-01773,FDR-027,SUB-09,REG-INLAND,28.9,115.0,RES,False
MTR-01774,FDR-027,SUB-09,REG-INLAND,28.9,115.0,RES,False
MTR-01775,FDR-027,SUB-09,REG-INLAND,28.9,115.0,COM,False
MTR-01776,FDR-027,SUB-09,REG-INLAND,28.9,115.0,RES,False
MTR-01777,FDR-027,SUB-09,REG-INLAND,28.9,115.0,RES,False
MTR-01778,FDR-027,SUB-09,REG-INLAND,28.9,115.0,RES,False
MTR-01779,FDR-027,SUB-09,REG-INLAND,28.9,115.0,RES,False
MTR-01780,FDR-027,SUB-09,REG-INLAND,28.9,115.0,RES,False
MTR-01781,FDR-027,SUB-09,REG-INLAND,28.9,115.0,IND,False
MTR-01782,FDR-027,SUB-09,REG-INLAND,28.9,115.0,RES,False
MTR-01783,FDR-027,SUB-09,REG-INLAND,28.9,115.0,RES,False
MTR-01784,FDR-027,SUB-09,REG-INLAND,28.9,115.0,IND,False
MTR-01785,FDR-027,SUB-09,REG-INLAND,28.9,115.0,RES,False
MTR-01786,FDR-027,SUB-09,REG-INLAND,28.9,115.0,RES,False
MTR-01787,FDR-027,SUB-09,REG-INLAND,28.9,115.0,RES,False
MTR-01788,FDR-027,SUB-09,REG-INLAND,28.9,115.0,RES,False
MTR-01789,FDR-027,SUB-09,REG-INLAND,28.9,115.0,COM,False
MTR-01790,FDR-027,SUB-09,REG-INLAND,28.9,115.0,RES,False
MTR-01791,FDR-027,SUB-09,REG-INLAND,28.9,115.0,RES,False
MTR-01792,FDR-027,SUB-09,REG-INLAND,28.9,115.0,RES,False
MTR-01793,FDR-027,SUB-09,REG-INLAND,28.9,115.0,COM,False
MTR-01794,FDR-027,SUB-09,REG-INLAND,28.9,115.0,IND,False
MTR-01795,FDR-027,SUB-09,REG-INLAND,28.9,115.0,COM,False
MTR-01796,FDR-027,SUB-09,REG-INLAND,28.9,115.0,RES,False
MTR-01797,FDR-027,SUB-09,REG-INLAND,28.9,115.0,RES,False
MTR-01798,FDR-027,SUB-09,REG-INLAND,28.9,115.0,RES,False
MTR-01799,FDR-027,SUB-09,REG-INLAND,28.9,115.0,RES,False
MTR-01800,FDR-027,SUB-09,REG-INLAND,28.9,115.0,RES,False
MTR-01801,FDR-028,SUB-10,REG-INLAND,28.3,115.0,RES,False
MTR-01802,FDR-028,SUB-10,REG-INLAND,28.3,115.0,RES,False
MTR-01803,FDR-028,SUB-10,REG-INLAND,28.3,115.0,RES,False
MTR-01804,FDR-028,SUB-10,REG-INLAND,28.3,115.0,COM,False
MTR-01805,FDR-028,SUB-10,REG-INLAND,28.3,115.0,RES,False
MTR-01806,FDR-028,SUB-10,REG-INLAND,28.3,115.0,RES,False
MTR-01807,FDR-028,SUB-10,REG-INLAND,28.3,115.0,RES,False
MTR-01808,FDR-028,SUB-10,REG-INLAND,28.3,115.0,RES,False
MTR-01809,FDR-028,SUB-10,REG-INLAND,28.3,115.0,COM,False
MTR-01810,FDR-028,SUB-10,REG-INLAND,28.3,115.0,RES,False
MTR-01811,FDR-028,SUB-10,REG-INLAND,28.3,115.0,RES,False
MTR-01812,FDR-028,SUB-10,REG-INLAND,28.3,115.0,RES,False
MTR-01813,FDR-028,SUB-10,REG-INLAND,28.3,115.0,COM,False
MTR-01814,FDR-028,SUB-10,REG-INLAND,28.3,115.0,COM,False
MTR-01815,FDR-028,SUB-10,REG-INLAND,28.3,115.0,COM,False
MTR-01816,FDR-028,SUB-10,REG-INLAND,28.3,115.0,COM,False
MTR-01817,FDR-028,SUB-10,REG-INLAND,28.3,115.0,RES,False
MTR-01818,FDR-028,SUB-10,REG-INLAND,28.3,115.0,IND,False
MTR-01819,FDR-028,SUB-10,REG-INLAND,28.3,115.0,IND,False
MTR-01820,FDR-028,SUB-10,REG-INLAND,28.3,115.0,IND,False
MTR-01821,FDR-028,SUB-10,REG-INLAND,28.3,115.0,RES,False
MTR-01822,FDR-028,SUB-10,REG-INLAND,28.3,115.0,IND,False
MTR-01823,FDR-028,SUB-10,REG-INLAND,28.3,115.0,RES,False
MTR-01824,FDR-028,SUB-10,REG-INLAND,28.3,115.0,RES,False
MTR-01825,FDR-028,SUB-10,REG-INLAND,28.3,115.0,COM,False
MTR-01826,FDR-028,SUB-10,REG-INLAND,28.3,115.0,RES,False
MTR-01827,FDR-028,SUB-10,REG-INLAND,28.3,115.0,RES,False
MTR-01828,FDR-028,SUB-10,REG-INLAND,28.3,115.0,IND,False
MTR-01829,FDR-028,SUB-10,REG-INLAND,28.3,115.0,RES,False
MTR-01830,FDR-028,SUB-10,REG-INLAND,28.3,115.0,COM,False
MTR-01831,FDR-028,SUB-10,REG-INLAND,28.3,115.0,RES,False
MTR-01832,FDR-028,SUB-10,REG-INLAND,28.3,115.0,RES,False
MTR-01833,FDR-028,SUB-10,REG-INLAND,28.3,115.0,COM,False
MTR-01834,FDR-028,SUB-10,REG-INLAND,28.3,115.0,RES,False
MTR-01835,FDR-028,SUB-10,REG-INLAND,28.3,115.0,COM,False
MTR-01836,FDR-028,SUB-10,REG-INLAND,28.3,115.0,RES,False
MTR-01837,FDR-028,SUB-10,REG-INLAND,28.3,115.0,COM,False
MTR-01838,FDR-028,SUB-10,REG-INLAND,28.3,115.0,RES,False
MTR-01839,FDR-028,SUB-10,REG-INLAND,28.3,115.0,RES,False
MTR-01840,FDR-028,SUB-10,REG-INLAND,28.3,115.0,IND,False
MTR-01841,FDR-028,SUB-10,REG-INLAND,28.3,115.0,COM,False
MTR-01842,FDR-028,SUB-10,REG-INLAND,28.3,115.0,RES,False
MTR-01843,FDR-028,SUB-10,REG-INLAND,28.3,115.0,RES,False
MTR-01844,FDR-028,SUB-10,REG-INLAND,28.3,115.0,COM,False
MTR-01845,FDR-028,SUB-10,REG-INLAND,28.3,115.0,RES,False
MTR-01846,FDR-028,SUB-10,REG-INLAND,28.3,115.0,RES,False
MTR-01847,FDR-028,SUB-10,REG-INLAND,28.3,115.0,RES,False
MTR-01848,FDR-028,SUB-10,REG-INLAND,28.3,115.0,RES,False
MTR-01849,FDR-028,SUB-10,REG-INLAND,28.3,115.0,RES,False
MTR-01850,FDR-028,SUB-10,REG-INLAND,28.3,115.0,RES,False
MTR-01851,FDR-028,SUB-10,REG-INLAND,28.3,115.0,RES,False
MTR-01852,FDR-028,SUB-10,REG-INLAND,28.3,115.0,IND,False
MTR-01853,FDR-028,SUB-10,REG-INLAND,28.3,115.0,RES,False
MTR-01854,FDR-028,SUB-10,REG-INLAND,28.3,115.0,RES,False
MTR-01855,FDR-028,SUB-10,REG-INLAND,28.3,115.0,RES,False
MTR-01856,FDR-028,SUB-10,REG-INLAND,28.3,115.0,COM,False
MTR-01857,FDR-028,SUB-10,REG-INLAND,28.3,115.0,RES,False
MTR-01858,FDR-028,SUB-10,REG-INLAND,28.3,115.0,RES,False
MTR-01859,FDR-028,SUB-10,REG-INLAND,28.3,115.0,RES,False
MTR-01860,FDR-028,SUB-10,REG-INLAND,28.3,115.0,RES,False
MTR-01861,FDR-028,SUB-10,REG-INLAND,28.3,115.0,COM,False
MTR-01862,FDR-028,SUB-10,REG-INLAND,28.3,115.0,RES,False
MTR-01863,FDR-028,SUB-10,REG-INLAND,28.3,115.0,RES,False
MTR-01864,FDR-028,SUB-10,REG-INLAND,28.3,115.0,COM,True
MTR-01865,FDR-028,SUB-10,REG-INLAND,28.3,115.0,RES,False
MTR-01866,FDR-029,SUB-10,REG-INLAND,25.3,115.0,IND,False
MTR-01867,FDR-029,SUB-10,REG-INLAND,25.3,115.0,RES,False
MTR-01868,FDR-029,SUB-10,REG-INLAND,25.3,115.0,COM,False
MTR-01869,FDR-029,SUB-10,REG-INLAND,25.3,115.0,IND,False
MTR-01870,FDR-029,SUB-10,REG-INLAND,25.3,115.0,RES,False
MTR-01871,FDR-029,SUB-10,REG-INLAND,25.3,115.0,COM,False
MTR-01872,FDR-029,SUB-10,REG-INLAND,25.3,115.0,RES,False
MTR-01873,FDR-029,SUB-10,REG-INLAND,25.3,115.0,RES,False
MTR-01874,FDR-029,SUB-10,REG-INLAND,25.3,115.0,RES,False
MTR-01875,FDR-029,SUB-10,REG-INLAND,25.3,115.0,RES,False
MTR-01876,FDR-029,SUB-10,REG-INLAND,25.3,115.0,COM,False
MTR-01877,FDR-029,SUB-10,REG-INLAND,25.3,115.0,RES,False
MTR-01878,FDR-029,SUB-10,REG-INLAND,25.3,115.0,IND,False
MTR-01879,FDR-029,SUB-10,REG-INLAND,25.3,115.0,RES,False
MTR-01880,FDR-029,SUB-10,REG-INLAND,25.3,115.0,RES,False
MTR-01881,FDR-029,SUB-10,REG-INLAND,25.3,115.0,COM,False
MTR-01882,FDR-029,SUB-10,REG-INLAND,25.3,115.0,RES,False
MTR-01883,FDR-029,SUB-10,REG-INLAND,25.3,115.0,RES,False
MTR-01884,FDR-029,SUB-10,REG-INLAND,25.3,115.0,RES,False
MTR-01885,FDR-029,SUB-10,REG-INLAND,25.3,115.0,IND,False
MTR-01886,FDR-029,SUB-10,REG-INLAND,25.3,115.0,RES,False
MTR-01887,FDR-029,SUB-10,REG-INLAND,25.3,115.0,COM,False
MTR-01888,FDR-029,SUB-10,REG-INLAND,25.3,115.0,RES,True
MTR-01889,FDR-029,SUB-10,REG-INLAND,25.3,115.0,RES,False
MTR-01890,FDR-029,SUB-10,REG-INLAND,25.3,115.0,RES,False
MTR-01891,FDR-029,SUB-10,REG-INLAND,25.3,115.0,RES,False
MTR-01892,FDR-029,SUB-10,REG-INLAND,25.3,115.0,RES,False
MTR-01893,FDR-029,SUB-10,REG-INLAND,25.3,115.0,RES,False
MTR-01894,FDR-029,SUB-10,REG-INLAND,25.3,115.0,COM,False
MTR-01895,FDR-029,SUB-10,REG-INLAND,25.3,115.0,IND,False
MTR-01896,FDR-029,SUB-10,REG-INLAND,25.3,115.0,IND,False
MTR-01897,FDR-029,SUB-10,REG-INLAND,25.3,115.0,RES,False
MTR-01898,FDR-029,SUB-10,REG-INLAND,25.3,115.0,RES,False
MTR-01899,FDR-029,SUB-10,REG-INLAND,25.3,115.0,RES,False
MTR-01900,FDR-029,SUB-10,REG-INLAND,25.3,115.0,IND,False
MTR-01901,FDR-029,SUB-10,REG-INLAND,25.3,115.0,RES,False
MTR-01902,FDR-029,SUB-10,REG-INLAND,25.3,115.0,RES,False
MTR-01903,FDR-029,SUB-10,REG-INLAND,25.3,115.0,IND,False
MTR-01904,FDR-029,SUB-10,REG-INLAND,25.3,115.0,COM,False
MTR-01905,FDR-029,SUB-10,REG-INLAND,25.3,115.0,RES,False
MTR-01906,FDR-029,SUB-10,REG-INLAND,25.3,115.0,COM,False
MTR-01907,FDR-029,SUB-10,REG-INLAND,25.3,115.0,RES,False
MTR-01908,FDR-029,SUB-10,REG-INLAND,25.3,115.0,RES,False
MTR-01909,FDR-029,SUB-10,REG-INLAND,25.3,115.0,IND,False
MTR-01910,FDR-029,SUB-10,REG-INLAND,25.3,115.0,RES,False
MTR-01911,FDR-029,SUB-10,REG-INLAND,25.3,115.0,IND,False
MTR-01912,FDR-029,SUB-10,REG-INLAND,25.3,115.0,COM,False
MTR-01913,FDR-029,SUB-10,REG-INLAND,25.3,115.0,RES,False
MTR-01914,FDR-029,SUB-10,REG-INLAND,25.3,115.0,RES,False
MTR-01915,FDR-029,SUB-10,REG-INLAND,25.3,115.0,IND,False
MTR-01916,FDR-029,SUB-10,REG-INLAND,25.3,115.0,IND,False
MTR-01917,FDR-029,SUB-10,REG-INLAND,25.3,115.0,RES,False
MTR-01918,FDR-029,SUB-10,REG-INLAND,25.3,115.0,RES,False
MTR-01919,FDR-029,SUB-10,REG-INLAND,25.3,115.0,COM,False
MTR-01920,FDR-029,SUB-10,REG-INLAND,25.3,115.0,COM,False
MTR-01921,FDR-029,SUB-10,REG-INLAND,25.3,115.0,RES,False
MTR-01922,FDR-029,SUB-10,REG-INLAND,25.3,115.0,RES,False
MTR-01923,FDR-029,SUB-10,REG-INLAND,25.3,115.0,RES,False
MTR-01924,FDR-029,SUB-10,REG-INLAND,25.3,115.0,COM,False
MTR-01925,FDR-029,SUB-10,REG-INLAND,25.3,115.0,RES,False
MTR-01926,FDR-029,SUB-10,REG-INLAND,25.3,115.0,COM,False
MTR-01927,FDR-029,SUB-10,REG-INLAND,25.3,115.0,COM,False
MTR-01928,FDR-029,SUB-10,REG-INLAND,25.3,115.0,RES,False
MTR-01929,FDR-029,SUB-10,REG-INLAND,25.3,115.0,RES,False
MTR-01930,FDR-029,SUB-10,REG-INLAND,25.3,115.0,RES,False
MTR-01931,FDR-029,SUB-10,REG-INLAND,25.3,115.0,RES,False
MTR-01932,FDR-029,SUB-10,REG-INLAND,25.3,115.0,COM,False
MTR-01933,FDR-029,SUB-10,REG-INLAND,25.3,115.0,RES,False
MTR-01934,FDR-029,SUB-10,REG-INLAND,25.3,115.0,RES,False
MTR-01935,FDR-029,SUB-10,REG-INLAND,25.3,115.0,COM,False
MTR-01936,FDR-030,SUB-10,REG-INLAND,22.2,115.0,IND,False
MTR-01937,FDR-030,SUB-10,REG-INLAND,22.2,115.0,RES,False
MTR-01938,FDR-030,SUB-10,REG-INLAND,22.2,115.0,COM,False
MTR-01939,FDR-030,SUB-10,REG-INLAND,22.2,115.0,RES,False
MTR-01940,FDR-030,SUB-10,REG-INLAND,22.2,115.0,RES,False
MTR-01941,FDR-030,SUB-10,REG-INLAND,22.2,115.0,COM,False
MTR-01942,FDR-030,SUB-10,REG-INLAND,22.2,115.0,COM,False
MTR-01943,FDR-030,SUB-10,REG-INLAND,22.2,115.0,RES,False
MTR-01944,FDR-030,SUB-10,REG-INLAND,22.2,115.0,COM,False
MTR-01945,FDR-030,SUB-10,REG-INLAND,22.2,115.0,RES,False
MTR-01946,FDR-030,SUB-10,REG-INLAND,22.2,115.0,COM,False
MTR-01947,FDR-030,SUB-10,REG-INLAND,22.2,115.0,COM,False
MTR-01948,FDR-030,SUB-10,REG-INLAND,22.2,115.0,RES,False
MTR-01949,FDR-030,SUB-10,REG-INLAND,22.2,115.0,RES,False
MTR-01950,FDR-030,SUB-10,REG-INLAND,22.2,115.0,RES,False
MTR-01951,FDR-030,SUB-10,REG-INLAND,22.2,115.0,RES,False
MTR-01952,FDR-030,SUB-10,REG-INLAND,22.2,115.0,RES,False
MTR-01953,FDR-030,SUB-10,REG-INLAND,22.2,115.0,RES,False
MTR-01954,FDR-030,SUB-10,REG-INLAND,22.2,115.0,RES,False
MTR-01955,FDR-030,SUB-10,REG-INLAND,22.2,115.0,RES,False
MTR-01956,FDR-030,SUB-10,REG-INLAND,22.2,115.0,IND,False
MTR-01957,FDR-030,SUB-10,REG-INLAND,22.2,115.0,IND,False
MTR-01958,FDR-030,SUB-10,REG-INLAND,22.2,115.0,RES,False
MTR-01959,FDR-030,SUB-10,REG-INLAND,22.2,115.0,RES,False
MTR-01960,FDR-030,SUB-10,REG-INLAND,22.2,115.0,IND,False
MTR-01961,FDR-030,SUB-10,REG-INLAND,22.2,115.0,RES,False
MTR-01962,FDR-030,SUB-10,REG-INLAND,22.2,115.0,COM,False
MTR-01963,FDR-030,SUB-10,REG-INLAND,22.2,115.0,RES,False
MTR-01964,FDR-030,SUB-10,REG-INLAND,22.2,115.0,IND,False
MTR-01965,FDR-030,SUB-10,REG-INLAND,22.2,115.0,RES,False
MTR-01966,FDR-030,SUB-10,REG-INLAND,22.2,115.0,RES,False
MTR-01967,FDR-030,SUB-10,REG-INLAND,22.2,115.0,RES,False
MTR-01968,FDR-030,SUB-10,REG-INLAND,22.2,115.0,RES,False
MTR-01969,FDR-030,SUB-10,REG-INLAND,22.2,115.0,RES,False
MTR-01970,FDR-030,SUB-10,REG-INLAND,22.2,115.0,COM,False
MTR-01971,FDR-030,SUB-10,REG-INLAND,22.2,115.0,IND,False
MTR-01972,FDR-030,SUB-10,REG-INLAND,22.2,115.0,COM,False
MTR-01973,FDR-030,SUB-10,REG-INLAND,22.2,115.0,COM,False
MTR-01974,FDR-030,SUB-10,REG-INLAND,22.2,115.0,COM,False
MTR-01975,FDR-030,SUB-10,REG-INLAND,22.2,115.0,IND,False
MTR-01976,FDR-030,SUB-10,REG-INLAND,22.2,115.0,RES,False
MTR-01977,FDR-030,SUB-10,REG-INLAND,22.2,115.0,COM,False
MTR-01978,FDR-030,SUB-10,REG-INLAND,22.2,115.0,RES,False
MTR-01979,FDR-030,SUB-10,REG-INLAND,22.2,115.0,IND,False
MTR-01980,FDR-030,SUB-10,REG-INLAND,22.2,115.0,RES,False
MTR-01981,FDR-030,SUB-10,REG-INLAND,22.2,115.0,COM,False
MTR-01982,FDR-030,SUB-10,REG-INLAND,22.2,115.0,RES,False
MTR-01983,FDR-030,SUB-10,REG-INLAND,22.2,115.0,RES,False
MTR-01984,FDR-030,SUB-10,REG-INLAND,22.2,115.0,COM,False
MTR-01985,FDR-030,SUB-10,REG-INLAND,22.2,115.0,RES,False
MTR-01986,FDR-030,SUB-10,REG-INLAND,22.2,115.0,COM,False
MTR-01987,FDR-030,SUB-10,REG-INLAND,22.2,115.0,IND,True
MTR-01988,FDR-030,SUB-10,REG-INLAND,22.2,115.0,IND,False
MTR-01989,FDR-030,SUB-10,REG-INLAND,22.2,115.0,RES,False
MTR-01990,FDR-030,SUB-10,REG-INLAND,22.2,115.0,RES,False
MTR-01991,FDR-030,SUB-10,REG-INLAND,22.2,115.0,COM,False
MTR-01992,FDR-030,SUB-10,REG-INLAND,22.2,115.0,RES,False
MTR-01993,FDR-030,SUB-10,REG-INLAND,22.2,115.0,RES,False
MTR-01994,FDR-030,SUB-10,REG-INLAND,22.2,115.0,COM,False
MTR-01995,FDR-030,SUB-10,REG-INLAND,22.2,115.0,COM,False
MTR-01996,FDR-030,SUB-10,REG-INLAND,22.2,115.0,RES,False
MTR-01997,FDR-030,SUB-10,REG-INLAND,22.2,115.0,COM,False
MTR-01998,FDR-030,SUB-10,REG-INLAND,22.2,115.0,RES,False
MTR-01999,FDR-030,SUB-10,REG-INLAND,22.2,115.0,RES,False
MTR-02000,FDR-030,SUB-10,REG-INLAND,22.2,115.0,IND,False
MTR-02001,FDR-031,SUB-11,REG-INLAND,32.6,115.0,RES,False
MTR-02002,FDR-031,SUB-11,REG-INLAND,32.6,115.0,COM,False
MTR-02003,FDR-031,SUB-11,REG-INLAND,32.6,115.0,IND,False
MTR-02004,FDR-031,SUB-11,REG-INLAND,32.6,115.0,RES,False
MTR-02005,FDR-031,SUB-11,REG-INLAND,32.6,115.0,RES,False
MTR-02006,FDR-031,SUB-11,REG-INLAND,32.6,115.0,COM,False
MTR-02007,FDR-031,SUB-11,REG-INLAND,32.6,115.0,COM,False
MTR-02008,FDR-031,SUB-11,REG-INLAND,32.6,115.0,RES,False
MTR-02009,FDR-031,SUB-11,REG-INLAND,32.6,115.0,COM,False
MTR-02010,FDR-031,SUB-11,REG-INLAND,32.6,115.0,RES,False
MTR-02011,FDR-031,SUB-11,REG-INLAND,32.6,115.0,RES,False
MTR-02012,FDR-031,SUB-11,REG-INLAND,32.6,115.0,RES,False
MTR-02013,FDR-031,SUB-11,REG-INLAND,32.6,115.0,IND,False
MTR-02014,FDR-031,SUB-11,REG-INLAND,32.6,115.0,RES,False
MTR-02015,FDR-031,SUB-11,REG-INLAND,32.6,115.0,RES,False
MTR-02016,FDR-031,SUB-11,REG-INLAND,32.6,115.0,IND,False
MTR-02017,FDR-031,SUB-11,REG-INLAND,32.6,115.0,RES,False
MTR-02018,FDR-031,SUB-11,REG-INLAND,32.6,115.0,RES,False
MTR-02019,FDR-031,SUB-11,REG-INLAND,32.6,115.0,RES,False
MTR-02020,FDR-031,SUB-11,REG-INLAND,32.6,115.0,RES,False
MTR-02021,FDR-031,SUB-11,REG-INLAND,32.6,115.0,RES,False
MTR-02022,FDR-031,SUB-11,REG-INLAND,32.6,115.0,RES,False
MTR-02023,FDR-031,SUB-11,REG-INLAND,32.6,115.0,RES,False
MTR-02024,FDR-031,SUB-11,REG-INLAND,32.6,115.0,IND,False
MTR-02025,FDR-031,SUB-11,REG-INLAND,32.6,115.0,RES,False
MTR-02026,FDR-031,SUB-11,REG-INLAND,32.6,115.0,RES,False
MTR-02027,FDR-031,SUB-11,REG-INLAND,32.6,115.0,RES,False
MTR-02028,FDR-031,SUB-11,REG-INLAND,32.6,115.0,RES,False
MTR-02029,FDR-031,SUB-11,REG-INLAND,32.6,115.0,COM,False
MTR-02030,FDR-031,SUB-11,REG-INLAND,32.6,115.0,IND,False
MTR-02031,FDR-031,SUB-11,REG-INLAND,32.6,115.0,RES,False
MTR-02032,FDR-031,SUB-11,REG-INLAND,32.6,115.0,COM,False
MTR-02033,FDR-031,SUB-11,REG-INLAND,32.6,115.0,COM,False
MTR-02034,FDR-031,SUB-11,REG-INLAND,32.6,115.0,RES,False
MTR-02035,FDR-031,SUB-11,REG-INLAND,32.6,115.0,COM,False
MTR-02036,FDR-031,SUB-11,REG-INLAND,32.6,115.0,COM,False
MTR-02037,FDR-031,SUB-11,REG-INLAND,32.6,115.0,RES,False
MTR-02038,FDR-031,SUB-11,REG-INLAND,32.6,115.0,IND,False
MTR-02039,FDR-031,SUB-11,REG-INLAND,32.6,115.0,IND,False
MTR-02040,FDR-031,SUB-11,REG-INLAND,32.6,115.0,RES,False
MTR-02041,FDR-031,SUB-11,REG-INLAND,32.6,115.0,RES,False
MTR-02042,FDR-031,SUB-11,REG-INLAND,32.6,115.0,RES,False
MTR-02043,FDR-031,SUB-11,REG-INLAND,32.6,115.0,RES,False
MTR-02044,FDR-031,SUB-11,REG-INLAND,32.6,115.0,RES,False
MTR-02045,FDR-031,SUB-11,REG-INLAND,32.6,115.0,RES,False
MTR-02046,FDR-031,SUB-11,REG-INLAND,32.6,115.0,RES,False
MTR-02047,FDR-031,SUB-11,REG-INLAND,32.6,115.0,RES,False
MTR-02048,FDR-031,SUB-11,REG-INLAND,32.6,115.0,RES,False
MTR-02049,FDR-031,SUB-11,REG-INLAND,32.6,115.0,RES,False
MTR-02050,FDR-031,SUB-11,REG-INLAND,32.6,115.0,COM,False
MTR-02051,FDR-031,SUB-11,REG-INLAND,32.6,115.0,RES,False
MTR-02052,FDR-031,SUB-11,REG-INLAND,32.6,115.0,RES,False
MTR-02053,FDR-031,SUB-11,REG-INLAND,32.6,115.0,RES,False
MTR-02054,FDR-031,SUB-11,REG-INLAND,32.6,115.0,RES,False
MTR-02055,FDR-031,SUB-11,REG-INLAND,32.6,115.0,RES,False
MTR-02056,FDR-031,SUB-11,REG-INLAND,32.6,115.0,RES,False
MTR-02057,FDR-031,SUB-11,REG-INLAND,32.6,115.0,RES,False
MTR-02058,FDR-031,SUB-11,REG-INLAND,32.6,115.0,IND,False
MTR-02059,FDR-031,SUB-11,REG-INLAND,32.6,115.0,RES,False
MTR-02060,FDR-031,SUB-11,REG-INLAND,32.6,115.0,RES,False
MTR-02061,FDR-031,SUB-11,REG-INLAND,32.6,115.0,RES,False
MTR-02062,FDR-031,SUB-11,REG-INLAND,32.6,115.0,RES,False
MTR-02063,FDR-031,SUB-11,REG-INLAND,32.6,115.0,IND,False
MTR-02064,FDR-031,SUB-11,REG-INLAND,32.6,115.0,RES,False
MTR-02065,FDR-031,SUB-11,REG-INLAND,32.6,115.0,RES,False
MTR-02066,FDR-032,SUB-11,REG-INLAND,28.2,115.0,RES,False
MTR-02067,FDR-032,SUB-11,REG-INLAND,28.2,115.0,COM,False
MTR-02068,FDR-032,SUB-11,REG-INLAND,28.2,115.0,RES,False
MTR-02069,FDR-032,SUB-11,REG-INLAND,28.2,115.0,COM,False
MTR-02070,FDR-032,SUB-11,REG-INLAND,28.2,115.0,RES,False
MTR-02071,FDR-032,SUB-11,REG-INLAND,28.2,115.0,RES,False
MTR-02072,FDR-032,SUB-11,REG-INLAND,28.2,115.0,RES,False
MTR-02073,FDR-032,SUB-11,REG-INLAND,28.2,115.0,COM,False
MTR-02074,FDR-032,SUB-11,REG-INLAND,28.2,115.0,COM,False
MTR-02075,FDR-032,SUB-11,REG-INLAND,28.2,115.0,RES,False
MTR-02076,FDR-032,SUB-11,REG-INLAND,28.2,115.0,IND,False
MTR-02077,FDR-032,SUB-11,REG-INLAND,28.2,115.0,RES,False
MTR-02078,FDR-032,SUB-11,REG-INLAND,28.2,115.0,IND,False
MTR-02079,FDR-032,SUB-11,REG-INLAND,28.2,115.0,COM,False
MTR-02080,FDR-032,SUB-11,REG-INLAND,28.2,115.0,COM,False
MTR-02081,FDR-032,SUB-11,REG-INLAND,28.2,115.0,IND,False
MTR-02082,FDR-032,SUB-11,REG-INLAND,28.2,115.0,IND,True
MTR-02083,FDR-032,SUB-11,REG-INLAND,28.2,115.0,IND,False
MTR-02084,FDR-032,SUB-11,REG-INLAND,28.2,115.0,RES,False
MTR-02085,FDR-032,SUB-11,REG-INLAND,28.2,115.0,RES,False
MTR-02086,FDR-032,SUB-11,REG-INLAND,28.2,115.0,RES,False
MTR-02087,FDR-032,SUB-11,REG-INLAND,28.2,115.0,COM,False
MTR-02088,FDR-032,SUB-11,REG-INLAND,28.2,115.0,RES,False
MTR-02089,FDR-032,SUB-11,REG-INLAND,28.2,115.0,RES,False
MTR-02090,FDR-032,SUB-11,REG-INLAND,28.2,115.0,COM,False
MTR-02091,FDR-032,SUB-11,REG-INLAND,28.2,115.0,COM,False
MTR-02092,FDR-032,SUB-11,REG-INLAND,28.2,115.0,COM,False
MTR-02093,FDR-032,SUB-11,REG-INLAND,28.2,115.0,RES,False
MTR-02094,FDR-032,SUB-11,REG-INLAND,28.2,115.0,RES,False
MTR-02095,FDR-032,SUB-11,REG-INLAND,28.2,115.0,RES,False
MTR-02096,FDR-032,SUB-11,REG-INLAND,28.2,115.0,IND,False
MTR-02097,FDR-032,SUB-11,REG-INLAND,28.2,115.0,COM,False
MTR-02098,FDR-032,SUB-11,REG-INLAND,28.2,115.0,COM,False
MTR-02099,FDR-032,SUB-11,REG-INLAND,28.2,115.0,RES,False
MTR-02100,FDR-032,SUB-11,REG-INLAND,28.2,115.0,IND,False
MTR-02101,FDR-032,SUB-11,REG-INLAND,28.2,115.0,IND,False
MTR-02102,FDR-032,SUB-11,REG-INLAND,28.2,115.0,RES,False
MTR-02103,FDR-032,SUB-11,REG-INLAND,28.2,115.0,RES,False
MTR-02104,FDR-032,SUB-11,REG-INLAND,28.2,115.0,COM,False
MTR-02105,FDR-032,SUB-11,REG-INLAND,28.2,115.0,COM,False
MTR-02106,FDR-032,SUB-11,REG-INLAND,28.2,115.0,COM,False
MTR-02107,FDR-032,SUB-11,REG-INLAND,28.2,115.0,COM,False
MTR-02108,FDR-032,SUB-11,REG-INLAND,28.2,115.0,RES,False
MTR-02109,FDR-032,SUB-11,REG-INLAND,28.2,115.0,RES,False
MTR-02110,FDR-032,SUB-11,REG-INLAND,28.2,115.0,COM,False
MTR-02111,FDR-032,SUB-11,REG-INLAND,28.2,115.0,RES,False
MTR-02112,FDR-032,SUB-11,REG-INLAND,28.2,115.0,COM,False
MTR-02113,FDR-032,SUB-11,REG-INLAND,28.2,115.0,RES,False
MTR-02114,FDR-032,SUB-11,REG-INLAND,28.2,115.0,RES,False
MTR-02115,FDR-032,SUB-11,REG-INLAND,28.2,115.0,COM,False
MTR-02116,FDR-032,SUB-11,REG-INLAND,28.2,115.0,RES,False
MTR-02117,FDR-032,SUB-11,REG-INLAND,28.2,115.0,COM,False
MTR-02118,FDR-032,SUB-11,REG-INLAND,28.2,115.0,COM,False
MTR-02119,FDR-032,SUB-11,REG-INLAND,28.2,115.0,RES,False
MTR-02120,FDR-032,SUB-11,REG-INLAND,28.2,115.0,RES,False
MTR-02121,FDR-032,SUB-11,REG-INLAND,28.2,115.0,RES,False
MTR-02122,FDR-032,SUB-11,REG-INLAND,28.2,115.0,COM,False
MTR-02123,FDR-032,SUB-11,REG-INLAND,28.2,115.0,IND,False
MTR-02124,FDR-032,SUB-11,REG-INLAND,28.2,115.0,COM,False
MTR-02125,FDR-032,SUB-11,REG-INLAND,28.2,115.0,RES,False
MTR-02126,FDR-032,SUB-11,REG-INLAND,28.2,115.0,COM,False
MTR-02127,FDR-032,SUB-11,REG-INLAND,28.2,115.0,RES,False
MTR-02128,FDR-032,SUB-11,REG-INLAND,28.2,115.0,RES,False
MTR-02129,FDR-032,SUB-11,REG-INLAND,28.2,115.0,IND,False
MTR-02130,FDR-032,SUB-11,REG-INLAND,28.2,115.0,COM,False
MTR-02131,FDR-032,SUB-11,REG-INLAND,28.2,115.0,RES,False
MTR-02132,FDR-032,SUB-11,REG-INLAND,28.2,115.0,RES,False
MTR-02133,FDR-032,SUB-11,REG-INLAND,28.2,115.0,RES,False
MTR-02134,FDR-032,SUB-11,REG-INLAND,28.2,115.0,IND,False
MTR-02135,FDR-032,SUB-11,REG-INLAND,28.2,115.0,RES,False
MTR-02136,FDR-033,SUB-11,REG-INLAND,30.2,115.0,COM,False
MTR-02137,FDR-033,SUB-11,REG-INLAND,30.2,115.0,RES,False
MTR-02138,FDR-033,SUB-11,REG-INLAND,30.2,115.0,RES,False
MTR-02139,FDR-033,SUB-11,REG-INLAND,30.2,115.0,RES,False
MTR-02140,FDR-033,SUB-11,REG-INLAND,30.2,115.0,RES,False
MTR-02141,FDR-033,SUB-11,REG-INLAND,30.2,115.0,IND,False
MTR-02142,FDR-033,SUB-11,REG-INLAND,30.2,115.0,RES,False
MTR-02143,FDR-033,SUB-11,REG-INLAND,30.2,115.0,RES,False
MTR-02144,FDR-033,SUB-11,REG-INLAND,30.2,115.0,RES,False
MTR-02145,FDR-033,SUB-11,REG-INLAND,30.2,115.0,COM,False
MTR-02146,FDR-033,SUB-11,REG-INLAND,30.2,115.0,RES,False
MTR-02147,FDR-033,SUB-11,REG-INLAND,30.2,115.0,IND,False
MTR-02148,FDR-033,SUB-11,REG-INLAND,30.2,115.0,RES,False
MTR-02149,FDR-033,SUB-11,REG-INLAND,30.2,115.0,IND,False
MTR-02150,FDR-033,SUB-11,REG-INLAND,30.2,115.0,RES,False
MTR-02151,FDR-033,SUB-11,REG-INLAND,30.2,115.0,RES,False
MTR-02152,FDR-033,SUB-11,REG-INLAND,30.2,115.0,COM,False
MTR-02153,FDR-033,SUB-11,REG-INLAND,30.2,115.0,IND,False
MTR-02154,FDR-033,SUB-11,REG-INLAND,30.2,115.0,RES,False
MTR-02155,FDR-033,SUB-11,REG-INLAND,30.2,115.0,RES,False
MTR-02156,FDR-033,SUB-11,REG-INLAND,30.2,115.0,RES,False
MTR-02157,FDR-033,SUB-11,REG-INLAND,30.2,115.0,IND,False
MTR-02158,FDR-033,SUB-11,REG-INLAND,30.2,115.0,IND,False
MTR-02159,FDR-033,SUB-11,REG-INLAND,30.2,115.0,RES,False
MTR-02160,FDR-033,SUB-11,REG-INLAND,30.2,115.0,RES,False
MTR-02161,FDR-033,SUB-11,REG-INLAND,30.2,115.0,RES,False
MTR-02162,FDR-033,SUB-11,REG-INLAND,30.2,115.0,RES,False
MTR-02163,FDR-033,SUB-11,REG-INLAND,30.2,115.0,COM,False
MTR-02164,FDR-033,SUB-11,REG-INLAND,30.2,115.0,RES,False
MTR-02165,FDR-033,SUB-11,REG-INLAND,30.2,115.0,RES,False
MTR-02166,FDR-033,SUB-11,REG-INLAND,30.2,115.0,COM,False
MTR-02167,FDR-033,SUB-11,REG-INLAND,30.2,115.0,RES,False
MTR-02168,FDR-033,SUB-11,REG-INLAND,30.2,115.0,IND,False
MTR-02169,FDR-033,SUB-11,REG-INLAND,30.2,115.0,RES,False
MTR-02170,FDR-033,SUB-11,REG-INLAND,30.2,115.0,COM,False
MTR-02171,FDR-033,SUB-11,REG-INLAND,30.2,115.0,COM,False
MTR-02172,FDR-033,SUB-11,REG-INLAND,30.2,115.0,RES,False
MTR-02173,FDR-033,SUB-11,REG-INLAND,30.2,115.0,RES,False
MTR-02174,FDR-033,SUB-11,REG-INLAND,30.2,115.0,RES,False
MTR-02175,FDR-033,SUB-11,REG-INLAND,30.2,115.0,COM,False
MTR-02176,FDR-033,SUB-11,REG-INLAND,30.2,115.0,RES,False
MTR-02177,FDR-033,SUB-11,REG-INLAND,30.2,115.0,COM,False
MTR-02178,FDR-033,SUB-11,REG-INLAND,30.2,115.0,RES,False
MTR-02179,FDR-033,SUB-11,REG-INLAND,30.2,115.0,RES,False
MTR-02180,FDR-033,SUB-11,REG-INLAND,30.2,115.0,RES,False
MTR-02181,FDR-033,SUB-11,REG-INLAND,30.2,115.0,RES,False
MTR-02182,FDR-033,SUB-11,REG-INLAND,30.2,115.0,RES,False
MTR-02183,FDR-033,SUB-11,REG-INLAND,30.2,115.0,IND,False
MTR-02184,FDR-033,SUB-11,REG-INLAND,30.2,115.0,RES,False
MTR-02185,FDR-033,SUB-11,REG-INLAND,30.2,115.0,COM,False
MTR-02186,FDR-033,SUB-11,REG-INLAND,30.2,115.0,COM,False
MTR-02187,FDR-033,SUB-11,REG-INLAND,30.2,115.0,IND,False
MTR-02188,FDR-033,SUB-11,REG-INLAND,30.2,115.0,RES,False
MTR-02189,FDR-033,SUB-11,REG-INLAND,30.2,115.0,COM,False
MTR-02190,FDR-033,SUB-11,REG-INLAND,30.2,115.0,IND,False
MTR-02191,FDR-033,SUB-11,REG-INLAND,30.2,115.0,RES,False
MTR-02192,FDR-033,SUB-11,REG-INLAND,30.2,115.0,IND,False
MTR-02193,FDR-033,SUB-11,REG-INLAND,30.2,115.0,COM,False
MTR-02194,FDR-033,SUB-11,REG-INLAND,30.2,115.0,COM,False
MTR-02195,FDR-033,SUB-11,REG-INLAND,30.2,115.0,RES,False
MTR-02196,FDR-033,SUB-11,REG-INLAND,30.2,115.0,RES,False
MTR-02197,FDR-033,SUB-11,REG-INLAND,30.2,115.0,RES,False
MTR-02198,FDR-033,SUB-11,REG-INLAND,30.2,115.0,COM,False
MTR-02199,FDR-033,SUB-11,REG-INLAND,30.2,115.0,RES,False
MTR-02200,FDR-033,SUB-11,REG-INLAND,30.2,115.0,COM,False
MTR-02201,FDR-034,SUB-12,REG-INLAND,26.5,115.0,COM,False
MTR-02202,FDR-034,SUB-12,REG-INLAND,26.5,115.0,RES,False
MTR-02203,FDR-034,SUB-12,REG-INLAND,26.5,115.0,RES,False
MTR-02204,FDR-034,SUB-12,REG-INLAND,26.5,115.0,RES,False
MTR-02205,FDR-034,SUB-12,REG-INLAND,26.5,115.0,RES,False
MTR-02206,FDR-034,SUB-12,REG-INLAND,26.5,115.0,COM,False
MTR-02207,FDR-034,SUB-12,REG-INLAND,26.5,115.0,RES,False
MTR-02208,FDR-034,SUB-12,REG-INLAND,26.5,115.0,IND,False
MTR-02209,FDR-034,SUB-12,REG-INLAND,26.5,115.0,COM,False
MTR-02210,FDR-034,SUB-12,REG-INLAND,26.5,115.0,COM,False
MTR-02211,FDR-034,SUB-12,REG-INLAND,26.5,115.0,COM,False
MTR-02212,FDR-034,SUB-12,REG-INLAND,26.5,115.0,COM,False
MTR-02213,FDR-034,SUB-12,REG-INLAND,26.5,115.0,RES,False
MTR-02214,FDR-034,SUB-12,REG-INLAND,26.5,115.0,COM,False
MTR-02215,FDR-034,SUB-12,REG-INLAND,26.5,115.0,RES,False
MTR-02216,FDR-034,SUB-12,REG-INLAND,26.5,115.0,IND,False
MTR-02217,FDR-034,SUB-12,REG-INLAND,26.5,115.0,RES,False
MTR-02218,FDR-034,SUB-12,REG-INLAND,26.5,115.0,RES,True
MTR-02219,FDR-034,SUB-12,REG-INLAND,26.5,115.0,COM,False
MTR-02220,FDR-034,SUB-12,REG-INLAND,26.5,115.0,COM,False
MTR-02221,FDR-034,SUB-12,REG-INLAND,26.5,115.0,RES,False
MTR-02222,FDR-034,SUB-12,REG-INLAND,26.5,115.0,RES,False
MTR-02223,FDR-034,SUB-12,REG-INLAND,26.5,115.0,RES,False
MTR-02224,FDR-034,SUB-12,REG-INLAND,26.5,115.0,RES,False
MTR-02225,FDR-034,SUB-12,REG-INLAND,26.5,115.0,RES,False
MTR-02226,FDR-034,SUB-12,REG-INLAND,26.5,115.0,IND,False
MTR-02227,FDR-034,SUB-12,REG-INLAND,26.5,115.0,RES,False
MTR-02228,FDR-034,SUB-12,REG-INLAND,26.5,115.0,RES,False
MTR-02229,FDR-034,SUB-12,REG-INLAND,26.5,115.0,RES,False
MTR-02230,FDR-034,SUB-12,REG-INLAND,26.5,115.0,COM,False
MTR-02231,FDR-034,SUB-12,REG-INLAND,26.5,115.0,RES,False
MTR-02232,FDR-034,SUB-12,REG-INLAND,26.5,115.0,COM,False
MTR-02233,FDR-034,SUB-12,REG-INLAND,26.5,115.0,COM,False
MTR-02234,FDR-034,SUB-12,REG-INLAND,26.5,115.0,RES,False
MTR-02235,FDR-034,SUB-12,REG-INLAND,26.5,115.0,RES,False
MTR-02236,FDR-034,SUB-12,REG-INLAND,26.5,115.0,RES,False
MTR-02237,FDR-034,SUB-12,REG-INLAND,26.5,115.0,RES,False
MTR-02238,FDR-034,SUB-12,REG-INLAND,26.5,115.0,COM,False
MTR-02239,FDR-034,SUB-12,REG-INLAND,26.5,115.0,COM,False
MTR-02240,FDR-034,SUB-12,REG-INLAND,26.5,115.0,RES,False
MTR-02241,FDR-034,SUB-12,REG-INLAND,26.5,115.0,RES,False
MTR-02242,FDR-034,SUB-12,REG-INLAND,26.5,115.0,COM,False
MTR-02243,FDR-034,SUB-12,REG-INLAND,26.5,115.0,RES,False
MTR-02244,FDR-034,SUB-12,REG-INLAND,26.5,115.0,IND,False
MTR-02245,FDR-034,SUB-12,REG-INLAND,26.5,115.0,RES,False
MTR-02246,FDR-034,SUB-12,REG-INLAND,26.5,115.0,COM,False
MTR-02247,FDR-034,SUB-12,REG-INLAND,26.5,115.0,COM,False
MTR-02248,FDR-034,SUB-12,REG-INLAND,26.5,115.0,RES,False
MTR-02249,FDR-034,SUB-12,REG-INLAND,26.5,115.0,RES,False
MTR-02250,FDR-034,SUB-12,REG-INLAND,26.5,115.0,RES,False
MTR-02251,FDR-034,SUB-12,REG-INLAND,26.5,115.0,IND,False
MTR-02252,FDR-034,SUB-12,REG-INLAND,26.5,115.0,IND,False
MTR-02253,FDR-034,SUB-12,REG-INLAND,26.5,115.0,IND,False
MTR-02254,FDR-034,SUB-12,REG-INLAND,26.5,115.0,RES,False
MTR-02255,FDR-034,SUB-12,REG-INLAND,26.5,115.0,IND,False
MTR-02256,FDR-034,SUB-12,REG-INLAND,26.5,115.0,RES,False
MTR-02257,FDR-034,SUB-12,REG-INLAND,26.5,115.0,RES,False
MTR-02258,FDR-034,SUB-12,REG-INLAND,26.5,115.0,RES,False
MTR-02259,FDR-034,SUB-12,REG-INLAND,26.5,115.0,RES,False
MTR-02260,FDR-034,SUB-12,REG-INLAND,26.5,115.0,COM,False
MTR-02261,FDR-034,SUB-12,REG-INLAND,26.5,115.0,RES,False
MTR-02262,FDR-034,SUB-12,REG-INLAND,26.5,115.0,IND,False
MTR-02263,FDR-034,SUB-12,REG-INLAND,26.5,115.0,IND,False
MTR-02264,FDR-034,SUB-12,REG-INLAND,26.5,115.0,RES,False
MTR-02265,FDR-034,SUB-12,REG-INLAND,26.5,115.0,RES,False
MTR-02266,FDR-035,SUB-12,REG-INLAND,18.3,115.0,RES,False
MTR-02267,FDR-035,SUB-12,REG-INLAND,18.3,115.0,COM,False
MTR-02268,FDR-035,SUB-12,REG-INLAND,18.3,115.0,RES,False
MTR-02269,FDR-035,SUB-12,REG-INLAND,18.3,115.0,RES,False
MTR-02270,FDR-035,SUB-12,REG-INLAND,18.3,115.0,RES,False
MTR-02271,FDR-035,SUB-12,REG-INLAND,18.3,115.0,RES,False
MTR-02272,FDR-035,SUB-12,REG-INLAND,18.3,115.0,RES,False
MTR-02273,FDR-035,SUB-12,REG-INLAND,18.3,115.0,RES,False
MTR-02274,FDR-035,SUB-12,REG-INLAND,18.3,115.0,RES,False
MTR-02275,FDR-035,SUB-12,REG-INLAND,18.3,115.0,RES,False
MTR-02276,FDR-035,SUB-12,REG-INLAND,18.3,115.0,COM,False
MTR-02277,FDR-035,SUB-12,REG-INLAND,18.3,115.0,COM,False
MTR-02278,FDR-035,SUB-12,REG-INLAND,18.3,115.0,IND,False
MTR-02279,FDR-035,SUB-12,REG-INLAND,18.3,115.0,IND,False
MTR-02280,FDR-035,SUB-12,REG-INLAND,18.3,115.0,IND,False
MTR-02281,FDR-035,SUB-12,REG-INLAND,18.3,115.0,IND,True
MTR-02282,FDR-035,SUB-12,REG-INLAND,18.3,115.0,COM,False
MTR-02283,FDR-035,SUB-12,REG-INLAND,18.3,115.0,COM,False
MTR-02284,FDR-035,SUB-12,REG-INLAND,18.3,115.0,COM,False
MTR-02285,FDR-035,SUB-12,REG-INLAND,18.3,115.0,RES,False
MTR-02286,FDR-035,SUB-12,REG-INLAND,18.3,115.0,COM,False
MTR-02287,FDR-035,SUB-12,REG-INLAND,18.3,115.0,COM,False
MTR-02288,FDR-035,SUB-12,REG-INLAND,18.3,115.0,IND,False
MTR-02289,FDR-035,SUB-12,REG-INLAND,18.3,115.0,RES,False
MTR-02290,FDR-035,SUB-12,REG-INLAND,18.3,115.0,COM,False
MTR-02291,FDR-035,SUB-12,REG-INLAND,18.3,115.0,COM,False
MTR-02292,FDR-035,SUB-12,REG-INLAND,18.3,115.0,RES,False
MTR-02293,FDR-035,SUB-12,REG-INLAND,18.3,115.0,RES,False
MTR-02294,FDR-035,SUB-12,REG-INLAND,18.3,115.0,COM,False
MTR-02295,FDR-035,SUB-12,REG-INLAND,18.3,115.0,COM,False
MTR-02296,FDR-035,SUB-12,REG-INLAND,18.3,115.0,RES,False
MTR-02297,FDR-035,SUB-12,REG-INLAND,18.3,115.0,IND,False
MTR-02298,FDR-035,SUB-12,REG-INLAND,18.3,115.0,IND,False
MTR-02299,FDR-035,SUB-12,REG-INLAND,18.3,115.0,IND,False
MTR-02300,FDR-035,SUB-12,REG-INLAND,18.3,115.0,RES,False
MTR-02301,FDR-035,SUB-12,REG-INLAND,18.3,115.0,RES,False
MTR-02302,FDR-035,SUB-12,REG-INLAND,18.3,115.0,IND,False
MTR-02303,FDR-035,SUB-12,REG-INLAND,18.3,115.0,RES,False
MTR-02304,FDR-035,SUB-12,REG-INLAND,18.3,115.0,COM,False
MTR-02305,FDR-035,SUB-12,REG-INLAND,18.3,115.0,COM,False
MTR-02306,FDR-035,SUB-12,REG-INLAND,18.3,115.0,RES,False
MTR-02307,FDR-035,SUB-12,REG-INLAND,18.3,115.0,RES,False
MTR-02308,FDR-035,SUB-12,REG-INLAND,18.3,115.0,COM,False
MTR-02309,FDR-035,SUB-12,REG-INLAND,18.3,115.0,RES,False
MTR-02310,FDR-035,SUB-12,REG-INLAND,18.3,115.0,IND,False
MTR-02311,FDR-035,SUB-12,REG-INLAND,18.3,115.0,RES,False
MTR-02312,FDR-035,SUB-12,REG-INLAND,18.3,115.0,RES,False
MTR-02313,FDR-035,SUB-12,REG-INLAND,18.3,115.0,COM,False
MTR-02314,FDR-035,SUB-12,REG-INLAND,18.3,115.0,RES,False
MTR-02315,FDR-035,SUB-12,REG-INLAND,18.3,115.0,RES,False
MTR-02316,FDR-035,SUB-12,REG-INLAND,18.3,115.0,COM,False
MTR-02317,FDR-035,SUB-12,REG-INLAND,18.3,115.0,RES,False
MTR-02318,FDR-035,SUB-12,REG-INLAND,18.3,115.0,IND,False
MTR-02319,FDR-035,SUB-12,REG-INLAND,18.3,115.0,COM,False
MTR-02320,FDR-035,SUB-12,REG-INLAND,18.3,115.0,RES,False
MTR-02321,FDR-035,SUB-12,REG-INLAND,18.3,115.0,COM,False
MTR-02322,FDR-035,SUB-12,REG-INLAND,18.3,115.0,IND,False
MTR-02323,FDR-035,SUB-12,REG-INLAND,18.3,115.0,COM,False
MTR-02324,FDR-035,SUB-12,REG-INLAND,18.3,115.0,RES,False
MTR-02325,FDR-035,SUB-12,REG-INLAND,18.3,115.0,COM,False
MTR-02326,FDR-035,SUB-12,REG-INLAND,18.3,115.0,RES,False
MTR-02327,FDR-035,SUB-12,REG-INLAND,18.3,115.0,RES,False
MTR-02328,FDR-035,SUB-12,REG-INLAND,18.3,115.0,IND,False
MTR-02329,FDR-035,SUB-12,REG-INLAND,18.3,115.0,IND,False
MTR-02330,FDR-035,SUB-12,REG-INLAND,18.3,115.0,COM,False
MTR-02331,FDR-035,SUB-12,REG-INLAND,18.3,115.0,RES,False
MTR-02332,FDR-035,SUB-12,REG-INLAND,18.3,115.0,RES,False
MTR-02333,FDR-035,SUB-12,REG-INLAND,18.3,115.0,RES,False
MTR-02334,FDR-035,SUB-12,REG-INLAND,18.3,115.0,COM,False
MTR-02335,FDR-035,SUB-12,REG-INLAND,18.3,115.0,RES,False
MTR-02336,FDR-036,SUB-12,REG-INLAND,31.3,115.0,COM,False
MTR-02337,FDR-036,SUB-12,REG-INLAND,31.3,115.0,RES,False
MTR-02338,FDR-036,SUB-12,REG-INLAND,31.3,115.0,COM,False
MTR-02339,FDR-036,SUB-12,REG-INLAND,31.3,115.0,RES,False
MTR-02340,FDR-036,SUB-12,REG-INLAND,31.3,115.0,RES,False
MTR-02341,FDR-036,SUB-12,REG-INLAND,31.3,115.0,RES,False
MTR-02342,FDR-036,SUB-12,REG-INLAND,31.3,115.0,RES,False
MTR-02343,FDR-036,SUB-12,REG-INLAND,31.3,115.0,COM,False
MTR-02344,FDR-036,SUB-12,REG-INLAND,31.3,115.0,RES,False
MTR-02345,FDR-036,SUB-12,REG-INLAND,31.3,115.0,RES,False
MTR-02346,FDR-036,SUB-12,REG-INLAND,31.3,115.0,RES,False
MTR-02347,FDR-036,SUB-12,REG-INLAND,31.3,115.0,IND,False
MTR-02348,FDR-036,SUB-12,REG-INLAND,31.3,115.0,RES,False
MTR-02349,FDR-036,SUB-12,REG-INLAND,31.3,115.0,RES,False
MTR-02350,FDR-036,SUB-12,REG-INLAND,31.3,115.0,COM,False
MTR-02351,FDR-036,SUB-12,REG-INLAND,31.3,115.0,IND,False
MTR-02352,FDR-036,SUB-12,REG-INLAND,31.3,115.0,RES,False
MTR-02353,FDR-036,SUB-12,REG-INLAND,31.3,115.0,COM,False
MTR-02354,FDR-036,SUB-12,REG-INLAND,31.3,115.0,COM,False
MTR-02355,FDR-036,SUB-12,REG-INLAND,31.3,115.0,COM,False
MTR-02356,FDR-036,SUB-12,REG-INLAND,31.3,115.0,RES,False
MTR-02357,FDR-036,SUB-12,REG-INLAND,31.3,115.0,COM,False
MTR-02358,FDR-036,SUB-12,REG-INLAND,31.3,115.0,IND,False
MTR-02359,FDR-036,SUB-12,REG-INLAND,31.3,115.0,RES,False
MTR-02360,FDR-036,SUB-12,REG-INLAND,31.3,115.0,IND,False
MTR-02361,FDR-036,SUB-12,REG-INLAND,31.3,115.0,IND,False
MTR-02362,FDR-036,SUB-12,REG-INLAND,31.3,115.0,COM,False
MTR-02363,FDR-036,SUB-12,REG-INLAND,31.3,115.0,COM,False
MTR-02364,FDR-036,SUB-12,REG-INLAND,31.3,115.0,RES,False
MTR-02365,FDR-036,SUB-12,REG-INLAND,31.3,115.0,RES,False
MTR-02366,FDR-036,SUB-12,REG-INLAND,31.3,115.0,RES,False
MTR-02367,FDR-036,SUB-12,REG-INLAND,31.3,115.0,RES,False
MTR-02368,FDR-036,SUB-12,REG-INLAND,31.3,115.0,COM,False
MTR-02369,FDR-036,SUB-12,REG-INLAND,31.3,115.0,IND,False
MTR-02370,FDR-036,SUB-12,REG-INLAND,31.3,115.0,COM,False
MTR-02371,FDR-036,SUB-12,REG-INLAND,31.3,115.0,COM,False
MTR-02372,FDR-036,SUB-12,REG-INLAND,31.3,115.0,COM,False
MTR-02373,FDR-036,SUB-12,REG-INLAND,31.3,115.0,RES,False
MTR-02374,FDR-036,SUB-12,REG-INLAND,31.3,115.0,RES,False
MTR-02375,FDR-036,SUB-12,REG-INLAND,31.3,115.0,IND,False
MTR-02376,FDR-036,SUB-12,REG-INLAND,31.3,115.0,IND,False
MTR-02377,FDR-036,SUB-12,REG-INLAND,31.3,115.0,COM,False
MTR-02378,FDR-036,SUB-12,REG-INLAND,31.3,115.0,COM,False
MTR-02379,FDR-036,SUB-12,REG-INLAND,31.3,115.0,RES,False
MTR-02380,FDR-036,SUB-12,REG-INLAND,31.3,115.0,IND,False
MTR-02381,FDR-036,SUB-12,REG-INLAND,31.3,115.0,COM,False
MTR-02382,FDR-036,SUB-12,REG-INLAND,31.3,115.0,IND,False
MTR-02383,FDR-036,SUB-12,REG-INLAND,31.3,115.0,COM,False
MTR-02384,FDR-036,SUB-12,REG-INLAND,31.3,115.0,RES,False
MTR-02385,FDR-036,SUB-12,REG-INLAND,31.3,115.0,RES,False
MTR-02386,FDR-036,SUB-12,REG-INLAND,31.3,115.0,RES,False
MTR-02387,FDR-036,SUB-12,REG-INLAND,31.3,115.0,IND,False
MTR-02388,FDR-036,SUB-12,REG-INLAND,31.3,115.0,RES,False
MTR-02389,FDR-036,SUB-12,REG-INLAND,31.3,115.0,IND,False
MTR-02390,FDR-036,SUB-12,REG-INLAND,31.3,115.0,RES,False
MTR-02391,FDR-036,SUB-12,REG-INLAND,31.3,115.0,RES,False
MTR-02392,FDR-036,SUB-12,REG-INLAND,31.3,115.0,COM,False
MTR-02393,FDR-036,SUB-12,REG-INLAND,31.3,115.0,RES,False
MTR-02394,FDR-036,SUB-12,REG-INLAND,31.3,115.0,RES,False
MTR-02395,FDR-036,SUB-12,REG-INLAND,31.3,115.0,COM,False
MTR-02396,FDR-036,SUB-12,REG-INLAND,31.3,115.0,RES,False
MTR-02397,FDR-036,SUB-12,REG-INLAND,31.3,115.0,RES,False
MTR-02398,FDR-036,SUB-12,REG-INLAND,31.3,115.0,RES,False
MTR-02399,FDR-036,SUB-12,REG-INLAND,31.3,115.0,COM,False
MTR-02400,FDR-036,SUB-12,REG-INLAND,31.3,115.0,RES,False
